{
    "textures": {
        "glass": "items/potion/potion",
        "stopper": "items/potion/stopper",
        "fluid": "items/potion/fluid",
        "particle": "items/potion/potion"
    },
    "elements": [
        {
            "comment": "bottle body",
            "from": [ 0.5, -2.5, 0.5 ],
            "to": [ 15.5, 9.5, 15.5 ],
            "faces": {
                "up":    { "uv": [ 0, 0, 5, 5 ], "texture": "#glass" },
                "down":  { "uv": [ 0, 0, 5, 5 ], "texture": "#glass" },
                "east":  { "uv": [ 0, 5, 5, 9 ], "texture": "#glass" },
                "west":  { "uv": [ 0, 5, 5, 9 ], "texture": "#glass" },
                "north": { "uv": [ 0, 5, 5, 9 ], "texture": "#glass" },
                "south": { "uv": [ 0, 5, 5, 9 ], "texture": "#glass" }
            }
        },
        {
            "comment": "label",
            "from": [ 2.75, 2.75, 0.35000000000000053 ],
            "to": [ 13.25, 7.25, 2.0 ],
            "faces": {
                "north": { "uv": [ 5, 7, 8.5, 8.5 ], "texture": "#glass" }
            }
        },
        {
            "comment": "label",
            "from": [ 4.235, 4.235, 0.3200000000000003 ],
            "to": [ 11.75, 5.75, 2.0 ],
            "faces": {
                "north": { "uv": [ 5, 8.5, 7.5, 9 ], "texture": "#glass", "tintindex": 0 }
            }
        },
        {
            "comment": "bottle base",
            "from": [ 3.5, -4.0, 3.5 ],
            "to": [ 12.5, -2.5, 12.5 ],
            "faces": {
                "down":  { "uv": [ 5, 0, 8, 3 ], "texture": "#glass" },
                "east":  { "uv": [ 5, 0, 8, 0.5 ], "texture": "#glass" },
                "west":  { "uv": [ 5, 2.5, 8, 3 ], "texture": "#glass" },
                "north": { "uv": [ 5, 0, 8, 0.5 ], "texture": "#glass" },
                "south": { "uv": [ 5, 2.5, 8, 3 ], "texture": "#glass" }
            }
        },
        {
            "comment": "bottle neck base",
            "from": [ 3.5, 9.5, 3.5 ],
            "to": [ 12.5, 11.0, 12.5 ],
            "faces": {
                "up":    { "uv": [ 5, 0, 8, 3 ], "texture": "#glass" },
                "east":  { "uv": [ 5, 0, 8, 0.5 ], "texture": "#glass" },
                "west":  { "uv": [ 5, 2.5, 8, 3 ], "texture": "#glass" },
                "north": { "uv": [ 5, 0, 8, 0.5 ], "texture": "#glass" },
                "south": { "uv": [ 5, 2.5, 8, 3 ], "texture": "#glass" }
            }
        },
        {
            "comment": "neck",
            "from": [ 5.0, 11.0, 5.0 ],
            "to": [ 11.0, 20.0, 11.0 ],
            "faces": {
                "east":  { "uv": [ 5, 3, 7, 6 ], "texture": "#glass" },
                "west":  { "uv": [ 5, 3, 7, 6 ], "texture": "#glass" },
                "north": { "uv": [ 5, 3, 7, 6 ], "texture": "#glass" },
                "south": { "uv": [ 5, 3, 7, 6 ], "texture": "#glass" }
            }
        },
        {
            "comment": "lip",
            "from": [ 3.5, 20.0, 3.5 ],
            "to": [ 12.5, 23.0, 12.5 ],
            "faces": {
                "up":    { "uv": [ 5, 0, 8, 3 ], "texture": "#glass" },
                "down":  { "uv": [ 5, 0, 8, 3 ], "texture": "#glass" },
                "east":  { "uv": [ 5, 6, 8, 7 ], "texture": "#glass" },
                "west":  { "uv": [ 5, 6, 8, 7 ], "texture": "#glass" },
                "north": { "uv": [ 5, 6, 8, 7 ], "texture": "#glass" },
                "south": { "uv": [ 5, 6, 8, 7 ], "texture": "#glass" }
            }
        },
        {
            "comment": "stopper",
            "from": [ 5.0, 21.5, 5.0 ],
            "to": [ 11.0, 26.0, 11.0 ],
            "faces": {
                "up":    { "uv": [ 0, 0, 4, 4 ], "texture": "#stopper" },
                "down":  { "uv": [ 0, 0, 4, 4 ], "texture": "#stopper" },
                "east":  { "uv": [ 0, 0, 4, 2 ], "texture": "#stopper" },
                "west":  { "uv": [ 0, 0, 4, 2 ], "texture": "#stopper" },
                "north": { "uv": [ 0, 0, 4, 2 ], "texture": "#stopper" },
                "south": { "uv": [ 0, 0, 4, 2 ], "texture": "#stopper" }
            }
        },
        {
            "comment": "contents",
            "from": [ 1.25, -1.75, 1.25 ],
            "to": [ 14.75, 8.75, 14.75 ],
            "faces": {
                "up":    { "uv": [ 4, 4, 12, 12 ], "texture": "#fluid", "tintindex": 0 },
                "down":  { "uv": [ 4, 4, 12, 12 ], "texture": "#fluid", "tintindex": 0 },
                "east":  { "uv": [ 4, 5, 12, 11 ], "texture": "#fluid", "tintindex": 0 },
                "west":  { "uv": [ 4, 5, 12, 11 ], "texture": "#fluid", "tintindex": 0 },
                "north": { "uv": [ 4, 5, 12, 11 ], "texture": "#fluid", "tintindex": 0 },
                "south": { "uv": [ 4, 5, 12, 11 ], "texture": "#fluid", "tintindex": 0 }
            }
        }
    ]
}