{
    "textures": {
        "glass": "items/potion/potion",
        "lid": "items/potion/stopper_splash",
        "label": "items/powder/label/blank_label"
    },
    "elements": [
        {
            "comment": "jar body",
            "from": [ -3.25, -3.924999999999999, -3.25 ],
            "to": [ 19.25, 14.075, 19.25 ],
            "faces": {
                "up":    { "uv": [ 0, 0, 5, 5 ], "texture": "#glass" },
                "down":  { "uv": [ 0, 0, 5, 5 ], "texture": "#glass" },
                "east":  { "uv": [ 0, 5, 5, 9 ], "texture": "#glass" },
                "west":  { "uv": [ 0, 5, 5, 9 ], "texture": "#glass" },
                "north": { "uv": [ 0, 5, 5, 9 ], "texture": "#glass" },
                "south": { "uv": [ 0, 5, 5, 9 ], "texture": "#glass" }
            }
        },
        {
            "comment": "jar neck",
            "from": [ 1.25, 14.075, 1.25 ],
            "to": [ 14.75, 16.325, 14.75 ],
            "faces": {
                "up":    { "uv": [ 5, 0, 8, 3 ], "texture": "#glass" },
                "east":  { "uv": [ 5, 0, 8, 0.5 ], "texture": "#glass" },
                "west":  { "uv": [ 5, 2.5, 8, 3 ], "texture": "#glass" },
                "north": { "uv": [ 5, 0, 8, 0.5 ], "texture": "#glass" },
                "south": { "uv": [ 5, 2.5, 8, 3 ], "texture": "#glass" }
            }
        },
        {
            "comment": "contents",
            "from": [ -2.125, -2.799999999999999, -2.125 ],
            "to": [ 18.125, 12.95, 18.125 ],
            "faces": {
                "up":    { "uv": [ 4, 4, 12, 12 ], "texture": "#contents", "tintindex": 0 },
                "down":  { "uv": [ 4, 4, 12, 12 ], "texture": "#contents", "tintindex": 0 },
                "east":  { "uv": [ 4, 5, 12, 11 ], "texture": "#contents", "tintindex": 0 },
                "west":  { "uv": [ 4, 5, 12, 11 ], "texture": "#contents", "tintindex": 0 },
                "north": { "uv": [ 4, 5, 12, 11 ], "texture": "#contents", "tintindex": 0 },
                "south": { "uv": [ 4, 5, 12, 11 ], "texture": "#contents", "tintindex": 0 }
            }
        },
        {
            "comment": "lid",
            "from": [ -1.0, 16.325, -1.0 ],
            "to": [ 17.0, 19.7, 17.0 ],
            "faces": {
                "up":    { "uv": [ 4.0, 4.0, 12.0, 12.0 ], "texture": "#lid" },
                "down":  { "uv": [ 4.0, 4.0, 12.0, 12.0 ], "texture": "#lid" },
                "east":  { "uv": [ 4.0, 10.0, 12.0, 11.5 ], "texture": "#lid" },
                "west":  { "uv": [ 4.0, 10.0, 12.0, 11.5 ], "texture": "#lid" },
                "north": { "uv": [ 4.0, 10.0, 12.0, 11.5 ], "texture": "#lid" },
                "south": { "uv": [ 4.0, 10.0, 12.0, 11.5 ], "texture": "#lid" }
            }
        },
        {
            "comment": "label",
            "from": [ 2.375, 2.825000000000001, -3.4749999999999996 ],
            "to": [ 10.25, 10.7, -3.4749999999999996 ],
            "rotation": { "origin": [ 5.75, 6.200000000000001, -10.0 ], "axis": "z", "angle": -22.5 },
            "faces": {
                "north": { "uv": [ 0, 0, 16, 16 ], "texture": "#label" }
            }
        },
        {
            "comment": "label icon",
            "from": [ 2.375, 2.825000000000001, -3.700000000000001 ],
            "to": [ 10.25, 10.7, -3.700000000000001 ],
            "rotation": { "origin": [ 5.75, 6.200000000000001, -10.0 ], "axis": "z", "angle": -22.5 },
            "faces": {
                "north": { "uv": [ 0, 0, 16, 16 ], "texture": "#icon" }
            }
        }
    ]
}