{
    "ambientocclusion": false,
    "textures": {
        "particle": "items/powder/redstone",
        "top": "redstone/redstone_top",
        "side": "redstone/redstone_side"
    },
    "elements": [
        {
            "comment": "core",
            "from": [6, 0, 3],
            "to": [10, 3, 16],
            "faces": {
                "up": { "uv": [6, 3, 10, 16], "texture": "#top" },
                "east": {"uv": [0, 10.01, 13, 13], "texture": "#side"},
                "west": {"uv": [3, 10.01, 16, 13], "texture": "#side"},
                "south": {"uv": [6, 13.01, 10, 16], "texture": "#side"}
            }
        },
        {
            "comment": "extrawire",
            "from": [0, 0, 6],
            "to": [13, 3, 10],
            "faces": {
                "up": { "uv": [0, 6, 13, 10], "texture": "#top" },
                "north": {"uv": [3, 10.01, 16, 13], "texture": "#side"},
                "south": {"uv": [3, 10.01, 16, 13], "texture": "#side"},
                "east": {"uv": [6, 13.01, 10, 16], "texture": "#side"}
            }
        },
        
        {
            "comment": "corner",
            "from": [12.99, 0, 6],
            "to": [16, 3.01, 10],
            "faces": {
                "north": {"uv": [0, 4, 3, 7], "texture": "#side"},
                "south": {"uv": [13, 4, 16, 7], "texture": "#side"}
            }
        },
        {
            "comment": "upwire",
            "from": [13, 3, 6],
            "to": [16, 16, 10],
            "faces": {
                "west": {"uv": [6.01, 0, 9.99, 13], "texture": "#top"},
                "north": {"uv": [0, 10.01, 13, 13], "texture": "#side", "rotation": 90},
                "south": {"uv": [0, 13, 13, 10.01], "texture": "#side", "rotation": 90}
            }
        },
        {
            "comment": "wire top",
            "from": [12.99, 16, 6],
            "to": [16, 19, 10],
            "faces": {
                "north": {"uv": [0, 1, 2.99, 4], "texture": "#side"},
                "south": {"uv": [13.01, 1, 16, 4], "texture": "#side"},
                "west": {"uv": [6.01, 4, 9.99, 7], "texture": "#side"},
                "up": {"uv": [6.01, 6.99, 9.99, 4], "texture": "#side", "rotation": 90}
            }
        },
        {
            "comment": "corner",
            "from": [6, 0, 0],
            "to": [10, 3.01, 3.01],
            "faces": {
                "west": {"uv": [0, 4, 3, 7], "texture": "#side"},
                "east": {"uv": [13, 4, 16, 7], "texture": "#side"}
            }
        },
        {
            "comment": "upwire",
            "from": [6, 3, 0],
            "to": [10, 16, 3],
            "faces": {
                "south": {"uv": [6.01, 0, 9.99, 13], "texture": "#top"},
                "west": {"uv": [0, 10.01, 13, 13], "texture": "#side", "rotation": 90},
                "east": {"uv": [0, 13, 13, 10.01], "texture": "#side", "rotation": 90}
            }
        },
        {
            "comment": "wire top",
            "from": [6, 16, 0],
            "to": [10, 19, 3.01],
            "faces": {
                "west": {"uv": [0, 1, 2.99, 4], "texture": "#side"},
                "east": {"uv": [13.01, 1, 16, 4], "texture": "#side"},
                "south": {"uv": [6.01, 4, 9.99, 7], "texture": "#side"},
                "up": {"uv": [6.01, 6.99, 9.99, 4], "texture": "#side"}
            }
        },
        {
            "comment": "core sides",
            "from": [0, 0, 0],
            "to": [16, 3, 16],
            "faces": {
                "south": {"uv": [0, 7.01, 16, 10], "texture": "#side", "tintindex": 0},
                "east": {"uv": [0, 7.01, 16, 10], "texture": "#side", "tintindex": 0},
                "west": {"uv": [0, 7.01, 16, 10], "texture": "#side", "tintindex": 0}
            }
        },
        {
            "comment": "core top",
            "from": [6, 2.99, 6],
            "to": [10, 3.5, 10],
            "faces": {
                "up": { "uv": [6, 6, 10, 10], "texture": "#top" },
                "east": {"uv": [6, 0.1, 10, 1], "texture": "#side"},
                "west": {"uv": [6, 0.1, 10, 1], "texture": "#side"},
                "south": {"uv": [6, 0.1, 10, 1], "texture": "#side"},
                "north": {"uv": [6, 0.1, 10, 1], "texture": "#side"}
            }
        },
        {
            "comment": "core inside",
            "from": [7, 3.5, 7],
            "to": [9, 3, 9],
            "faces": {
                "up": { "uv": [7, 8.01, 9, 10], "texture": "#side", "tintindex": 0},
                "east": {"uv": [7, 0.1, 9, 1], "texture": "#side"},
                "west": {"uv": [7, 0.1, 9, 1], "texture": "#side"},
                "south": {"uv": [7, 0.1, 9, 1], "texture": "#side"},
                "north": {"uv": [7, 0.1, 9, 1], "texture": "#side"}
            }
        },
        {
            "comment": "core top",
            "from": [6, 6, 2.99],
            "to": [10, 10, 3.5],
            "faces": {
                "south": { "uv": [6, 6, 10, 10], "texture": "#top" },
                "east": {"uv": [6, 0.1, 10, 1], "texture": "#side", "rotation": 90},
                "west": {"uv": [6, 0.1, 10, 1], "texture": "#side", "rotation": 90},
                "down": {"uv": [6, 0.1, 10, 1], "texture": "#side"},
                "up": {"uv": [6, 0.1, 10, 1], "texture": "#side"}
            }
        },

        {
            "comment": "core inside",
            "from": [7, 7, 3.5],
            "to": [9, 9, 3],
            "faces": {
                "south": { "uv": [7, 8.01, 9, 10], "texture": "#side", "tintindex": 0},
                "east": {"uv": [7, 0.1, 9, 1], "texture": "#side", "rotation": 90},
                "west": {"uv": [7, 0.1, 9, 1], "texture": "#side", "rotation": 90},
                "down": {"uv": [7, 0.1, 9, 1], "texture": "#side"},
                "up": {"uv": [7, 0.1, 9, 1], "texture": "#side"}
            }
        },
        {
            "comment": "core top",
            "from": [12.5, 6, 6],
            "to": [13.01, 10, 10],
            "faces": {
                "west": { "uv": [6, 6, 10, 10], "texture": "#top" },
                "north": {"uv": [6, 0.1, 10, 1], "texture": "#side", "rotation": 90},
                "south": {"uv": [6, 0.1, 10, 1], "texture": "#side", "rotation": 90},
                "down": {"uv": [6, 0.1, 10, 1], "texture": "#side", "rotation": 90},
                "up": {"uv": [6, 0.1, 10, 1], "texture": "#side", "rotation": 90}
            }
        },

        {
            "comment": "core inside",
            "from": [13, 7, 7],
            "to": [12.5, 9, 9],
            "faces": {
                "west": { "uv": [7, 8.01, 9, 10], "texture": "#side", "tintindex": 0},
                "north": {"uv": [7, 0.1, 9, 1], "texture": "#side", "rotation": 90},
                "south": {"uv": [7, 0.1, 9, 1], "texture": "#side", "rotation": 90},
                "down": {"uv": [7, 0.1, 9, 1], "texture": "#side", "rotation": 90},
                "up": {"uv": [7, 0.1, 9, 1], "texture": "#side", "rotation": 90}
            }
        }
    ]
}
