{
    "ambientocclusion": false,
    "textures": {
        "particle": "items/powder/redstone",
        "top": "redstone/redstone_top",
        "side": "redstone/redstone_side"
    },
    "elements": [
        {
            "comment": "core",
            "from": [6, 0, 0],
            "to": [10, 3, 10],
            "faces": {
                "up": { "uv": [6, 0, 10, 10], "texture": "#top" },
                "east": {"uv": [6, 13.01, 16, 16], "texture": "#side"},
                "west": {"uv": [0, 13.01, 10, 16], "texture": "#side"},
                "south": {"uv": [6, 13.01, 10, 16], "texture": "#side"},
                "north": {"uv": [6, 13.01, 10, 16], "texture": "#side"}
            }
        },
        {
            "comment": "core sides",
            "from": [6, 0, 0],
            "to": [10, 3, 10],
            "faces": {
                "east": {"uv": [6, 7.01, 16, 10], "texture": "#side", "tintindex": 0},
                "west": {"uv": [0, 7.01, 10, 10], "texture": "#side", "tintindex": 0},
                "south": {"uv": [6, 7.01, 10, 10], "texture": "#side", "tintindex": 0},
                "north": {"uv": [6, 7.01, 10, 10], "texture": "#side", "tintindex": 0}
            }
        },
        {
            "comment": "core top",
            "from": [6, 2.99, 6],
            "to": [10, 3.5, 10],
            "faces": {
                "up": { "uv": [6, 6, 10, 10], "texture": "#top" },
                "east": {"uv": [6, 0.1, 10, 1], "texture": "#side"},
                "west": {"uv": [6, 0.1, 10, 1], "texture": "#side"},
                "south": {"uv": [6, 0.1, 10, 1], "texture": "#side"},
                "north": {"uv": [6, 0.1, 10, 1], "texture": "#side"}
            }
        },
        {
            "comment": "core inside",
            "from": [7, 3.5, 7],
            "to": [9, 3, 9],
            "faces": {
                "up": { "uv": [7, 8.01, 9, 10], "texture": "#side", "tintindex": 0},
                "east": {"uv": [7, 0.1, 9, 1], "texture": "#side"},
                "west": {"uv": [7, 0.1, 9, 1], "texture": "#side"},
                "south": {"uv": [7, 0.1, 9, 1], "texture": "#side"},
                "north": {"uv": [7, 0.1, 9, 1], "texture": "#side"}
            }
        }
    ]
}
