{
    "elements": [
        {
            "comment": "base",
            "from": [ -4.0, 5.0, 2.0 ],
            "to": [ 20.0, 5.75, 14.0 ],
            "faces": {
                "down":  { "uv": [ 0.0, 4.0, 16.0, 12.0 ], "texture": "metal" },
                "east":  { "uv": [ 4, 0, 12, 1 ], "texture": "metal" },
                "west":  { "uv": [ 4, 0, 12, 1 ], "texture": "metal" },
                "north": { "uv": [ 4, 0, 12, 1 ], "texture": "metal" },
                "south": { "uv": [ 4, 0, 12, 1 ], "texture": "metal" }
            }
        },
        {
            "comment": "top",
            "from": [ -4.0, 11.75, 4.1746212499999995 ],
            "to": [ 20.0, 11.0, 11.825378749999999 ],
            "faces": {
                "up":    { "uv": [ 0.0, 5.4497475, 16.0, 10.5502525 ], "texture": "metal" }
            }
        },
        {
            "comment": "end plates",
            "from": [ -4.0, 5.75, 4.1746212499999995 ],
            "to": [ 20.0, 11.0, 11.825378749999999 ],
            "faces": {
                "east":  { "uv": [ 5.4497475, 0.0, 10.5502525, 3.5 ], "texture": "metal" },
                "west":  { "uv": [ 5.4497475, 0.0, 10.5502525, 3.5 ], "texture": "metal" }
            }
        },
        {
            "comment": "north interior",
            "from": [ -3.9849999999999994, 5.75, 2.0 ],
            "to": [ 19.985, 11.43255905, 3.5 ],
            "rotation": { "origin": [ -4.0, 5.75, 2.0 ], "axis": "x", "angle": 22.5 },
            "faces": {
                "east":  { "uv": [ 4.0, 0.0, 5.0, 3.7883727 ], "texture": "metal" },
                "west":  { "uv": [ 4.0, 0.0, 5.0, 3.7883727 ], "texture": "metal" },
                "north": { "uv": [ 0.01, 0.0, 15.99, 3.7883727 ], "texture": "metal" }
            }
        },
        {
            "comment": "north interior",
            "from": [ -3.9700000000000006, 5.75, 3.5749999999999993 ],
            "to": [ 19.97, 11.43255905, 5.0 ],
            "rotation": { "origin": [ -4.0, 5.75, 3.5 ], "axis": "x", "angle": 22.5 },
            "faces": {
                "east":  { "uv": [ 5.05, 0.0, 6.0, 3.7883727 ], "texture": "metal" },
                "west":  { "uv": [ 5.05, 0.0, 6.0, 3.7883727 ], "texture": "metal" }
            }
        },
        {
            "comment": "south interior",
            "from": [ -3.9849999999999994, 5.75, 12.5 ],
            "to": [ 19.985, 11.43255905, 14.0 ],
            "rotation": { "origin": [ -4.0, 5.75, 14.0 ], "axis": "x", "angle": -22.5 },
            "faces": {
                "east":  { "uv": [ 11.0, 0.0, 12.0, 3.7883727 ], "texture": "metal" },
                "west":  { "uv": [ 11.0, 0.0, 12.0, 3.7883727 ], "texture": "metal" },
                "south": { "uv": [ 0.01, 0.0, 15.99, 3.7883727 ], "texture": "metal" }
            }
        },
        {
            "comment": "south interior",
            "from": [ -3.9700000000000006, 5.75, 11.0 ],
            "to": [ 19.97, 11.43255905, 12.5 ],
            "rotation": { "origin": [ -4.0, 5.75, 12.5 ], "axis": "x", "angle": -22.5 },
            "faces": {
                "east":  { "uv": [ 10.0, 0.0, 11.0, 3.7883727 ], "texture": "metal" },
                "west":  { "uv": [ 10.0, 0.0, 11.0, 3.7883727 ], "texture": "metal" }
            }
        }
    ]
}