{
	"elements": [

	{
            "comment": "grid border",
            "from": [3, 17, 3],
            "to": [13, 17.5, 13],
            "faces": {
                "east": { "uv": [3, 3, 4, 13], "texture": "#grid", "cullface": "up" },
                "west": { "uv": [12, 3, 13, 13], "texture": "#grid", "cullface": "up" }
            }
        },
            
        {
            "comment": "outer northern long grid bar",
            "from": [3, 17, 3],
            "to": [13, 17.5, 4],
            "faces": {
                "up":    { "uv": [3, 3, 13, 4], "texture": "#grid", "cullface": "up" },
                "north": { "uv": [3, 3, 13, 4], "texture": "#grid", "cullface": "up" },
                "south": { "uv": [3, 3, 13, 4], "texture": "#grid", "cullface": "up" }
            }
        },
        
        {
            "comment": "inner northern long grid bar",
            "from": [3, 17, 6],
            "to": [13, 17.5, 7],
            "faces": {
                "up":    { "uv": [3, 6, 13, 7], "texture": "#grid", "cullface": "up" },
                "north": { "uv": [3, 6, 13, 7], "texture": "#grid", "cullface": "up" },
                "south": { "uv": [3, 6, 13, 7], "texture": "#grid", "cullface": "up" }
            }
        },
        
        {
            "comment": "inner southern long grid bar",
            "from": [3, 17, 9],
            "to": [13, 17.5, 10],
            "faces": {
                "up":    { "uv": [3, 9, 13, 10], "texture": "#grid", "cullface": "up" },
                "north": { "uv": [3, 9, 13, 10], "texture": "#grid", "cullface": "up" },
                "south": { "uv": [3, 9, 13, 10], "texture": "#grid", "cullface": "up" }
            }
        },
        
        {
            "comment": "outer southern long grid bar",
            "from": [3, 17, 12],
            "to": [13, 17.5, 13],
            "faces": {
                "up":    { "uv": [3, 12, 13, 13], "texture": "#grid", "cullface": "up" },
                "north": { "uv": [3, 12, 13, 13], "texture": "#grid", "cullface": "up" },
                "south": { "uv": [3, 12, 13, 13], "texture": "#grid", "cullface": "up" }
            }
        },
        
        {
            "comment": "outer north-western short grid bar",
            "from": [3, 17, 4],
            "to": [4, 17.5, 6],
            "faces": {
                "up":    { "uv": [3, 4, 4, 6], "texture": "#grid", "cullface": "up" },
                "east":  { "uv": [3, 4, 4, 6], "texture": "#grid", "cullface": "up" }
            }
        },
        
        {
            "comment": "inner north-western short grid bar",
            "from": [6, 17, 4],
            "to": [7, 17.5, 6],
            "faces": {
                "up":    { "uv": [6, 4, 7, 6], "texture": "#grid", "cullface": "up" },
                "west":  { "uv": [6, 4, 7, 6], "texture": "#grid", "cullface": "up" },
                "east":  { "uv": [6, 4, 7, 6], "texture": "#grid", "cullface": "up" }
            }
        },
        
        {
            "comment": "inner north-eastern short grid bar",
            "from": [9, 17, 4],
            "to": [10, 17.5, 6],
            "faces": {
                "up":    { "uv": [9, 4, 10, 6], "texture": "#grid", "cullface": "up" },
                "west":  { "uv": [9, 4, 10, 6], "texture": "#grid", "cullface": "up" },
                "east":  { "uv": [9, 4, 10, 6], "texture": "#grid", "cullface": "up" }
            }
        },
        
        {
            "comment": "outer north-eastern short grid bar",
            "from": [12, 17, 4],
            "to": [13, 17.5, 6],
            "faces": {
                "up":    { "uv": [12, 4, 13, 6], "texture": "#grid", "cullface": "up" },
                "west":  { "uv": [12, 4, 13, 6], "texture": "#grid", "cullface": "up" }
            }
        },
        
        {
            "comment": "outer western short grid bar",
            "from": [3, 17, 7],
            "to": [4, 17.5, 9],
            "faces": {
                "up":    { "uv": [3, 7, 4, 9], "texture": "#grid", "cullface": "up" },
                "east":  { "uv": [3, 7, 4, 9], "texture": "#grid", "cullface": "up" }
            }
        },
        
        {
            "comment": "inner western short grid bar",
            "from": [6, 17, 7],
            "to": [7, 17.5, 9],
            "faces": {
                "up":    { "uv": [6, 7, 7, 9], "texture": "#grid", "cullface": "up" },
                "west":  { "uv": [6, 7, 7, 9], "texture": "#grid", "cullface": "up" },
                "east":  { "uv": [6, 7, 7, 9], "texture": "#grid", "cullface": "up" }
            }
        },
        
        {
            "comment": "inner eastern short grid bar",
            "from": [9, 17, 7],
            "to": [10, 17.5, 9],
            "faces": {
                "up":    { "uv": [9, 7, 10, 9], "texture": "#grid", "cullface": "up" },
                "west":  { "uv": [9, 7, 10, 9], "texture": "#grid", "cullface": "up" },
                "east":  { "uv": [9, 7, 10, 9], "texture": "#grid", "cullface": "up" }
            }
        },
        
        {
            "comment": "outer eastern short grid bar",
            "from": [12, 17, 7],
            "to": [13, 17.5, 9],
            "faces": {
                "up":    { "uv": [12, 7, 13, 9], "texture": "#grid", "cullface": "up" },
                "west":  { "uv": [12, 7, 13, 9], "texture": "#grid", "cullface": "up" }
            }
        },
        
        {
            "comment": "outer south-western short grid bar",
            "from": [3, 17, 10],
            "to": [4, 17.5, 12],
            "faces": {
                "up":    { "uv": [3, 10, 4, 12], "texture": "#grid", "cullface": "up" },
                "east":  { "uv": [3, 10, 4, 12], "texture": "#grid", "cullface": "up" }
            }
        },
        
        {
            "comment": "inner south-western short grid bar",
            "from": [6, 17, 10],
            "to": [7, 17.5, 12],
            "faces": {
                "up":    { "uv": [6, 10, 7, 12], "texture": "#grid", "cullface": "up" },
                "west":  { "uv": [6, 10, 7, 12], "texture": "#grid", "cullface": "up" },
                "east":  { "uv": [6, 10, 7, 12], "texture": "#grid", "cullface": "up" }
            }
        },
        
        {
            "comment": "inner south-eastern short grid bar",
            "from": [9, 17, 10],
            "to": [10, 17.5, 12],
            "faces": {
                "up":    { "uv": [9, 10, 10, 12], "texture": "#grid", "cullface": "up" },
                "west":  { "uv": [9, 10, 10, 12], "texture": "#grid", "cullface": "up" },
                "east":  { "uv": [9, 10, 10, 12], "texture": "#grid", "cullface": "up" }
            }
        },
        
        {
            "comment": "outer south-eastern short grid bar",
            "from": [12, 17, 10],
            "to": [13, 17.5, 12],
            "faces": {
                "up":    { "uv": [12, 10, 13, 12], "texture": "#grid", "cullface": "up" },
                "west":  { "uv": [12, 10, 13, 12], "texture": "#grid", "cullface": "up" }
            }
        }

	]
}