{
    
    "textures": {
        "particle": "blocks/crafting_table/front",
        "down": "blocks/crafting_table/bottom",
        "up": "blocks/crafting_table/top",
        "north": "blocks/crafting_table/front",
        "east": "blocks/crafting_table/side",
        "south": "blocks/crafting_table/side",
        "west": "blocks/crafting_table/front",
        "hammer": "blocks/crafting_table/front",
        "tongs": "blocks/crafting_table/side"
    },
    "elements": [
        
        {   
            "comment": "main cube",
            "from": [ 0, 0, 0 ],
            "to": [ 16, 16, 16 ],
            "faces": {
                "down":  { "texture": "#down", "cullface": "down" },
                "up":    { "texture": "#up", "cullface": "up" },
                "north": { "texture": "#north", "cullface": "north" },
                "south": { "texture": "#south", "cullface": "south" },
                "west":  { "texture": "#west", "cullface": "west" },
                "east":  { "texture": "#east", "cullface": "east" }
            }
        },
        
        {
            "comment": "grid border",
            "from": [3, 16, 3],
            "to": [13, 16.5, 13],
            "faces": {
                "east": { "uv": [3, 3, 4, 13], "texture": "#up", "cullface": "up" },
                "west": { "uv": [12, 3, 13, 13], "texture": "#up", "cullface": "up" }
            }
        },
         
        {
            "comment": "grid base",
            "from": [4, 16, 4],
            "to": [12, 16.25, 12],
            "faces": {
                "up": { "uv": [4, 4, 12, 12], "texture": "#up", "cullface": "up" }
            }
        },
            
        {
            "comment": "outer northern long grid bar",
            "from": [3, 16, 3],
            "to": [13, 16.5, 4],
            "faces": {
                "up":    { "uv": [3, 3, 13, 4], "texture": "#up", "cullface": "up" },
                "north": { "uv": [3, 3, 13, 4], "texture": "#up", "cullface": "up" },
                "south": { "uv": [3, 3, 13, 4], "texture": "#up", "cullface": "up" }
            }
        },
        
        {
            "comment": "inner northern long grid bar",
            "from": [3, 16, 6],
            "to": [13, 16.5, 7],
            "faces": {
                "up":    { "uv": [3, 6, 13, 7], "texture": "#up", "cullface": "up" },
                "north": { "uv": [3, 6, 13, 7], "texture": "#up", "cullface": "up" },
                "south": { "uv": [3, 6, 13, 7], "texture": "#up", "cullface": "up" }
            }
        },
        
        {
            "comment": "inner southern long grid bar",
            "from": [3, 16, 9],
            "to": [13, 16.5, 10],
            "faces": {
                "up":    { "uv": [3, 9, 13, 10], "texture": "#up", "cullface": "up" },
                "north": { "uv": [3, 9, 13, 10], "texture": "#up", "cullface": "up" },
                "south": { "uv": [3, 9, 13, 10], "texture": "#up", "cullface": "up" }
            }
        },
        
        {
            "comment": "outer southern long grid bar",
            "from": [3, 16, 12],
            "to": [13, 16.5, 13],
            "faces": {
                "up":    { "uv": [3, 12, 13, 13], "texture": "#up", "cullface": "up" },
                "north": { "uv": [3, 12, 13, 13], "texture": "#up", "cullface": "up" },
                "south": { "uv": [3, 12, 13, 13], "texture": "#up", "cullface": "up" }
            }
        },
        
        {
            "comment": "outer north-western short grid bar",
            "from": [3, 16, 4],
            "to": [4, 16.5, 6],
            "faces": {
                "up":    { "uv": [3, 4, 4, 6], "texture": "#up", "cullface": "up" },
                "east":  { "uv": [3, 4, 4, 6], "texture": "#up", "cullface": "up" }
            }
        },
        
        {
            "comment": "inner north-western short grid bar",
            "from": [6, 16, 4],
            "to": [7, 16.5, 6],
            "faces": {
                "up":    { "uv": [6, 4, 7, 6], "texture": "#up", "cullface": "up" },
                "west":  { "uv": [6, 4, 7, 6], "texture": "#up", "cullface": "up" },
                "east":  { "uv": [6, 4, 7, 6], "texture": "#up", "cullface": "up" }
            }
        },
        
        {
            "comment": "inner north-eastern short grid bar",
            "from": [9, 16, 4],
            "to": [10, 16.5, 6],
            "faces": {
                "up":    { "uv": [9, 4, 10, 6], "texture": "#up", "cullface": "up" },
                "west":  { "uv": [9, 4, 10, 6], "texture": "#up", "cullface": "up" },
                "east":  { "uv": [9, 4, 10, 6], "texture": "#up", "cullface": "up" }
            }
        },
        
        {
            "comment": "outer north-eastern short grid bar",
            "from": [12, 16, 4],
            "to": [13, 16.5, 6],
            "faces": {
                "up":    { "uv": [12, 4, 13, 6], "texture": "#up", "cullface": "up" },
                "west":  { "uv": [12, 4, 13, 6], "texture": "#up", "cullface": "up" }
            }
        },
        
        {
            "comment": "outer western short grid bar",
            "from": [3, 16, 7],
            "to": [4, 16.5, 9],
            "faces": {
                "up":    { "uv": [3, 7, 4, 9], "texture": "#up", "cullface": "up" },
                "east":  { "uv": [3, 7, 4, 9], "texture": "#up", "cullface": "up" }
            }
        },
        
        {
            "comment": "inner western short grid bar",
            "from": [6, 16, 7],
            "to": [7, 16.5, 9],
            "faces": {
                "up":    { "uv": [6, 7, 7, 9], "texture": "#up", "cullface": "up" },
                "west":  { "uv": [6, 7, 7, 9], "texture": "#up", "cullface": "up" },
                "east":  { "uv": [6, 7, 7, 9], "texture": "#up", "cullface": "up" }
            }
        },
        
        {
            "comment": "inner eastern short grid bar",
            "from": [9, 16, 7],
            "to": [10, 16.5, 9],
            "faces": {
                "up":    { "uv": [9, 7, 10, 9], "texture": "#up", "cullface": "up" },
                "west":  { "uv": [9, 7, 10, 9], "texture": "#up", "cullface": "up" },
                "east":  { "uv": [9, 7, 10, 9], "texture": "#up", "cullface": "up" }
            }
        },
        
        {
            "comment": "outer eastern short grid bar",
            "from": [12, 16, 7],
            "to": [13, 16.5, 9],
            "faces": {
                "up":    { "uv": [12, 7, 13, 9], "texture": "#up", "cullface": "up" },
                "west":  { "uv": [12, 7, 13, 9], "texture": "#up", "cullface": "up" }
            }
        },
        
        {
            "comment": "outer south-western short grid bar",
            "from": [3, 16, 10],
            "to": [4, 16.5, 12],
            "faces": {
                "up":    { "uv": [3, 10, 4, 12], "texture": "#up", "cullface": "up" },
                "east":  { "uv": [3, 10, 4, 12], "texture": "#up", "cullface": "up" }
            }
        },
        
        {
            "comment": "inner south-western short grid bar",
            "from": [6, 16, 10],
            "to": [7, 16.5, 12],
            "faces": {
                "up":    { "uv": [6, 10, 7, 12], "texture": "#up", "cullface": "up" },
                "west":  { "uv": [6, 10, 7, 12], "texture": "#up", "cullface": "up" },
                "east":  { "uv": [6, 10, 7, 12], "texture": "#up", "cullface": "up" }
            }
        },
        
        {
            "comment": "inner south-eastern short grid bar",
            "from": [9, 16, 10],
            "to": [10, 16.5, 12],
            "faces": {
                "up":    { "uv": [9, 10, 10, 12], "texture": "#up", "cullface": "up" },
                "west":  { "uv": [9, 10, 10, 12], "texture": "#up", "cullface": "up" },
                "east":  { "uv": [9, 10, 10, 12], "texture": "#up", "cullface": "up" }
            }
        },
        
        {
            "comment": "outer south-eastern short grid bar",
            "from": [12, 16, 10],
            "to": [13, 16.5, 12],
            "faces": {
                "up":    { "uv": [12, 10, 13, 12], "texture": "#up", "cullface": "up" },
                "west":  { "uv": [12, 10, 13, 12], "texture": "#up", "cullface": "up" }
            }
        },
        
        {
        	"comment": "hammer handle",
        	"from": [4.5, 16.5, 8.5],
            "to": [5.5, 17.5, 12.5],
            "rotation": { "origin": [8, 16, 8], "axis": "y", "angle": -45 },
            "faces": {
                "down":  { "uv": [3, 5, 4, 9], "texture": "#hammer", "cullface": "up" },
                "up":    { "uv": [3, 5, 4, 9], "texture": "#hammer", "cullface": "up" },
                "south": { "uv": [3, 5, 4, 6], "texture": "#hammer", "cullface": "up" },
                "west":  { "uv": [3, 5, 4, 9], "texture": "#hammer", "cullface": "up" },
                "east":  { "uv": [3, 5, 4, 9], "texture": "#hammer", "cullface": "up" }
            }
        },
        
        {
        	"comment": "hammer pick",
        	"from": [4.5, 16.5, 7.5],
            "to": [6.5, 17.5, 8.5],
            "rotation": { "origin": [8, 16, 8], "axis": "y", "angle": -45 },
            "faces": {
                "down":  { "uv": [2, 9, 4, 10], "texture": "#hammer", "cullface": "up" },
                "up":    { "uv": [2, 9, 4, 10], "texture": "#hammer", "cullface": "up" },
                "north": { "uv": [2, 9, 4, 10], "texture": "#hammer", "cullface": "up" },
                "south": { "uv": [2, 9, 4, 10], "texture": "#hammer", "cullface": "up" },
                "east":  { "uv": [3, 9, 4, 10], "texture": "#hammer", "cullface": "up" }
                
            }
        },
        
        {
        	"comment": "hammer head",
        	"from": [3.5, 16.5, 6.5],
            "to": [4.5, 17.5, 9.5],
            "rotation": { "origin": [8, 16, 8], "axis": "y", "angle": -45 },
            "faces": {
                "down":  { "uv": [4, 8, 5, 11], "texture": "#hammer", "cullface": "up" },
                "up":    { "uv": [4, 8, 5, 11], "texture": "#hammer", "cullface": "up" },
                "north": { "uv": [4, 8, 5, 9], "texture": "#hammer", "cullface": "up" },
                "south": { "uv": [4, 10, 5, 11], "texture": "#hammer", "cullface": "up" },
                "west":  { "uv": [4, 8, 5, 11], "texture": "#hammer", "cullface": "up" },
                "east":  { "uv": [4, 8, 5, 11], "texture": "#hammer", "cullface": "up" }
                
            }
        },
        
        {
            "comment": "eastern tongs handle",
            "from": [12, 16.5, 3],
            "to": [13, 17.5, 5],
            "rotation": { "origin": [11.5, 16, 5.5], "axis": "y", "angle": 22.5},
            "faces": {
                "down":  { "uv": [5, 5, 6, 7], "texture": "#tongs", "cullface": "up" },
                "up":    { "uv": [5, 5, 6, 7], "texture": "#tongs", "cullface": "up" },
                "north": { "uv": [5, 5, 6, 6], "texture": "#tongs", "cullface": "up" },
                "south": { "uv": [5, 6, 6, 7], "texture": "#tongs", "cullface": "up" },
                "west":  { "uv": [5, 5, 6, 7], "texture": "#tongs", "cullface": "up", "rotation": 270 },
                "east":  { "uv": [5, 5, 6, 7], "texture": "#tongs", "cullface": "up", "rotation": 90 }
            }
        },
        
        {
            "comment": "western tongs handle",
            "from": [10, 16.5, 3],
            "to": [11, 17.5, 5],
            "rotation": { "origin": [11.5, 16, 5.5], "axis": "y", "angle": 22.5},
            "faces": {
                "down":  { "uv": [3, 5, 4, 7], "texture": "#tongs", "cullface": "up" },
                "up":    { "uv": [3, 5, 4, 7], "texture": "#tongs", "cullface": "up" },
                "north": { "uv": [3, 5, 4, 6], "texture": "#tongs", "cullface": "up" },
                "south": { "uv": [3, 6, 4, 7], "texture": "#tongs", "cullface": "up" },
                "west":  { "uv": [3, 5, 4, 7], "texture": "#tongs", "cullface": "up" },
                "east":  { "uv": [3, 5, 4, 7], "texture": "#tongs", "cullface": "up" }
            }
        },
        
        {
            "comment": "tongs fulcrum",
            "from": [11, 16.5, 5],
            "to": [12, 17.5, 6],
            "rotation": { "origin": [11.5, 16, 5.5], "axis": "y", "angle": 22.5},
            "faces": {
                "down":  { "uv": [4, 7, 5, 8], "texture": "#tongs", "cullface": "up" },
                "up":    { "uv": [4, 7, 5, 8], "texture": "#tongs", "cullface": "up" },
                "north": { "uv": [4, 7, 5, 8], "texture": "#tongs", "cullface": "up" },
                "south": { "uv": [4, 7, 5, 8], "texture": "#tongs", "cullface": "up" },
                "west":  { "uv": [4, 7, 5, 8], "texture": "#tongs", "cullface": "up", "rotation": 270 },
                "east":  { "uv": [4, 7, 5, 8], "texture": "#tongs", "cullface": "up", "rotation": 90 }
            }
        },
        
        {
            "comment": "eastern tongs tip",
            "from": [12, 16.5, 6],
            "to": [13, 17.5, 8],
            "rotation": { "origin": [11.5, 16, 5.5], "axis": "y", "angle": 22.5},
            "faces": {
                "down":  { "uv": [5, 8, 6, 10], "texture": "#tongs", "cullface": "up" },
                "up":    { "uv": [5, 8, 6, 10], "texture": "#tongs", "cullface": "up" },
                "north": { "uv": [5, 8, 6,  9], "texture": "#tongs", "cullface": "up" },
                "south": { "uv": [5, 9, 6, 10], "texture": "#tongs", "cullface": "up" },
                "west":  { "uv": [5, 8, 6, 10], "texture": "#tongs", "cullface": "up", "rotation": 270 },
                "east":  { "uv": [5, 8, 6, 10], "texture": "#tongs", "cullface": "up", "rotation": 90 }
            }
        },
        
        {
            "comment": "western tongs tip",
            "from": [10, 16.5, 6],
            "to": [11, 17.5, 8],
            "rotation": { "origin": [11.5, 16, 5.5], "axis": "y", "angle": 22.5},
            "faces": {
                "down":  { "uv": [3, 8, 4, 10], "texture": "#tongs", "cullface": "up" },
                "up":    { "uv": [3, 8, 4, 10], "texture": "#tongs", "cullface": "up" },
                "north": { "uv": [3, 8, 4,  9], "texture": "#tongs", "cullface": "up" },
                "south": { "uv": [3, 9, 4, 10], "texture": "#tongs", "cullface": "up" },
                "west":  { "uv": [3, 8, 4, 10], "texture": "#tongs", "cullface": "up", "rotation": 270 },
                "east":  { "uv": [3, 8, 4, 10], "texture": "#tongs", "cullface": "up", "rotation": 90 }
            }
        }
    ]
}
