{
    "textures": {
        "particle": "#meat"
    },
    "elements": [
        {
            "comment": "center bone",
            "from": [ 8.189, -0.5679999999999996, 4.787000000000001 ],
            "to": [ 10.331, 20.851999999999997, 11.213000000000001 ],
            "faces": {
                "north": { "uv": [ 0, 5, 0.5, 0 ], "texture": "#meat" },
                "south": { "uv": [ 0, 5, 0.5, 0 ], "texture": "#meat" },
                "east":  { "uv": [ 0, 5, 1.5, 0 ], "texture": "#meat" },
                "west":  { "uv": [ 0, 5, 1.5, 0 ], "texture": "#meat" },
                "up":    { "uv": [ 0, 5, 1.5, 4.5 ], "texture": "#meat" },
                "down":  { "uv": [ 0, 0.5, 1.5, 0 ], "texture": "#meat" }
            }
        },
        {
            "comment": "minor bone",
            "from": [ -2.520999999999999, 18.71, 5.001199999999999 ],
            "to": [ 8.189, 20.851999999999997, 10.998800000000001 ],
            "rotation": { "origin": [ 8.189, 18.71, -9.136 ], "axis": "z", "angle": -22.5 },
            "faces": {
                "north": { "uv": [ 0, 5, 0.5, 2.5 ], "texture": "#meat", "rotation": 270 },
                "south": { "uv": [ 0, 5, 0.5, 2.5 ], "texture": "#meat", "rotation": 270 },
                "up":    { "uv": [ 0, 5, 1.5, 2.5 ], "texture": "#meat", "rotation": 90 },
                "down":  { "uv": [ 0, 5, 1.5, 2.5 ], "texture": "#meat", "rotation": 90 },
                "east":  { "uv": [ 0, 5, 1.5, 4.5 ], "texture": "#meat" },
                "west":  { "uv": [ 0, 0.5, 1.5, 0 ], "texture": "#meat" }
            }
        },
        {
            "comment": "minor bone",
            "from": [ 10.331, 18.71, 5.001199999999999 ],
            "to": [ 16.756999999999998, 20.851999999999997, 10.998800000000001 ],
            "rotation": { "origin": [ 10.331, 18.71, -9.136 ], "axis": "z", "angle": 22.5 },
            "faces": {
                "north": { "uv": [ 0, 5, 0.5, 3.5 ], "texture": "#meat", "rotation": 270 },
                "south": { "uv": [ 0, 5, 0.5, 3.5 ], "texture": "#meat", "rotation": 270 },
                "up":    { "uv": [ 0, 5, 1.5, 3.5 ], "texture": "#meat", "rotation": 90 },
                "down":  { "uv": [ 0, 5, 1.5, 3.5 ], "texture": "#meat", "rotation": 90 },
                "east":  { "uv": [ 0, 5, 1.5, 4.5 ], "texture": "#meat" },
                "west":  { "uv": [ 0, 0.5, 1.5, 0 ], "texture": "#meat" }
            }
        },
        {
            "comment": "right upper chunk",
            "from": [ 8.189, 11.641399999999999, 5.8365800000000005 ],
            "to": [ 15.686, 18.0674, 10.163419999999999 ],
            "rotation": { "origin": [ 9.26, 18.0674, -9.136 ], "axis": "z", "angle": 22.5 },
            "faces": {
                "north": { "uv": [ 1.5, 0, 4, 2 ], "texture": "#meat" },
                "south": { "uv": [ 4, 0, 1.5, 2 ], "texture": "#meat" },
                "west":  { "uv": [ 1.5, 1, 4, 2 ], "texture": "#meat", "rotation": 90 },
                "east":  { "uv": [ 1.5, 1, 1.9, 2 ], "texture": "#meat" }
            }
        },
        {
            "comment": "right middle chunk",
            "from": [ 10.331, 3.9301999999999992, 5.8794200000000005 ],
            "to": [ 17.613800000000005, 14.6402, 10.12058 ],
            "faces": {
                "north": { "uv": [ 1.5, 2, 4, 5 ], "texture": "#meat" },
                "south": { "uv": [ 4, 5, 1.5, 2 ], "texture": "#meat" },
                "east":  { "uv": [ 1.5, 1, 1.9, 2 ], "texture": "#meat" }
            }
        },
        {
            "comment": "right lower chunk",
            "from": [ 9.26, 3.9301999999999992, 5.9008400000000005 ],
            "to": [ 17.613800000000005, 12.4982, 10.09916 ],
            "rotation": { "origin": [ 17.613800000000005, 3.9301999999999992, -9.136 ], "axis": "z", "angle": 22.5 },
            "faces": {
                "north": { "uv": [ 1.5, 5, 4.5, 8 ], "texture": "#meat" },
                "south": { "uv": [ 4.5, 5, 1.5, 8 ], "texture": "#meat" },
                "down":  { "uv": [ 4.5, 5, 1.5, 6 ], "texture": "#meat" }
            }
        },
        {
            "comment": "left upper chunk",
            "from": [ -1.450000000000001, 9.499399999999998, 5.8580000000000005 ],
            "to": [ 11.6162, 18.0674, 10.142 ],
            "rotation": { "origin": [ 9.26, 18.0674, -9.136 ], "axis": "z", "angle": -22.5 },
            "faces": {
                "north": { "uv": [ 4.5, 0, 8, 3 ], "texture": "#meat" },
                "south": { "uv": [ 4, 0, 1.5, 2 ], "texture": "#meat" },
                "west":  { "uv": [ 7.5, 0, 8, 3 ], "texture": "#meat" }
            }
        },
        {
            "comment": "left upper bottom",
            "from": [ -1.450000000000001, 9.499399999999998, 5.8580000000000005 ],
            "to": [ 1.763, 18.0674, 10.142 ],
            "rotation": { "origin": [ 9.26, 18.0674, -9.136 ], "axis": "z", "angle": -22.5 },
            "faces": {
                "down":  { "uv": [ 1.5, 1, 1.9, 2 ], "texture": "#meat" }
            }
        },
        {
            "comment": "left middle chunk",
            "from": [ -1.450000000000001, 1.3598000000000008, 5.8794200000000005 ],
            "to": [ 8.189, 14.2118, 10.12058 ],
            "faces": {
                "north": { "uv": [ 4.5, 3, 7.5, 6 ], "texture": "#meat" },
                "south": { "uv": [ 7.5, 3, 5.5, 6 ], "texture": "#meat" },
                "west":  { "uv": [ 1.5, 1, 1.9, 2 ], "texture": "#meat" }
            }
        },
        {
            "comment": "left bottom chunk",
            "from": [ -1.450000000000001, -11.492199999999997, 5.922260000000001 ],
            "to": [ 8.189, 1.3598000000000008, 10.077740000000002 ],
            "rotation": { "origin": [ -1.450000000000001, 1.3598000000000008, -9.136 ], "axis": "z", "angle": 45 },
            "faces": {
                "north": { "uv": [ 4.5, 7, 8, 11 ], "texture": "#meat" },
                "south": { "uv": [ 7.5, 3, 5.5, 6 ], "texture": "#meat" },
                "west":  { "uv": [ 1.5, 1, 1.9, 2 ], "texture": "#meat" },
                "east":  { "uv": [ 4.5, 7, 5.5, 11 ], "texture": "#meat" },
                "down":  { "uv": [ 8, 10, 4.5, 11 ], "texture": "#meat" }
            }
        }
    ]
}