{
    "textures": {
        "bread": "items/food/bread",
        "particle": "items/food/bread"
    },
    "elements": [
        {
            "comment": "main loaf",
            "from": [ -7.0, 1.0, 3.0 ],
            "to": [ 7.0, 11.0, 13.0 ],
            "faces": {
                "up":    { "uv": [ 8, 0, 1, 5 ], "texture": "#bread" },
                "down":  { "uv": [ 8, 9, 1, 14 ], "texture": "#bread" },
                "north": { "uv": [ 8, 0, 16, 4 ], "texture": "#bread" },
                "south": { "uv": [ 8, 0, 16, 4 ], "texture": "#bread" },
                "east":  { "uv": [ 0, 5, 5, 9 ], "texture": "#bread" },
                "west":  { "uv": [ 5, 5, 10, 9 ], "texture": "#bread" }
            }
        },
        {
            "comment": "slit",
            "from": [ -3.0, 11.0, 11.0 ],
            "to": [ -5.0, 10.0, 5.0 ],
            "faces": {
                "up":    { "uv": [ 0, 9, 1, 12 ], "texture": "#bread" },
                "east":  { "uv": [ 0, 9, 1, 12 ], "texture": "#bread", "rotation": 90 },
                "west":  { "uv": [ 0, 9, 1, 12 ], "texture": "#bread", "rotation": 90 },
                "north": { "uv": [ 0, 9, 1, 10 ], "texture": "#bread" },
                "south": { "uv": [ 0, 9, 1, 10 ], "texture": "#bread" }
            }
        },
        {
            "comment": "slit",
            "from": [ 3.0, 11.0, 11.0 ],
            "to": [ 1.0, 10.0, 5.0 ],
            "faces": {
                "up":    { "uv": [ 0, 9, 1, 12 ], "texture": "#bread" },
                "east":  { "uv": [ 0, 9, 1, 12 ], "texture": "#bread", "rotation": 90 },
                "west":  { "uv": [ 0, 9, 1, 12 ], "texture": "#bread", "rotation": 90 },
                "north": { "uv": [ 0, 9, 1, 10 ], "texture": "#bread" },
                "south": { "uv": [ 0, 9, 1, 10 ], "texture": "#bread" }
            }
        },
        {
            "comment": "slice",
            "from": [ 12.593793989399998, 1.0, 3.0 ],
            "to": [ 22.593793989399998, 3.0, 13.0 ],
            "faces": {
                "up":    { "uv": [ 0, 5, 5, 9 ], "texture": "#bread", "rotation": 90 },
                "down":  { "uv": [ 5, 5, 10, 9 ], "texture": "#bread", "rotation": 90 },
                "north": { "uv": [ 9, 5, 10, 9 ], "texture": "#bread", "rotation": 270 },
                "south": { "uv": [ 9, 5, 10, 9 ], "texture": "#bread", "rotation": 90 },
                "east":  { "uv": [ 5, 5, 10, 6 ], "texture": "#bread" },
                "west":  { "uv": [ 5, 8, 10, 9 ], "texture": "#bread" }
            }
        },
        {
            "comment": "slice",
            "from": [ 7.76536686, 1.0, 3.0 ],
            "to": [ 17.76536686, 3.0, 13.0 ],
            "rotation": { "origin": [ 7.76536686, 1.0, -8.0 ], "axis": "z", "angle": 22.5 },
            "faces": {
                "up":    { "uv": [ 0, 5, 5, 9 ], "texture": "#bread", "rotation": 90 },
                "down":  { "uv": [ 0, 5, 5, 9 ], "texture": "#bread", "rotation": 90 },
                "north": { "uv": [ 9, 5, 10, 9 ], "texture": "#bread", "rotation": 270 },
                "south": { "uv": [ 9, 5, 10, 9 ], "texture": "#bread", "rotation": 90 },
                "east":  { "uv": [ 5, 5, 10, 6 ], "texture": "#bread" },
                "west":  { "uv": [ 5, 8, 10, 9 ], "texture": "#bread" }
            }
        }
    ]
}