{
    "textures": {
        "particle": "#carrot"
    },
    "elements": [
        {
            "comment": "taproot",
            "from": [ 6.725, 1.2000000000000002, 6.725 ],
            "to": [ 9.275, 13.1, 9.275 ],
            "faces": {
                "up":    { "uv": [ 0.25, 0.25, 1.75, 1.75 ], "texture": "#carrot" },
                "down":  { "uv": [ 0.25, 9.25, 1.75, 10.75 ], "texture": "#carrot" },
                "north": { "uv": [ 0.25, 0, 1.75, 11 ], "texture": "#carrot" },
                "south": { "uv": [ 0.25, 0, 1.75, 11 ], "texture": "#carrot" },
                "east":  { "uv": [ 0.25, 0, 1.75, 11 ], "texture": "#carrot" },
                "west":  { "uv": [ 0.25, 0, 1.75, 11 ], "texture": "#carrot" }
            }
        },
        {
            "comment": "taproot",
            "from": [ 7.15, -5.6, 7.15 ],
            "to": [ 8.85, 1.2000000000000002, 8.85 ],
            "faces": {
                "down":  { "uv": [ 0.5, 9.5, 1.5, 10.5 ], "texture": "#carrot" },
                "north": { "uv": [ 0.5, 7, 1.5, 11 ], "texture": "#carrot" },
                "south": { "uv": [ 0.5, 7, 1.5, 11 ], "texture": "#carrot" },
                "east":  { "uv": [ 0.5, 7, 1.5, 11 ], "texture": "#carrot" },
                "west":  { "uv": [ 0.5, 7, 1.5, 11 ], "texture": "#carrot" }
            }
        },
        {
            "comment": "taproot",
            "from": [ 6.3, 6.3, 6.3 ],
            "to": [ 9.7, 11.4, 9.7 ],
            "faces": {
                "up":    { "uv": [ 0, 1, 2, 3 ], "texture": "#carrot" },
                "down":  { "uv": [ 0, 2, 2, 4 ], "texture": "#carrot" },
                "north": { "uv": [ 0, 1, 2, 4 ], "texture": "#carrot" },
                "south": { "uv": [ 0, 1, 2, 4 ], "texture": "#carrot" },
                "east":  { "uv": [ 0, 1, 2, 4 ], "texture": "#carrot" },
                "west":  { "uv": [ 0, 1, 2, 4 ], "texture": "#carrot" }
            }
        },
        {
            "comment": "leaf",
            "from": [ 7.9830000000000005, 13.1, 3.75 ],
            "to": [ 8.017, 26.7, 12.25 ],
            "rotation": { "origin": [ 8.0, 13.1, 8.0 ], "axis": "z", "angle": 22.5 },
            "faces": {
                "east":  { "uv": [ 2, 0, 7, 8 ], "texture": "#carrot" },
                "west":  { "uv": [ 7, 0, 2, 8 ], "texture": "#carrot" }
            }
        },
        {
            "comment": "leaf",
            "from": [ 7.9830000000000005, 13.1, 3.75 ],
            "to": [ 8.017, 26.7, 12.25 ],
            "rotation": { "origin": [ 8.0, 13.1, 8.0 ], "axis": "z", "angle": -22.5 },
            "faces": {
                "east":  { "uv": [ 2, 0, 7, 8 ], "texture": "#carrot" },
                "west":  { "uv": [ 7, 0, 2, 8 ], "texture": "#carrot" }
            }
        },
        {
            "comment": "leaf",
            "from": [ 3.75, 13.1, 7.9830000000000005 ],
            "to": [ 12.25, 26.7, 8.017 ],
            "rotation": { "origin": [ 8.0, 13.1, 8.0 ], "axis": "x", "angle": 22.5 },
            "faces": {
                "north": { "uv": [ 7, 0, 12, 8 ], "texture": "#carrot" },
                "south": { "uv": [ 12, 0, 7, 8 ], "texture": "#carrot" }
            }
        },
        {
            "comment": "leaf",
            "from": [ 3.75, 13.1, 7.9830000000000005 ],
            "to": [ 12.25, 26.7, 8.017 ],
            "rotation": { "origin": [ 8.0, 13.1, 8.0 ], "axis": "x", "angle": -22.5 },
            "faces": {
                "north": { "uv": [ 7, 0, 12, 8 ], "texture": "#carrot" },
                "south": { "uv": [ 12, 0, 7, 8 ], "texture": "#carrot" }
            }
        }
    ]
}