{
    "textures": {
        "particle": "#meat"
    },
    "elements": [
        {
            "comment": "main chunk",
            "from": [ 7.5, -4.0, 7.5 ],
            "to": [ 16.5, 5.0, 13.5 ],
            "faces": {
                "up":    { "uv": [ 6, 10, 10, 16 ], "texture": "#meat", "rotation": 90 },
                "down":  { "uv": [ 6, 10, 10, 16 ], "texture": "#meat", "rotation": 90 },
                "east":  { "uv": [ 6, 10, 10, 16 ], "texture": "#meat" },
                "west":  { "uv": [ 6, 10, 10, 16 ], "texture": "#meat" },
                "north": { "uv": [ 0, 10, 6, 16 ], "texture": "#meat" },
                "south": { "uv": [ 6, 10, 0, 16 ], "texture": "#meat" }
            }
        },
        {
            "comment": "bone holder",
            "from": [ 7.5, -1.0, 8.25 ],
            "to": [ 12.0, 6.5, 12.75 ],
            "rotation": { "origin": [ 7.5, -1.0, -1.5 ], "axis": "z", "angle": 22.5 },
            "faces": {
                "up":    { "uv": [ 3, 7, 6, 10 ], "texture": "#meat" },
                "east":  { "uv": [ 0, 5, 3, 10 ], "texture": "#meat" },
                "west":  { "uv": [ 0, 5, 3, 10 ], "texture": "#meat" },
                "north": { "uv": [ 0, 5, 3, 10 ], "texture": "#meat" },
                "south": { "uv": [ 0, 5, 3, 10 ], "texture": "#meat" }
            }
        },
        {
            "comment": "wrapper",
            "from": [ 5.25, 6.199999999999999, 9.0 ],
            "to": [ 8.25, 12.5, 12.0 ],
            "faces": {
                "up":    { "uv": [ 6, 6, 8, 8 ], "texture": "#meat" },
                "east":  { "uv": [ 6, 6, 8, 10 ], "texture": "#meat" },
                "west":  { "uv": [ 6, 6, 8, 10 ], "texture": "#meat" },
                "north": { "uv": [ 6, 6, 8, 10 ], "texture": "#meat" },
                "south": { "uv": [ 6, 6, 8, 10 ], "texture": "#meat" }
            }
        },
        {
            "comment": "bone",
            "from": [ 6.0, 8.0, 9.75 ],
            "to": [ 7.5, 21.5, 11.25 ],
            "faces": {
                "up":    { "uv": [ 11, 12, 15, 16 ], "texture": "#meat" },
                "east":  { "uv": [ 10, 7, 11, 16 ], "texture": "#meat" },
                "west":  { "uv": [ 10, 7, 11, 16 ], "texture": "#meat" },
                "north": { "uv": [ 10, 7, 11, 16 ], "texture": "#meat" },
                "south": { "uv": [ 10, 7, 11, 16 ], "texture": "#meat" }
            }
        },
        {
            "comment": "main chunk",
            "from": [ 0.4500000000000002, -4.000000000000001, -0.40000000000000036 ],
            "to": [ 8.55, 4.1, 5.0 ],
            "faces": {
                "up":    { "uv": [ 6, 10, 10, 16 ], "texture": "#meat", "rotation": 90 },
                "down":  { "uv": [ 6, 10, 10, 16 ], "texture": "#meat", "rotation": 90 },
                "east":  { "uv": [ 6, 10, 10, 16 ], "texture": "#meat" },
                "west":  { "uv": [ 6, 10, 10, 16 ], "texture": "#meat" },
                "north": { "uv": [ 0, 10, 6, 16 ], "texture": "#meat" },
                "south": { "uv": [ 6, 10, 0, 16 ], "texture": "#meat" }
            }
        },
        {
            "comment": "bone holder",
            "from": [ 0.4500000000000002, -1.2999999999999996, 0.27499999999999947 ],
            "to": [ 4.5, 5.45, 4.324999999999999 ],
            "rotation": { "origin": [ 0.4500000000000002, -1.2999999999999996, -8.5 ], "axis": "z", "angle": 22.5 },
            "faces": {
                "up":    { "uv": [ 3, 7, 6, 10 ], "texture": "#meat" },
                "east":  { "uv": [ 0, 5, 3, 10 ], "texture": "#meat" },
                "west":  { "uv": [ 0, 5, 3, 10 ], "texture": "#meat" },
                "north": { "uv": [ 0, 5, 3, 10 ], "texture": "#meat" },
                "south": { "uv": [ 0, 5, 3, 10 ], "texture": "#meat" }
            }
        },
        {
            "comment": "wrapper",
            "from": [ -1.5750000000000002, 5.179999999999999, 0.9500000000000002 ],
            "to": [ 1.125, 10.850000000000001, 3.6499999999999986 ],
            "faces": {
                "up":    { "uv": [ 6, 6, 8, 8 ], "texture": "#meat" },
                "east":  { "uv": [ 6, 6, 8, 10 ], "texture": "#meat" },
                "west":  { "uv": [ 6, 6, 8, 10 ], "texture": "#meat" },
                "north": { "uv": [ 6, 6, 8, 10 ], "texture": "#meat" },
                "south": { "uv": [ 6, 6, 8, 10 ], "texture": "#meat" }
            }
        },
        {
            "comment": "bone",
            "from": [ -0.9000000000000004, 6.8, 1.625 ],
            "to": [ 0.4500000000000002, 18.95, 2.9750000000000014 ],
            "faces": {
                "up":    { "uv": [ 11, 12, 15, 16 ], "texture": "#meat" },
                "east":  { "uv": [ 10, 7, 11, 16 ], "texture": "#meat" },
                "west":  { "uv": [ 10, 7, 11, 16 ], "texture": "#meat" },
                "north": { "uv": [ 10, 7, 11, 16 ], "texture": "#meat" },
                "south": { "uv": [ 10, 7, 11, 16 ], "texture": "#meat" }
            }
        }
    ]
}