{
    "elements": [
        {
            "comment": "haunch top",
            "from": [ 11.645000000000001, 14.075, 4.355 ],
            "to": [ 21.365000000000002, 21.365000000000002, 10.43 ],
            "faces": {
                "north": { "uv": [ 0, 0, 4, 3 ], "texture": "#rabbit" },
                "south": { "uv": [ 7.5, 0, 11.5, 3 ], "texture": "#rabbit" },
                "east":  { "uv": [ 4, 0, 6.5, 3 ], "texture": "#rabbit" },
                "west":  { "uv": [ 10, 0, 12.5, 3 ], "texture": "#rabbit" },
                "up":    { "uv": [ 0, 3, 4, 5.5 ], "texture": "#rabbit" },
                "down":  { "uv": [ 0, 3, 4, 5.5 ], "texture": "#rabbit" }
            }
        },
        {
            "comment": "haunch bottom",
            "from": [ 14.075, 6.785, 5.57 ],
            "to": [ 20.15, 14.075, 11.645000000000001 ],
            "faces": {
                "north": { "uv": [ 0, 5.5, 2.5, 8.5 ], "texture": "#rabbit" },
                "south": { "uv": [ 7.5, 0, 11.5, 3 ], "texture": "#rabbit" },
                "east":  { "uv": [ 0, 5.5, 2.5, 8.5 ], "texture": "#rabbit" },
                "west":  { "uv": [ 10, 0, 12.5, 3 ], "texture": "#rabbit" },
                "up":    { "uv": [ 0, 8.5, 2.5, 11 ], "texture": "#rabbit" },
                "down":  { "uv": [ 7.5, 0, 11.5, 3 ], "texture": "#rabbit" }
            }
        },
        {
            "comment": "meat chunk",
            "from": [ 11.0375, 12.86, 6.177499999999999 ],
            "to": [ 14.075, 15.290000000000003, 11.0375 ],
            "faces": {
                "north": { "uv": [ 7.5, 0, 9.5, 2 ], "texture": "#rabbit" },
                "south": { "uv": [ 7.5, 0, 9.5, 2 ], "texture": "#rabbit" },
                "west":  { "uv": [ 7.5, 0, 9.5, 2 ], "texture": "#rabbit" },
                "east":  { "uv": [ 7.5, 0, 9.5, 2 ], "texture": "#rabbit" },
                "up":    { "uv": [ 7.5, 0, 9.5, 2 ], "texture": "#rabbit" },
                "down":  { "uv": [ 7.5, 0, 9.5, 2 ], "texture": "#rabbit" }
            }
        },
        {
            "comment": "bone",
            "from": [ 16.505000000000003, -2.9350000000000005, 6.785 ],
            "to": [ 18.935, 6.785, 9.215 ],
            "faces": {
                "north": { "uv": [ 0, 11, 1, 15 ], "texture": "#rabbit" },
                "south": { "uv": [ 0, 11, 1, 15 ], "texture": "#rabbit" },
                "east":  { "uv": [ 0, 11, 1, 15 ], "texture": "#rabbit" },
                "west":  { "uv": [ 0, 11, 1, 15 ], "texture": "#rabbit" },
                "down":  { "uv": [ 0, 14, 1, 15 ], "texture": "#rabbit" }
            }
        },
        {
            "comment": "bone",
            "from": [ 12.252500000000001, 0.71, 8.0 ],
            "to": [ 14.682500000000001, 12.86, 10.43 ],
            "faces": {
                "north": { "uv": [ 0, 11, 1, 15 ], "texture": "#rabbit" },
                "south": { "uv": [ 0, 11, 1, 15 ], "texture": "#rabbit" },
                "east":  { "uv": [ 0, 11, 1, 15 ], "texture": "#rabbit" },
                "west":  { "uv": [ 0, 11, 1, 15 ], "texture": "#rabbit" },
                "down":  { "uv": [ 0, 14, 1, 15 ], "texture": "#rabbit" }
            }
        },
        {
            "comment": "rib top",
            "from": [ 3.1399999999999997, 13.4675, 4.9625 ],
            "to": [ 12.86, 20.7575, 7.3925 ],
            "faces": {
                "north": { "uv": [ 6, 4, 10, 7 ], "texture": "#rabbit" },
                "south": { "uv": [ 6, 10, 10, 13 ], "texture": "#rabbit" },
                "east":  { "uv": [ 5, 4, 6, 7 ], "texture": "#rabbit" },
                "up":    { "uv": [ 6, 3, 10, 4 ], "texture": "#rabbit", "rotation": 180 },
                "down":  { "uv": [ 6, 3, 10, 4 ], "texture": "#rabbit" }
            }
        },
        {
            "comment": "rib edge",
            "from": [ -5.365, 6.785, 4.9625 ],
            "to": [ 3.1399999999999997, 20.745350000000002, 7.3925 ],
            "rotation": { "origin": [ 3.1399999999999997, 1.9249999999999998, 4.9625 ], "axis": "y", "angle": 22.5 },
            "faces": {
                "north": { "uv": [ 10, 4, 14.5, 10 ], "texture": "#rabbit" },
                "south": { "uv": [ 10, 10, 14.5, 16 ], "texture": "#rabbit" },
                "west":  { "uv": [ 5, 4, 6, 10 ], "texture": "#rabbit", "rotation": 180 },
                "up":    { "uv": [ 10, 3, 14.5, 4 ], "texture": "#rabbit", "rotation": 180 },
                "down":  { "uv": [ 10, 3, 14.5, 4 ], "texture": "#rabbit" }
            }
        },
        {
            "comment": "rib bottom",
            "from": [ 3.1399999999999997, 6.785, 4.9625 ],
            "to": [ 12.86, 13.4675, 7.3925 ],
            "rotation": { "origin": [ 3.1399999999999997, 1.9249999999999998, 4.9625 ], "axis": "y", "angle": -22.5 },
            "faces": {
                "north": { "uv": [ 6, 7, 10, 10 ], "texture": "#rabbit" },
                "south": { "uv": [ 6, 13, 10, 16 ], "texture": "#rabbit" },
                "east":  { "uv": [ 5, 7, 6, 10 ], "texture": "#rabbit" },
                "up":    { "uv": [ 6, 3, 10, 4 ], "texture": "#rabbit", "rotation": 180 },
                "down":  { "uv": [ 6, 3, 10, 4 ], "texture": "#rabbit" }
            }
        }
    ]
}