{
    "elements": [
        {
            "comment": "powder grain",
            "from": [ 17.4, 3.8000000000000007, 5.4 ],
            "to": [ 20.4, 7.3999999999999995, 8.399999999999999 ],
            "rotation": { "origin": [ 18.9, 13.4, 8.100000000000001 ], "axis": "y", "angle": -22.5 },
            "faces": {
                "up":    { "uv": [ 0, 0, 3, 3 ], "texture": "#material", "rotation": 180 },
                "down":  { "uv": [ 0, 0, 3, 3 ], "texture": "#material", "rotation": 180 },
                "east":  { "uv": [ 0, 0, 3, 3 ], "texture": "#material" },
                "west":  { "uv": [ 0, 0, 3, 3 ], "texture": "#material" },
                "north": { "uv": [ 0, 0, 3, 3 ], "texture": "#material" },
                "south": { "uv": [ 0, 0, 3, 3 ], "texture": "#material" }
            }
        },
        {
            "comment": "powder grain",
            "from": [ 18.0, 7.3999999999999995, 6.300000000000001 ],
            "to": [ 19.8, 9.2, 8.100000000000001 ],
            "rotation": { "origin": [ 18.9, 13.4, 7.199999999999999 ], "axis": "y", "angle": 45 },
            "faces": {
                "up":    { "uv": [ 0, 3, 3, 6 ], "texture": "#material", "rotation": 180 },
                "down":  { "uv": [ 0, 3, 3, 6 ], "texture": "#material", "rotation": 180 },
                "east":  { "uv": [ 0, 3, 3, 6 ], "texture": "#material" },
                "west":  { "uv": [ 0, 3, 3, 6 ], "texture": "#material" },
                "north": { "uv": [ 0, 3, 3, 6 ], "texture": "#material" },
                "south": { "uv": [ 0, 3, 3, 6 ], "texture": "#material" }
            }
        },
        {
            "comment": "powder grain",
            "from": [ 15.0, 3.8000000000000007, 5.4 ],
            "to": [ 17.4, 6.199999999999999, 7.800000000000001 ],
            "rotation": { "origin": [ 16.8, 13.4, 7.800000000000001 ], "axis": "y", "angle": 22.5 },
            "faces": {
                "up":    { "uv": [ 0, 9, 3, 12 ], "texture": "#material", "rotation": 180 },
                "down":  { "uv": [ 0, 9, 3, 12 ], "texture": "#material", "rotation": 180 },
                "east":  { "uv": [ 0, 9, 3, 12 ], "texture": "#material" },
                "west":  { "uv": [ 0, 9, 3, 12 ], "texture": "#material" },
                "north": { "uv": [ 0, 9, 3, 12 ], "texture": "#material" },
                "south": { "uv": [ 0, 9, 3, 12 ], "texture": "#material" }
            }
        },
        {
            "comment": "powder grain",
            "from": [ 16.2, 3.8000000000000007, 8.399999999999999 ],
            "to": [ 18.0, 5.6, 10.2 ],
            "rotation": { "origin": [ 18.9, 13.4, 7.5 ], "axis": "y", "angle": 0 },
            "faces": {
                "up":    { "uv": [ 1, 10, 3, 12 ], "texture": "#material", "rotation": 180 },
                "down":  { "uv": [ 1, 10, 3, 12 ], "texture": "#material", "rotation": 180 },
                "east":  { "uv": [ 1, 10, 3, 12 ], "texture": "#material" },
                "west":  { "uv": [ 1, 10, 3, 12 ], "texture": "#material" },
                "north": { "uv": [ 1, 10, 3, 12 ], "texture": "#material" },
                "south": { "uv": [ 1, 10, 3, 12 ], "texture": "#material" }
            }
        }
    ]
}