{
	"parent": "item/meshes/misc/plank_slab",
	"textures": {
		"plank": "blocks/plank/acacia",
		"string": "items/powder/string/string_red"
	},
  "display": {
    "thirdperson": {
      "rotation": [ -5, 0, 90 ],
      "translation": [ 0.8, 0, -0.5 ],
      "scale": [ 0.4, 0.4, 0.4 ]
    },
    "firstperson": {
      "rotation": [ 0, 35, 50 ],
      "translation": [ 0, 2, 2 ],
      "scale": [ 0.85, 0.85, 0.85 ]
    },
    "head": {
      "rotation": [ 0, -135, -20 ],
      "translation": [ 0, 4, 2 ],
      "scale": [ 0.85, 0.85, 0.85 ]
    },
    "gui": {
      "rotation": [ 0, 0, 0 ],
      "translation": [ 0, -2, 0 ],
      "scale": [ 0.6, 0.6, 0.6 ]
    }
  }
}