{
	"parent": "item/meshes/tools/arrow",
    "display": {
    "thirdperson": {
      "rotation": [ 91, -95, 180 ],
      "translation": [ 0, 1.7, -1 ],
      "scale": [ 0.2, 0.2, 0.2 ]
    },
    "firstperson": {
      "rotation": [ 0, -135, 20 ],
      "translation": [ 0, 4, 2 ],
      "scale": [ 0.4, 0.4, 0.4 ]
    },
    "head": {
      "rotation": [ 0, -135, -20 ],
      "translation": [ 0, 4, 2 ],
      "scale": [ 0.85, 0.85, 0.85 ]
    },
    "gui": {
      "rotation": [ 0, -35, 45 ],
      "translation": [ -0.5, 0.5, 0 ],
      "scale": [ 0.7, 0.7, 0.7 ]
    }
  }
}