{
    "parent": "builtin/entity",
    "display": {
        "thirdperson": {
            "rotation": [ 160, 180, 0 ],
            "translation": [ 0, -1, -2 ],
            "scale": [ 0.9, 0.9, 0.9 ]
        },
        "firstperson": {
            "rotation": [ 0, -90, 0 ],
            "scale": [2, 2, 2]
        },
        "gui": {
            "rotation": [ 0, -65, 0 ],
            "translation": [ 0, -3, 0 ],
            "scale": [ 0.85, 0.85, 0.85 ]
        },
        "head": {
            "translation": [ 0, 8, 3.5 ],
            "scale": [ 1.5, 1.5, 1.5 ]
        }
    }
}
