{
	"parent": "item/meshes/misc/plank",
	"textures": {
		"plank": "blocks/plank/birch",
		"string": "items/powder/string/string_white"
	},
  "display": {
    "thirdperson": {
      "rotation": [ 10, 90, 0 ],
      "translation": [ 0, 2.6, -0.5 ],
      "scale": [ 0.5, 0.5, 0.5 ]
    },
    "firstperson": {
      "rotation": [ 0, 35, 50 ],
      "translation": [ 0, 2, 2 ],
      "scale": [ 0.85, 0.85, 0.85 ]
    },
    "head": {
      "rotation": [ 0, -135, -20 ],
      "translation": [ 0, 4, 2 ],
      "scale": [ 0.85, 0.85, 0.85 ]
    },
    "gui": {
      "rotation": [ 0, 0, 0 ],
      "translation": [ 0, 0, 0 ],
      "scale": [ 0.8, 0.8, 0.8 ]
    }
  }
}