{
    "parent": "item/meshes/misc/bone",
    "display": {
        "thirdperson": {
            "rotation": [ 10, 90, -90 ],
            "translation": [ 0, 0.9, -4.3 ],
            "scale": [ 0.5, 0.5, 0.5 ]
        },
        "firstperson": {
            "rotation": [ 0, -135, -20 ],
            "translation": [ 0, 4, 2 ],
            "scale": [ 0.85, 0.85, 0.85 ]
        },
        "gui": {
            "rotation": [ 0, -35, 45 ],
            "translation": [ 0, 0, 0 ],
            "scale": [ 0.7, 0.7, 0.7 ]
        }
    }
}
