{
	"parent": "item/meshes/misc/powder",
	"textures": {
		"material": "blocks/soil/clay",
		"bag": "items/powder/bag/bag_grey",
        "bag_rim": "items/powder/bag/rim_grey",
        "label": "items/powder/label/clay_label",
        "string": "items/powder/string/string_brown"		
	},
	"display": {
		"thirdperson": {
            "rotation": [ 120, -225, 10 ],
            "translation": [ 0, 2.25, -1 ],
            "scale": [ 0.15, 0.15, 0.15 ]
        },
        "firstperson": {
            "rotation": [ 20, -135, -20 ],
            "translation": [ 0, 4, 3 ],
            "scale": [ 0.7, 0.7, 0.7 ]
        },
        "gui": {
            "scale": [0.7, 0.7, 0.7],
            "translation": [1, 0, 0]
        }
	}
}