{
	"parent": "item/meshes/misc/compass",

  "display": {
    "thirdperson": {
      "rotation": [ -80, -90, 90 ],
      "translation": [ 0, 1.1, -2.3 ],
      "scale": [ 0.15, 0.15, 0.15 ]
    },
    "firstperson": {
      "rotation": [ 30, 90, -20 ],
      "translation": [ 0, 4, 2 ],
      "scale": [ 0.85, 0.85, 0.85 ]
    },
    "head": {
      "rotation": [ 0, -135, -20 ],
      "translation": [ 0, 4, 2 ],
      "scale": [ 0.85, 0.85, 0.85 ]
    },
    "gui": {
      "rotation": [ 30, -45, 0 ],
      "translation": [ 0, 0, 0 ],
      "scale": [ 0.8, 0.8, 0.8 ]
    }
  }
}