{
	"parent": "block/ore",
	"textures": {
		"material": "blocks/ore/diamond_ore",
		"purified": "blocks/ore/diamond",
		"label_icon": "blocks/ore/diamond_icon",
		"bag": "items/powder/bag/bag_sea",
		"bag_rim": "items/powder/bag/rim_sea",
		"string": "items/powder/string/string_white"
	},
	"display": {
        "thirdperson": {
            "rotation": [ 180, 160, 0 ],
            "translation": [ 0, 1.25, -2 ],
            "scale": [ 0.25, 0.25, 0.25 ]
        },
        "firstperson": {
            "rotation": [ 0, 45, 0 ],
            "translation": [ 0, 2, 0 ],
            "scale": [ 0.7, 0.7, 0.7 ]
        },
        "gui": {
            "scale": [0.85, 0.85, 0.85],
            "translation": [ 0, 0, 0],
            "rotation": [0, 20, 0]
        }
    }
}