{
	"parent": "item/meshes/misc/pearl",
	"textures": {
		"core_up": "items/misc/ender/eye_up",
		"core_down": "items/misc/ender/eye_down",
		"core_east": "items/misc/ender/eye_east",
		"core_west": "items/misc/ender/eye_west",
		"core_north": "items/misc/ender/eye_north",
		"core_south": "items/misc/ender/eye_south",
		"particle": "items/misc/ender/eye_up"
	},
	"display": {
		"thirdperson": {
            "rotation": [ 120, -225, 10 ],
            "translation": [ 0, 2.25, -1 ],
            "scale": [ 0.15, 0.15, 0.15 ]
        },
        "firstperson": {
            "rotation": [ 20, -135, 20 ],
            "translation": [ 0, 4, 3 ],
            "scale": [ 0.7, 0.7, 0.7 ]
        },
        "gui": {
            "scale": [0.7, 0.7, 0.7],
            "translation": [0, 0, 0]
        }
	}
}