{
	"parent": "item/meshes/misc/pearl",
	"textures": {
		"core": "items/misc/ender/pearl_core",
		"particle": "items/misc/ender/pearl_core"
	},
	"display": {
		"thirdperson": {
            "rotation": [ 120, -225, 10 ],
            "translation": [ 0, 2.25, -1 ],
            "scale": [ 0.15, 0.15, 0.15 ]
        },
        "firstperson": {
            "rotation": [ 20, -135, 20 ],
            "translation": [ 0, 4, 3 ],
            "scale": [ 0.7, 0.7, 0.7 ]
        },
        "gui": {
            "scale": [0.7, 0.7, 0.7],
            "translation": [0, 0, 0]
        }
	}
}