{
	"parent": "item/meshes/alchemy/bottle",
    "textures": {
        "glass": "items/potion/potion_exp",
        "stopper": "items/potion/stopper_splash",
        "fluid": "items/potion/experience",
        "particle": "items/potion/potion_exp"

    },
	"display": {
        "thirdperson": {
            "rotation": [ 120, -225, 10 ],
            "translation": [ 0, 2.25, -1 ],
            "scale": [ 0.25, 0.25, 0.25 ]
        },
        "firstperson": {
            "rotation": [ 20, -135, 20 ],
            "translation": [ 0, 4, 3 ],
            "scale": [ 0.7, 0.7, 0.7 ]
        },
        "gui": {
            "scale": [0.7, 0.7, 0.7],
            "translation": [0, -0.5, 0]
        }
    }
}