{
	"parent": "item/meshes/block/sack",
	"textures": {
		"material": "blocks/rocks/glowstone",
		"bag": "items/powder/bag/bag_brown",
		"bag_rim": "items/powder/bag/rim_brown",
		"string": "items/powder/string/string_yellow"
	},
	"display": {
		"thirdperson": {
            "rotation": [ 0, 90, -70 ],
            "translation": [ 0, 1.25, -2 ],
            "scale": [ 0.35, 0.35, 0.35 ]
        },
        "firstperson": {
            "rotation": [ 0, 0, 90 ],
            "translation": [ 0, 4, 3 ],
            "scale": [ 0.7, 0.7, 0.7 ]
        },
        "gui": {
            "scale": [0.7, 0.7, 0.7],
            "translation": [ 0.75, 0, 0]
        }
	}
}