{
	"parent": "item/meshes/tools/shovel",
	"textures": {
		"blade": "items/tools/gold_blade",
		"hilt": "items/tools/gold_hilt",
		"gem": "items/tools/gold_gem",
		"handle": "items/tools/handle",
    "particle": "items/tools/gold_blade"
	},
	"display": {
    "thirdperson": {
      "rotation": [ 80, 90, -90 ],
      "translation": [ 0, 0.9, -4.5 ],
      "scale": [ 0.5, 0.5, 0.5 ]
    },
    "firstperson": {
      "rotation": [ 0, -135, -20 ],
      "translation": [ 0, 4, 2 ],
      "scale": [ 0.85, 0.85, 0.85 ]
    },
    "gui": {
      "rotation": [ 0, -35, 45 ],
      "translation": [ 0, 0, 0 ],
      "scale": [ 0.7, 0.7, 0.7 ]
    }
  }
}