{
	"parent": "block/grass_roll",
	"textures": {
		"top": "blocks/soil/grass_top",
		"side": "blocks/soil/grass_side",
		"bottom": "blocks/soil/dirt",
		"stick": "blocks/plank/birch"
	},
	"display": {
		"thirdperson": {
            "rotation": [ 180, 90, -70 ],
            "translation": [ 0, 3.25, -1 ],
            "scale": [ 0.25, 0.25, 0.25 ]
        },
        "firstperson": {
            "rotation": [ 0, 0, 90 ],
            "translation": [ 0, 4, 3 ],
            "scale": [ 0.7, 0.7, 0.7 ]
        },
        "gui": {
            "scale": [0.65, 0.65, 0.65],
            "translation": [ 0, 0, 0 ]
        }
	}
}