{
	"parent": "block/ore",
	"textures": {
		"material": "blocks/ore/iron_ore",
		"purified": "blocks/ore/iron",
		"label_icon": "blocks/ore/iron_icon",
		"bag": "items/powder/bag/bag_grey",
		"bag_rim": "items/powder/bag/rim_grey",
		"string": "items/powder/string/string_brown"
	},
	"display": {
		"thirdperson": {
            "rotation": [ 0, 90, -70 ],
            "translation": [ 0, 1.25, -2 ],
            "scale": [ 0.35, 0.35, 0.35 ]
        },
        "firstperson": {
            "rotation": [ 0, 0, 90 ],
            "translation": [ 0, 4, 3 ],
            "scale": [ 0.7, 0.7, 0.7 ]
        },
        "gui": {
            "scale": [0.85, 0.85, 0.85],
            "translation": [ 0, 0, 0],
            "rotation": [0, 20, 0]
        }
	}
}