{
  "parent": "item/meshes/tools/hoe",
  "textures": {
    "particle": "items/tools/iron_blade",
    "handle": "items/tools/handle",
    "blade": "items/tools/iron_blade",
    "hilt": "items/tools/iron_hilt",
    "gem": "items/tools/iron_gem"
  },
  "display": {
    "thirdperson": {
      "rotation": [ 140, -5, -110 ],
      "translation": [ 4.5, 1.7, -1 ],
      "scale": [ 0.5, 0.5, 0.5 ]
    },
    "firstperson": {
      "rotation": [ 0, 45, 20 ],
      "translation": [ 0, 4, 2 ],
      "scale": [ 0.85, 0.85, 0.85 ]
    },
    "head": {
      "rotation": [ 0, -135, -20 ],
      "translation": [ 0, 4, 2 ],
      "scale": [ 0.85, 0.85, 0.85 ]
    },
    "gui": {
      "rotation": [ 0, -35, 45 ],
      "translation": [ 1, -0.5, 0 ],
      "scale": [ 0.7, 0.7, 0.7 ]
    }
  }
}