{
    "parent": "item/meshes/mineral/ingot",
    "textures": {
        "metal": "items/mineral/iron_rough"
    },
    "display": {
        "thirdperson": {
            "rotation": [ -140, -45, 0 ],
            "translation": [ 0, 2, -1 ],
            "scale": [ 0.25, 0.25, 0.25 ]
        },
        "firstperson": {
            "rotation": [ 20, -135, 20 ],
            "translation": [ 0, 4, 2 ],
            "scale": [ 1.1, 1.1, 1.1 ]
        },
        "gui": {
            "scale": [0.8, 0.8, 0.8]
        }
    }
}
