{
	"parent": "block/log",
	"textures": {
		"log": "blocks/log/jungle"
	},
  "display": {
    "thirdperson": {
      "rotation": [ 0, 0, 170 ],
      "translation": [ 0, 0.9, -3 ],
      "scale": [ 0.3, 0.3, 0.3 ]
    },
    "firstperson": {
      "rotation": [ 0, 35, 20 ],
      "translation": [ 0, 4, 2 ],
      "scale": [ 0.85, 0.85, 0.85 ]
    },
    "head": {
      "rotation": [ 0, -135, -20 ],
      "translation": [ 0, 4, 2 ],
      "scale": [ 0.85, 0.85, 0.85 ]
    },
    "gui": {
      "rotation": [ 0, 112.5, 0 ],
      "translation": [ 0, 0, 0 ],
      "scale": [ 0.65, 0.65, 0.65 ]
    }
  }
}