{
	"parent": "item/meshes/misc/bucket",
    "textures": {
        "contents": "blocks/fluids/lava"
    },
	 "display": {
        "thirdperson": {
            "rotation": [ 10, -90, 140 ],
            "translation": [ 0, 2.8, -1.7 ],
            "scale": [ 0.25, 0.25, 0.25 ]
        },
        "firstperson": {
            "rotation": [ -20, 0, 20 ],
            "translation": [ 0, 0, 2 ],
            "scale": [ 1.1, 1.1, 1.1 ]
        },
        "gui": {
            "scale": [0.8, 0.8, 0.8],
            "rotation": [0, 180, 0]
        }
    }
}