{
    "ambientocclusion": false,
    "textures": {
        "particle": "blocks/door/door_acacia_lower",
        "bottom": "blocks/door/door_acacia_lower",
        "top": "blocks/door/door_acacia_upper"
    },
    "elements": [
        {
            "from": [ 13.0, -8.0, 6.5 ],
            "to": [ 16.0, 8.0, 9.5 ],
            "faces": {
                "up":    { "uv": [ 13, 0, 16, 3 ], "texture": "#bottom", "rotation": 90 },
                "north": { "uv": [ 0, 0, 3, 16 ], "texture": "#bottom" },
                "south": { "uv": [ 3, 0, 0, 16 ], "texture": "#bottom" },
                "west":  { "uv": [ 5, 0, 7, 16 ], "texture": "#bottom" },
                "east":  { "uv": [ 7, 0, 5, 16 ], "texture": "#bottom" }
            }
        },
        {
            "from": [ 9.0, -5.0, 6.5 ],
            "to": [ 11.0, 8.0, 9.5 ],
            "faces": {
                "up":    { "uv": [ 13, 5, 16, 7 ], "texture": "#bottom", "rotation": 90 },
                "north": { "uv": [ 5, 3, 7, 16 ], "texture": "#bottom" },
                "south": { "uv": [ 7, 3, 5, 16 ], "texture": "#bottom" },
                "west":  { "uv": [ 5, 3, 7, 16 ], "texture": "#bottom" },
                "east":  { "uv": [ 7, 3, 5, 16 ], "texture": "#bottom" }
            }
        },
        {
            "from": [ 5.0, -5.0, 6.5 ],
            "to": [ 7.0, 8.0, 9.5 ],
            "faces": {
                "up":    { "uv": [ 13, 9, 16, 11 ], "texture": "#bottom", "rotation": 90 },
                "north": { "uv": [ 9, 3, 11, 16 ], "texture": "#bottom" },
                "south": { "uv": [ 11, 3, 9, 16 ], "texture": "#bottom" },
                "west":  { "uv": [ 5, 3, 7, 16 ], "texture": "#bottom" },
                "east":  { "uv": [ 7, 3, 5, 16 ], "texture": "#bottom" }
            }
        },
        {
            "from": [ 0.0, -8.0, 6.5 ],
            "to": [ 3.0, 8.0, 9.5 ],
            "faces": {
                "up":    { "uv": [ 13, 13, 16, 16 ], "texture": "#bottom", "rotation": 90 },
                "north": { "uv": [ 13, 0, 16, 16 ], "texture": "#bottom" },
                "south": { "uv": [ 16, 0, 13, 16 ], "texture": "#bottom" },
                "west":  { "uv": [ 5, 0, 7, 16 ], "texture": "#bottom" },
                "east":  { "uv": [ 7, 0, 5, 16 ], "texture": "#bottom" }
            }
        },
        {
            "from": [ 3.0, -8.0, 6.5 ],
            "to": [ 13.0, -5.0, 9.5 ],
            "faces": {
                "up":    { "uv": [ 13, 3, 16, 13 ], "texture": "#bottom", "rotation": 90 },
                "north": { "uv": [ 3, 13, 13, 16 ], "texture": "#bottom" },
                "south": { "uv": [ 13, 13, 3, 16 ], "texture": "#bottom" }
            }
        },
        {
            "from": [ 0.0, -8.0, 6.5 ],
            "to": [ 16.0, -8.0, 9.5 ],
            "faces": {
                "down":  { "uv": [ 13, 16, 16, 0 ], "texture": "#bottom", "rotation": 90 }
            }
        },
        {
            "from": [ 0.0, 7.0, 6.5 ],
            "to": [ 16.0, 7.0, 9.5 ],
            "faces": {
                "down":  { "uv": [ 13, 16, 16, 0 ], "texture": "#bottom", "rotation": 90 }
            }
        },
        {
            "from": [ 11.0, 7.0, 6.5 ],
            "to": [ 13.0, 8.0, 9.5 ],
            "faces": {
                "up":    { "uv": [ 13, 15, 11, 16 ], "texture": "#bottom", "rotation": 90 },
                "north": { "uv": [ 3, 0, 5, 1 ], "texture": "#bottom" },
                "south": { "uv": [ 5, 0, 3, 1 ], "texture": "#bottom" }
            }
        },
        {
            "from": [ 7.0, 7.0, 6.5 ],
            "to": [ 9.0, 8.0, 9.5 ],
            "faces": {
                "up":    { "uv": [ 9, 15, 7, 16 ], "texture": "#bottom", "rotation": 90 },
                "north": { "uv": [ 7, 0, 9, 1 ], "texture": "#bottom" },
                "south": { "uv": [ 9, 0, 7, 1 ], "texture": "#bottom" }
            }
        },
        {
            "from": [ 3.0, 7.0, 6.5 ],
            "to": [ 5.0, 8.0, 9.5 ],
            "faces": {
                "up":    { "uv": [ 5, 15, 3, 16 ], "texture": "#bottom", "rotation": 90 },
                "north": { "uv": [ 11, 0, 13, 1 ], "texture": "#bottom" },
                "south": { "uv": [ 13, 0, 11, 1 ], "texture": "#bottom" }
            }
        },
        {
            "from": [ 13.0, 8.0, 6.5 ],
            "to": [ 16.0, 24.0, 9.5 ],
            "faces": {
                "up":    { "uv": [ 13, 0, 16, 3 ], "texture": "#top", "rotation": 90 },
                "north": { "uv": [ 0, 0, 3, 16 ], "texture": "#top" },
                "south": { "uv": [ 3, 0, 0, 16 ], "texture": "#top" },
                "west":  { "uv": [ 5, 0, 7, 16 ], "texture": "#top" },
                "east":  { "uv": [ 7, 0, 5, 16 ], "texture": "#top" }
            }
        },
        {
            "from": [ 9.0, 8.0, 6.5 ],
            "to": [ 11.0, 21.0, 9.5 ],
            "faces": {
                "up":    { "uv": [ 13, 5, 16, 7 ], "texture": "#top", "rotation": 90 },
                "north": { "uv": [ 5, 0, 7, 13 ], "texture": "#top" },
                "south": { "uv": [ 7, 0, 5, 13 ], "texture": "#top" },
                "west":  { "uv": [ 5, 0, 7, 13 ], "texture": "#top" },
                "east":  { "uv": [ 7, 0, 5, 13 ], "texture": "#top" }
            }
        },
        {
            "from": [ 5.0, 8.0, 6.5 ],
            "to": [ 7.0, 21.0, 9.5 ],
            "faces": {
                "up":    { "uv": [ 13, 9, 16, 11 ], "texture": "#top", "rotation": 90 },
                "north": { "uv": [ 9, 0, 11, 13 ], "texture": "#top" },
                "south": { "uv": [ 11, 0, 9, 13 ], "texture": "#top" },
                "west":  { "uv": [ 5, 0, 7, 13 ], "texture": "#top" },
                "east":  { "uv": [ 7, 0, 5, 13 ], "texture": "#top" }
            }
        },
        {
            "from": [ 0.0, 8.0, 6.5 ],
            "to": [ 3.0, 24.0, 9.5 ],
            "faces": {
                "up":    { "uv": [ 13, 13, 16, 16 ], "texture": "#top", "rotation": 90 },
                "north": { "uv": [ 13, 0, 16, 16 ], "texture": "#top" },
                "south": { "uv": [ 16, 0, 13, 16 ], "texture": "#top" },
                "west":  { "uv": [ 5, 0, 7, 16 ], "texture": "#top" },
                "east":  { "uv": [ 7, 0, 5, 16 ], "texture": "#top" }
            }
        },
        {
            "from": [ 3.0, 21.0, 6.5 ],
            "to": [ 13.0, 24.0, 9.5 ],
            "faces": {
                "up":    { "uv": [ 13, 3, 16, 13 ], "texture": "#top", "rotation": 90 },
                "down":  { "uv": [ 13, 13, 16, 3 ], "texture": "#top", "rotation": 90 },
                "north": { "uv": [ 3, 0, 13, 3 ], "texture": "#top" },
                "south": { "uv": [ 13, 0, 3, 3 ], "texture": "#top" }
            }
        },
        {
            "from": [ 11.0, 8.0, 6.5 ],
            "to": [ 13.0, 9.0, 9.5 ],
            "faces": {
                "up":    { "uv": [ 0, 8, 3, 10 ], "texture": "#top", "rotation": 90 },
                "north": { "uv": [ 3, 15, 5, 16 ], "texture": "#top" },
                "south": { "uv": [ 5, 15, 3, 16 ], "texture": "#top" }
            }
        },
        {
            "from": [ 7.0, 8.0, 6.5 ],
            "to": [ 9.0, 9.0, 9.5 ],
            "faces": {
                "up":    { "uv": [ 0, 8, 3, 10 ], "texture": "#top", "rotation": 90 },
                "north": { "uv": [ 7, 15, 9, 16 ], "texture": "#top" },
                "south": { "uv": [ 9, 15, 7, 16 ], "texture": "#top" }
            }
        },
        {
            "from": [ 3.0, 8.0, 6.5 ],
            "to": [ 5.0, 9.0, 9.5 ],
            "faces": {
                "up":    { "uv": [ 0, 8, 3, 10 ], "texture": "#top", "rotation": 90 },
                "north": { "uv": [ 11, 15, 13, 16 ], "texture": "#top" },
                "south": { "uv": [ 13, 15, 11, 16 ], "texture": "#top" }
            }
        }
    ]
}