{
    "ambientocclusion": false,
    "textures": {
        "particle": "#bottom"
    },
    "elements": [
        {
            "from": [ 0.0, -8.0, 6.5 ],
            "to": [ 16.0, 8.0, 9.5 ],
            "faces": {
                "down":  { "uv": [ 13, 0, 16, 16 ], "texture": "#bottom", "rotation": 90 },
                "north": { "uv": [ 0, 0, 16, 16 ], "texture": "#bottom" },
                "south": { "uv": [ 16, 0, 0, 16 ], "texture": "#bottom" },
                "west":  { "uv": [ 0, 0, 3, 16 ], "texture": "#bottom" },
                "east":  { "uv": [ 3, 0, 0, 16 ], "texture": "#bottom" }
            }
        },
        {
            "from": [ 0.0, 8.0, 6.5 ],
            "to": [ 16.0, 24.0, 9.5 ],
            "faces": {
                "up":    { "uv": [ 13, 0, 16, 16 ], "texture": "#bottom", "rotation": 90 },
                "north": { "uv": [ 0, 0, 16, 16 ], "texture": "#top" },
                "south": { "uv": [ 16, 0, 0, 16 ], "texture": "#top" },
                "west":  { "uv": [ 0, 0, 3, 16 ], "texture": "#top" },
                "east":  { "uv": [ 3, 0, 0, 16 ], "texture": "#top" }
            }
        }
    ]
}