{
    "ambientocclusion": false,
    "textures": {
        "particle": "blocks/door/door_jungle_lower",
        "inner": "blocks/door/door_jungle_inner",
        "bottom": "blocks/door/door_jungle_lower",
        "top": "blocks/door/door_jungle_upper"
    },
    "elements": [
        {
            "from": [ 9.0, -8.0, 6.5 ],
            "to": [ 16.0, 8.0, 9.5 ],
            "faces": {
                "down":  { "uv": [ 13, 16, 16, 9 ], "texture": "#bottom", "cullface": "down", "rotation": 90 },
                "north": { "uv": [ 0, 0, 7, 16 ], "texture": "#bottom", "cullface": "west" },
                "south": { "uv": [ 7, 0, 0, 16 ], "texture": "#bottom" },
                "west":  { "uv": [ 10, 0, 13, 16 ], "texture": "#inner" },
                "east":  { "uv": [ 3, 0, 0, 16 ], "texture": "#bottom", "cullface": "north" }
            }
        },
        {
            "from": [ 0.0, -8.0, 6.5 ],
            "to": [ 7.0, 8.0, 9.5 ],
            "faces": {
                "down":  { "uv": [ 13, 9, 16, 16 ], "texture": "#bottom", "cullface": "down", "rotation": 90 },
                "north": { "uv": [ 9, 0, 16, 16 ], "texture": "#bottom", "cullface": "west" },
                "south": { "uv": [ 16, 0, 9, 16 ], "texture": "#bottom" },
                "west":  { "uv": [ 13, 0, 16, 16 ], "texture": "#bottom", "cullface": "south" },
                "east":  { "uv": [ 16, 0, 13, 16 ], "texture": "#inner" }
            }
        },
        {
            "from": [ 7.0, 7.0, 6.5 ],
            "to": [ 9.0, 8.0, 9.5 ],
            "faces": {
                "down":  { "uv": [ 3, 2, 6, 4 ], "texture": "#inner", "rotation": 90 },
                "north": { "uv": [ 7, 0, 9, 1 ], "texture": "#bottom", "cullface": "west" },
                "south": { "uv": [ 9, 0, 7, 1 ], "texture": "#bottom" }
            }
        },
        {
            "from": [ 7.0, -8.0, 6.5 ],
            "to": [ 9.0, -5.0, 9.5 ],
            "faces": {
                "down":  { "uv": [ 13, 13, 16, 16 ], "texture": "#bottom", "cullface": "down", "rotation": 90 },
                "up":    { "uv": [ 3, 0, 6, 2 ], "texture": "#inner", "rotation": 90 },
                "north": { "uv": [ 7, 13, 9, 16 ], "texture": "#bottom", "cullface": "west" },
                "south": { "uv": [ 9, 13, 7, 16 ], "texture": "#bottom" }
            }
        },
        {
            "from": [ 12.0, 8.0, 6.5 ],
            "to": [ 16.0, 24.0, 9.5 ],
            "faces": {
                "up":    { "uv": [ 0, 3, 4, 0 ], "texture": "#top", "cullface": "up", "rotation": 180 },
                "north": { "uv": [ 0, 0, 4, 16 ], "texture": "#top", "cullface": "west" },
                "south": { "uv": [ 4, 0, 0, 16 ], "texture": "#top" },
                "west":  { "uv": [ 0, 0, 3, 16 ], "texture": "#top" },
                "east":  { "uv": [ 3, 0, 0, 16 ], "texture": "#top", "cullface": "north" }
            }
        },
        {
            "from": [ 0.0, 8.0, 6.5 ],
            "to": [ 4.0, 24.0, 9.5 ],
            "faces": {
                "up":    { "uv": [ 12, 3, 16, 0 ], "texture": "#top", "cullface": "up", "rotation": 180 },
                "north": { "uv": [ 12, 0, 16, 16 ], "texture": "#top", "cullface": "west" },
                "south": { "uv": [ 16, 0, 12, 16 ], "texture": "#top" },
                "west":  { "uv": [ 0, 0, 3, 16 ], "texture": "#top", "cullface": "south" },
                "east":  { "uv": [ 3, 0, 0, 16 ], "texture": "#top" }
            }
        },
        {
            "from": [ 4.0, 21.0, 6.5 ],
            "to": [ 12.0, 24.0, 9.5 ],
            "faces": {
                "up":    { "uv": [ 4, 3, 12, 0 ], "texture": "#top", "cullface": "up", "rotation": 180 },
                "down":  { "uv": [ 4, 0, 12, 3 ], "texture": "#top", "rotation": 180 },
                "north": { "uv": [ 4, 0, 12, 3 ], "texture": "#top", "cullface": "west" },
                "south": { "uv": [ 12, 0, 4, 3 ], "texture": "#top" }
            }
        },
        {
            "from": [ 4.0, 8.0, 6.5 ],
            "to": [ 12.0, 14.0, 9.5 ],
            "faces": {
                "up":    { "uv": [ 4, 3, 12, 0 ], "texture": "#top", "cullface": "up", "rotation": 180 },
                "north": { "uv": [ 4, 10, 12, 16 ], "texture": "#top", "cullface": "west" },
                "south": { "uv": [ 12, 10, 4, 16 ], "texture": "#top" }
            }
        },
        {
            "from": [ 10.0, 20.0, 6.5 ],
            "to": [ 11.0, 21.0, 9.5 ],
            "faces": {
                "down":  { "uv": [ 5, 0, 6, 3 ], "texture": "#top", "rotation": 180 },
                "south": { "uv": [ 6, 3, 5, 4 ], "texture": "#top" },
                "west":  { "uv": [ 0, 3, 3, 4 ], "texture": "#top" },
                "north": { "uv": [ 5, 3, 6, 4 ], "texture": "#top", "cullface": "west" }
            }
        },
        {
            "from": [ 5.0, 20.0, 6.5 ],
            "to": [ 6.0, 21.0, 9.5 ],
            "faces": {
                "down":  { "uv": [ 10, 0, 11, 3 ], "texture": "#top", "rotation": 180 },
                "north": { "uv": [ 10, 3, 11, 4 ], "texture": "#top", "cullface": "west" },
                "east":  { "uv": [ 13, 3, 16, 4 ], "texture": "#top" },
                "south": { "uv": [ 11, 3, 10, 4 ], "texture": "#top" }
            }
        },
        {
            "from": [ 11.0, 18.0, 6.5 ],
            "to": [ 12.0, 21.0, 9.5 ],
            "faces": {
                "down":  { "uv": [ 4, 0, 5, 3 ], "texture": "#top", "rotation": 180 },
                "south": { "uv": [ 5, 3, 4, 6 ], "texture": "#top" },
                "west":  { "uv": [ 0, 3, 3, 6 ], "texture": "#top" },
                "north": { "uv": [ 4, 3, 5, 6 ], "texture": "#top", "cullface": "west" }
            }
        },
        {
            "from": [ 4.0, 18.0, 6.5 ],
            "to": [ 5.0, 21.0, 9.5 ],
            "faces": {
                "down":  { "uv": [ 11, 0, 12, 3 ], "texture": "#top", "rotation": 180 },
                "north": { "uv": [ 11, 3, 12, 6 ], "texture": "#top", "cullface": "west" },
                "east":  { "uv": [ 13, 3, 16, 6 ], "texture": "#top" },
                "south": { "uv": [ 12, 3, 11, 6 ], "texture": "#top" }
            }
        }
    ]
}