{
    "ambientocclusion": false,
    "textures": {
        "particle": "items/nether_star/shell",
        "glass": "blocks/beacon/glass",
        "obsidian": "blocks/beacon/obsidian",
        "coal": "blocks/beacon/coal",
        "base": "blocks/beacon/base",
        "core": "items/nether_star/core",
        "shell": "items/nether_star/shell",
        "shell0": "items/nether_star/shell_0",
        "shell1": "items/nether_star/shell_1",
        "shell2": "items/nether_star/shell_2",
        "shell3": "items/nether_star/shell_3"
    },
    "elements": [
        {   "comment": "Glass shell",
            "from": [ 0, 0, 0 ],
            "to": [ 16, 16, 16 ],
            "faces": {
                "down":  { "uv": [ 0, 0, 16, 16 ], "texture": "#glass" },
                "up":    { "uv": [ 0, 0, 16, 16 ], "texture": "#glass" },
                "north": { "uv": [ 0, 0, 16, 16 ], "texture": "#glass" },
                "south": { "uv": [ 0, 0, 16, 16 ], "texture": "#glass" },
                "west":  { "uv": [ 0, 0, 16, 16 ], "texture": "#glass" },
                "east":  { "uv": [ 0, 0, 16, 16 ], "texture": "#glass" }
            }
        },
        {   "comment": "Obsidian base",
            "from": [ 2, 0.1, 2 ],
            "to": [ 14, 2, 14 ],
            "faces": {
                "up":    { "uv": [ 2,  2, 14, 14 ], "texture": "#coal" },
                "down":  { "uv": [ 2,  2, 14, 14 ], "texture": "#coal" },
                "north": { "uv": [ 2, 13, 14, 16 ], "texture": "#coal" },
                "south": { "uv": [ 2, 13, 14, 16 ], "texture": "#coal" },
                "west":  { "uv": [ 2, 13, 14, 16 ], "texture": "#coal" },
                "east":  { "uv": [ 2, 13, 14, 16 ], "texture": "#coal" }
            }
        },
        {   "comment": "Obsidian base",
            "from": [ 4, 0.1, 4 ],
            "to": [ 12, 2.49, 12 ],
            "faces": {
                "up":    { "uv": [ 2,  2, 14, 14 ], "texture": "#obsidian" },
                "north": { "uv": [ 2, 13, 14, 16 ], "texture": "#obsidian" },
                "south": { "uv": [ 2, 13, 14, 16 ], "texture": "#obsidian" },
                "west":  { "uv": [ 2, 13, 14, 16 ], "texture": "#obsidian" },
                "east":  { "uv": [ 2, 13, 14, 16 ], "texture": "#obsidian" }
            }
        },
        {   "comment": "Obsidian base",
            "from": [ 4, 0.1, 4 ],
            "to": [ 12, 2.5, 12 ],
            "rotation": { "origin": [8, 8, 8], "axis": "y", "angle": 45},
            "faces": {
                "up":    { "uv": [ 2,  2, 14, 14 ], "texture": "#base" },
                "north": { "uv": [ 2, 13, 14, 16 ], "texture": "#obsidian" },
                "south": { "uv": [ 2, 13, 14, 16 ], "texture": "#obsidian" },
                "west":  { "uv": [ 2, 13, 14, 16 ], "texture": "#obsidian" },
                "east":  { "uv": [ 2, 13, 14, 16 ], "texture": "#obsidian" }
            }
        },
        {   "comment": "Obsidian base",
            "from": [ 4, 0.1, 4 ],
            "to": [ 12, 2.48, 12 ],
            "rotation": { "origin": [8, 8, 8], "axis": "y", "angle": 22.5},
            "faces": {
                "up":    { "uv": [ 2,  2, 14, 14 ], "texture": "#obsidian" },
                "north": { "uv": [ 2, 13, 14, 16 ], "texture": "#obsidian" },
                "south": { "uv": [ 2, 13, 14, 16 ], "texture": "#obsidian" },
                "west":  { "uv": [ 2, 13, 14, 16 ], "texture": "#obsidian" },
                "east":  { "uv": [ 2, 13, 14, 16 ], "texture": "#obsidian" }
            }
        },
        {   "comment": "Obsidian base",
            "from": [ 4, 0.1, 4 ],
            "to": [ 12, 2.48, 12 ],
            "rotation": { "origin": [8, 8, 8], "axis": "y", "angle": -22.5},
            "faces": {
                "up":    { "uv": [ 2,  2, 14, 14 ], "texture": "#obsidian" },
                "north": { "uv": [ 2, 13, 14, 16 ], "texture": "#obsidian" },
                "south": { "uv": [ 2, 13, 14, 16 ], "texture": "#obsidian" },
                "west":  { "uv": [ 2, 13, 14, 16 ], "texture": "#obsidian" },
                "east":  { "uv": [ 2, 13, 14, 16 ], "texture": "#obsidian" }
            }
        },
        {
            "comment": "core",
            "from": [ 6.000596, 6.000596, 6.000596 ],
            "to": [ 9.999404, 9.999404, 9.999404 ],
            "rotation": { "origin": [ 8.0, 8.0, 8.0 ], "axis": "x", "angle": 45 },
            "faces": {
                "up":    { "uv": [ 0, 0, 16, 16 ], "texture": "#core" },
                "down":  { "uv": [ 0, 0, 16, 16 ], "texture": "#core" },
                "east":  { "uv": [ 0, 0, 16, 16 ], "texture": "#core" },
                "west":  { "uv": [ 0, 0, 16, 16 ], "texture": "#core" },
                "north": { "uv": [ 0, 0, 16, 16 ], "texture": "#core" },
                "south": { "uv": [ 0, 0, 16, 16 ], "texture": "#core" }
            }
        },
        {
            "comment": "core",
            "from": [ 6.000596, 6.000596, 6.000596 ],
            "to": [ 9.999404, 9.999404, 9.999404 ],
            "rotation": { "origin": [ 8.0, 8.0, 8.0 ], "axis": "y", "angle": 45 },
            "faces": {
                "up":    { "uv": [ 0, 0, 16, 16 ], "texture": "#core" },
                "down":  { "uv": [ 0, 0, 16, 16 ], "texture": "#core" },
                "east":  { "uv": [ 0, 0, 16, 16 ], "texture": "#core" },
                "west":  { "uv": [ 0, 0, 16, 16 ], "texture": "#core" },
                "north": { "uv": [ 0, 0, 16, 16 ], "texture": "#core" },
                "south": { "uv": [ 0, 0, 16, 16 ], "texture": "#core" }
            }
        },
        {
            "comment": "core",
            "from": [ 6.000596, 6.000596, 6.000596 ],
            "to": [ 9.999404, 9.999404, 9.999404 ],
            "rotation": { "origin": [ 8.0, 8.0, 8.0 ], "axis": "z", "angle": 45 },
            "faces": {
                "up":    { "uv": [ 0, 0, 16, 16 ], "texture": "#core" },
                "down":  { "uv": [ 0, 0, 16, 16 ], "texture": "#core" },
                "east":  { "uv": [ 0, 0, 16, 16 ], "texture": "#core" },
                "west":  { "uv": [ 0, 0, 16, 16 ], "texture": "#core" },
                "north": { "uv": [ 0, 0, 16, 16 ], "texture": "#core" },
                "south": { "uv": [ 0, 0, 16, 16 ], "texture": "#core" }
            }
        },
        {
            "comment": "shell",
            "from": [ 4.16114432, 4.16114432, 4.16114432 ],
            "to": [ 11.83885568, 11.83885568, 11.83885568 ],
            "rotation": { "origin": [ 8.0, 8.0, 8.0 ], "axis": "x", "angle": -45 },
            "faces": {
                "up":    { "uv": [ 0, 0, 16, 16 ], "texture": "#shell0" },
                "down":  { "uv": [ 0, 0, 16, 16 ], "texture": "#shell0" },
                "east":  { "uv": [ 0, 0, 16, 16 ], "texture": "#shell0" },
                "west":  { "uv": [ 0, 0, 16, 16 ], "texture": "#shell0" },
                "north": { "uv": [ 0, 0, 16, 16 ], "texture": "#shell0" },
                "south": { "uv": [ 0, 0, 16, 16 ], "texture": "#shell0" }
            }
        },
        {
            "comment": "shell",
            "from": [ 4.16114432, 4.16114432, 4.16114432 ],
            "to": [ 11.83885568, 11.83885568, 11.83885568 ],
            "rotation": { "origin": [ 8.0, 8.0, 8.0 ], "axis": "x", "angle": 22.5 },
            "faces": {
                "up":    { "uv": [ 0, 0, 16, 16 ], "texture": "#shell1" },
                "down":  { "uv": [ 0, 0, 16, 16 ], "texture": "#shell1" },
                "east":  { "uv": [ 0, 0, 16, 16 ], "texture": "#shell1" },
                "west":  { "uv": [ 0, 0, 16, 16 ], "texture": "#shell1" },
                "north": { "uv": [ 0, 0, 16, 16 ], "texture": "#shell1" },
                "south": { "uv": [ 0, 0, 16, 16 ], "texture": "#shell1" }
            }
        },
        {
            "comment": "shell",
            "from": [ 4.16114432, 4.16114432, 4.16114432 ],
            "to": [ 11.83885568, 11.83885568, 11.83885568 ],
            "rotation": { "origin": [ 8.0, 8.0, 8.0 ], "axis": "x", "angle": 45 },
            "faces": {
                "up":    { "uv": [ 0, 0, 16, 16 ], "texture": "#shell2" },
                "down":  { "uv": [ 0, 0, 16, 16 ], "texture": "#shell2" },
                "east":  { "uv": [ 0, 0, 16, 16 ], "texture": "#shell2" },
                "west":  { "uv": [ 0, 0, 16, 16 ], "texture": "#shell2" },
                "north": { "uv": [ 0, 0, 16, 16 ], "texture": "#shell2" },
                "south": { "uv": [ 0, 0, 16, 16 ], "texture": "#shell2" }
            }
        },
        {
            "comment": "shell",
            "from": [ 4.16114432, 4.16114432, 4.16114432 ],
            "to": [ 11.83885568, 11.83885568, 11.83885568 ],
            "rotation": { "origin": [ 8.0, 8.0, 8.0 ], "axis": "x", "angle": -22.5 },
            "faces": {
                "up":    { "uv": [ 0, 0, 16, 16 ], "texture": "#shell3" },
                "down":  { "uv": [ 0, 0, 16, 16 ], "texture": "#shell3" },
                "east":  { "uv": [ 0, 0, 16, 16 ], "texture": "#shell3" },
                "west":  { "uv": [ 0, 0, 16, 16 ], "texture": "#shell3" },
                "north": { "uv": [ 0, 0, 16, 16 ], "texture": "#shell3" },
                "south": { "uv": [ 0, 0, 16, 16 ], "texture": "#shell3" }
            }
        },
        {
            "comment": "shell",
            "from": [ 4.16114432, 4.16114432, 4.16114432 ],
            "to": [ 11.83885568, 11.83885568, 11.83885568 ],
            "rotation": { "origin": [ 8.0, 8.0, 8.0 ], "axis": "y", "angle": -45 },
            "faces": {
                "up":    { "uv": [ 0, 0, 16, 16 ], "texture": "#shell0" },
                "down":  { "uv": [ 0, 0, 16, 16 ], "texture": "#shell0" },
                "east":  { "uv": [ 0, 0, 16, 16 ], "texture": "#shell0" },
                "west":  { "uv": [ 0, 0, 16, 16 ], "texture": "#shell0" },
                "north": { "uv": [ 0, 0, 16, 16 ], "texture": "#shell0" },
                "south": { "uv": [ 0, 0, 16, 16 ], "texture": "#shell0" }
            }
        },
        {
            "comment": "shell",
            "from": [ 4.16114432, 4.16114432, 4.16114432 ],
            "to": [ 11.83885568, 11.83885568, 11.83885568 ],
            "rotation": { "origin": [ 8.0, 8.0, 8.0 ], "axis": "y", "angle": 22.5 },
            "faces": {
                "up":    { "uv": [ 0, 0, 16, 16 ], "texture": "#shell1" },
                "down":  { "uv": [ 0, 0, 16, 16 ], "texture": "#shell1" },
                "east":  { "uv": [ 0, 0, 16, 16 ], "texture": "#shell1" },
                "west":  { "uv": [ 0, 0, 16, 16 ], "texture": "#shell1" },
                "north": { "uv": [ 0, 0, 16, 16 ], "texture": "#shell1" },
                "south": { "uv": [ 0, 0, 16, 16 ], "texture": "#shell1" }
            }
        },
        {
            "comment": "shell",
            "from": [ 4.16114432, 4.16114432, 4.16114432 ],
            "to": [ 11.83885568, 11.83885568, 11.83885568 ],
            "rotation": { "origin": [ 8.0, 8.0, 8.0 ], "axis": "y", "angle": 45 },
            "faces": {
                "up":    { "uv": [ 0, 0, 16, 16 ], "texture": "#shell2" },
                "down":  { "uv": [ 0, 0, 16, 16 ], "texture": "#shell2" },
                "east":  { "uv": [ 0, 0, 16, 16 ], "texture": "#shell2" },
                "west":  { "uv": [ 0, 0, 16, 16 ], "texture": "#shell2" },
                "north": { "uv": [ 0, 0, 16, 16 ], "texture": "#shell2" },
                "south": { "uv": [ 0, 0, 16, 16 ], "texture": "#shell2" }
            }
        },
        {
            "comment": "shell",
            "from": [ 4.16114432, 4.16114432, 4.16114432 ],
            "to": [ 11.83885568, 11.83885568, 11.83885568 ],
            "rotation": { "origin": [ 8.0, 8.0, 8.0 ], "axis": "y", "angle": -22.5 },
            "faces": {
                "up":    { "uv": [ 0, 0, 16, 16 ], "texture": "#shell3" },
                "down":  { "uv": [ 0, 0, 16, 16 ], "texture": "#shell3" },
                "east":  { "uv": [ 0, 0, 16, 16 ], "texture": "#shell3" },
                "west":  { "uv": [ 0, 0, 16, 16 ], "texture": "#shell3" },
                "north": { "uv": [ 0, 0, 16, 16 ], "texture": "#shell3" },
                "south": { "uv": [ 0, 0, 16, 16 ], "texture": "#shell3" }
            }
        },
        {
            "comment": "shell",
            "from": [ 4.16114432, 4.16114432, 4.16114432 ],
            "to": [ 11.83885568, 11.83885568, 11.83885568 ],
            "rotation": { "origin": [ 8.0, 8.0, 8.0 ], "axis": "z", "angle": -45 },
            "faces": {
                "up":    { "uv": [ 0, 0, 16, 16 ], "texture": "#shell0" },
                "down":  { "uv": [ 0, 0, 16, 16 ], "texture": "#shell0" },
                "east":  { "uv": [ 0, 0, 16, 16 ], "texture": "#shell0" },
                "west":  { "uv": [ 0, 0, 16, 16 ], "texture": "#shell0" },
                "north": { "uv": [ 0, 0, 16, 16 ], "texture": "#shell0" },
                "south": { "uv": [ 0, 0, 16, 16 ], "texture": "#shell0" }
            }
        },
        {
            "comment": "shell",
            "from": [ 4.16114432, 4.16114432, 4.16114432 ],
            "to": [ 11.83885568, 11.83885568, 11.83885568 ],
            "rotation": { "origin": [ 8.0, 8.0, 8.0 ], "axis": "z", "angle": 22.5 },
            "faces": {
                "up":    { "uv": [ 0, 0, 16, 16 ], "texture": "#shell1" },
                "down":  { "uv": [ 0, 0, 16, 16 ], "texture": "#shell1" },
                "east":  { "uv": [ 0, 0, 16, 16 ], "texture": "#shell1" },
                "west":  { "uv": [ 0, 0, 16, 16 ], "texture": "#shell1" },
                "north": { "uv": [ 0, 0, 16, 16 ], "texture": "#shell1" },
                "south": { "uv": [ 0, 0, 16, 16 ], "texture": "#shell1" }
            }
        },
        {
            "comment": "shell",
            "from": [ 4.16114432, 4.16114432, 4.16114432 ],
            "to": [ 11.83885568, 11.83885568, 11.83885568 ],
            "rotation": { "origin": [ 8.0, 8.0, 8.0 ], "axis": "z", "angle": 45 },
            "faces": {
                "up":    { "uv": [ 0, 0, 16, 16 ], "texture": "#shell2" },
                "down":  { "uv": [ 0, 0, 16, 16 ], "texture": "#shell2" },
                "east":  { "uv": [ 0, 0, 16, 16 ], "texture": "#shell2" },
                "west":  { "uv": [ 0, 0, 16, 16 ], "texture": "#shell2" },
                "north": { "uv": [ 0, 0, 16, 16 ], "texture": "#shell2" },
                "south": { "uv": [ 0, 0, 16, 16 ], "texture": "#shell2" }
            }
        },
        {
            "comment": "shell",
            "from": [ 4.16114432, 4.16114432, 4.16114432 ],
            "to": [ 11.83885568, 11.83885568, 11.83885568 ],
            "rotation": { "origin": [ 8.0, 8.0, 8.0 ], "axis": "z", "angle": -22.5 },
            "faces": {
                "up":    { "uv": [ 0, 0, 16, 16 ], "texture": "#shell3" },
                "down":  { "uv": [ 0, 0, 16, 16 ], "texture": "#shell3" },
                "east":  { "uv": [ 0, 0, 16, 16 ], "texture": "#shell3" },
                "west":  { "uv": [ 0, 0, 16, 16 ], "texture": "#shell3" },
                "north": { "uv": [ 0, 0, 16, 16 ], "texture": "#shell3" },
                "south": { "uv": [ 0, 0, 16, 16 ], "texture": "#shell3" }
            }
        }
    ]
}
