{
    "elements": [
        {
            "comment": "main bag body",
            "from": [ 6.309999999999999, 5.0, 2.6479999999999997 ],
            "to": [ 9.690000000000001, 9.056000000000001, 5.352 ],
            "faces": {
                "east":  { "uv": [ 3.0, 0.0, 13.0, 12.0 ], "texture": "#bag", "rotation": 180 },
                "down":  { "uv": [ 3.0, 4.0, 13.0, 12.0 ], "texture": "#bag", "rotation": 180 },
                "west":  { "uv": [ 3.0, 0.0, 13.0, 12.0 ], "texture": "#bag", "rotation": 180 },
                "north": { "uv": [ 4.0, 0.0, 12.0, 12.0 ], "texture": "#bag" },
                "up":    { "uv": [ 0, 0, 10, 8 ], "texture": "#bag_rim", "rotation": 180 },
                "south": { "uv": [ 4.0, 0.0, 12.0, 12.0 ], "texture": "#bag" }
            }
        },
        {
            "comment": "label",
            "from": [ 6.986000000000001, 5.338000000000001, 2.6142000000000003 ],
            "to": [ 9.014, 7.366000000000001, 2.6142000000000003 ],
            "faces": {
                "north": { "uv": [ 0, 0, 16, 16 ], "texture": "#label" }
            }
        },
        {
            "comment": "bag interior",
            "from": [ 9.352, 9.056000000000001, 5.013999999999999 ],
            "to": [ 6.648, 8.38, 2.9860000000000007 ],
            "faces": {
                "east":  { "uv": [ 12.0, 12.0, 4.0, 10.0 ], "texture": "#bag", "rotation": 180 },
                "north": { "uv": [ 11.0, 12.0, 5.0, 10.0 ], "texture": "#bag" },
                "west":  { "uv": [ 12.0, 12.0, 4.0, 10.0 ], "texture": "#bag", "rotation": 180 },
                "up":    { "uv": [ 12.0, 11.0, 4.0, 5.0 ], "texture": "#purified", "rotation": 180 },
                "south": { "uv": [ 11.0, 12.0, 5.0, 10.0 ], "texture": "#bag" }
            }
        },
        {
            "comment": "bag lip north",
            "from": [ 6.309999999999999, 8.042, 2.6479999999999997 ],
            "to": [ 9.690000000000001, 9.056000000000001, 2.9860000000000007 ],
            "rotation": { "origin": [ 5.295999999999999, 9.056000000000001, 2.6479999999999997 ], "axis": "x", "angle": 22.5 },
            "faces": {
                "south": { "uv": [ 4.0, 9.0, 5.0, 12.0 ], "texture": "#bag" },
                "east":  { "uv": [ 3.0, 9.0, 13.0, 12.0 ], "texture": "#bag", "rotation": 180 },
                "north": { "uv": [ 4.0, 9.0, 5.0, 12.0 ], "texture": "#bag" },
                "west":  { "uv": [ 3.0, 9.0, 13.0, 12.0 ], "texture": "#bag", "rotation": 180 },
                "down":  { "uv": [ 3.0, 4.0, 13.0, 5.0 ], "texture": "#bag", "rotation": 180 },
                "up":    { "uv": [ 3.0, 4.0, 13.0, 5.0 ], "texture": "#bag", "rotation": 180 }
            }
        },
        {
            "comment": "bag lip west",
            "from": [ 6.309999999999999, 8.042, 2.6479999999999997 ],
            "to": [ 6.648, 9.056000000000001, 5.352 ],
            "rotation": { "origin": [ 6.309999999999999, 9.056000000000001, 2.6479999999999997 ], "axis": "z", "angle": -22.5 },
            "faces": {
                "west":  { "uv": [ 3.0, 9.0, 4.0, 12.0 ], "texture": "#bag", "rotation": 180 },
                "north": { "uv": [ 4.0, 9.0, 12.0, 12.0 ], "texture": "#bag" },
                "up":    { "uv": [ 3.0, 4.0, 4.0, 12.0 ], "texture": "#bag", "rotation": 180 },
                "south": { "uv": [ 4.0, 9.0, 12.0, 12.0 ], "texture": "#bag" },
                "east":  { "uv": [ 3.0, 9.0, 4.0, 12.0 ], "texture": "#bag", "rotation": 180 },
                "down":  { "uv": [ 3.0, 4.0, 4.0, 12.0 ], "texture": "#bag", "rotation": 180 }
            }
        },
        {
            "comment": "bag lip south",
            "from": [ 6.309999999999999, 8.042, 5.013999999999999 ],
            "to": [ 9.690000000000001, 9.056000000000001, 5.352 ],
            "rotation": { "origin": [ 5.295999999999999, 9.056000000000001, 5.352 ], "axis": "x", "angle": -22.5 },
            "faces": {
                "east":  { "uv": [ 3.0, 9.0, 13.0, 12.0 ], "texture": "#bag", "rotation": 180 },
                "west":  { "uv": [ 3.0, 9.0, 13.0, 12.0 ], "texture": "#bag", "rotation": 180 },
                "south": { "uv": [ 11.0, 9.0, 12.0, 12.0 ], "texture": "#bag" },
                "up":    { "uv": [ 3.0, 11.0, 13.0, 12.0 ], "texture": "#bag", "rotation": 180 },
                "north": { "uv": [ 11.0, 9.0, 12.0, 12.0 ], "texture": "#bag" },
                "down":  { "uv": [ 3.0, 11.0, 13.0, 12.0 ], "texture": "#bag", "rotation": 180 }
            }
        },
        {
            "comment": "bag lip east",
            "from": [ 9.352, 8.042, 2.6479999999999997 ],
            "to": [ 9.690000000000001, 9.056000000000001, 5.352 ],
            "rotation": { "origin": [ 9.690000000000001, 9.056000000000001, 2.6479999999999997 ], "axis": "z", "angle": 22.5 },
            "faces": {
                "up":    { "uv": [ 12.0, 4.0, 13.0, 12.0 ], "texture": "#bag", "rotation": 180 },
                "west":  { "uv": [ 12.0, 9.0, 13.0, 12.0 ], "texture": "#bag", "rotation": 180 },
                "down":  { "uv": [ 12.0, 4.0, 13.0, 12.0 ], "texture": "#bag", "rotation": 180 },
                "north": { "uv": [ 4.0, 9.0, 12.0, 12.0 ], "texture": "#bag" },
                "south": { "uv": [ 4.0, 9.0, 12.0, 12.0 ], "texture": "#bag" },
                "east":  { "uv": [ 12.0, 9.0, 13.0, 12.0 ], "texture": "#bag", "rotation": 180 }
            }
        },
        {
            "comment": "string loop",
            "from": [ 6.141, 7.535, 2.478999999999999 ],
            "to": [ 9.859, 7.873000000000001, 5.521000000000001 ],
            "faces": {
                "north": { "uv": [ 3.5, 7.5, 12.5, 8.5 ], "texture": "#string" },
                "down":  { "uv": [ 2.5, 3.5, 13.5, 12.5 ], "texture": "#string", "rotation": 180 },
                "south": { "uv": [ 3.5, 7.5, 12.5, 8.5 ], "texture": "#string" },
                "east":  { "uv": [ 2.5, 7.5, 13.5, 8.5 ], "texture": "#string", "rotation": 180 },
                "up":    { "uv": [ 2.5, 3.5, 13.5, 12.5 ], "texture": "#string", "rotation": 180 },
                "west":  { "uv": [ 2.5, 7.5, 13.5, 8.5 ], "texture": "#string", "rotation": 180 }
            }
        },
        {
            "comment": "knot",
            "from": [ 9.690000000000001, 7.366000000000001, 3.661999999999999 ],
            "to": [ 10.028, 8.042, 4.338000000000001 ],
            "faces": {
                "down":  { "uv": [ 13.0, 7.0, 14.0, 9.0 ], "texture": "#string", "rotation": 180 },
                "east":  { "uv": [ 13.0, 7.0, 14.0, 9.0 ], "texture": "#string", "rotation": 180 },
                "west":  { "uv": [ 13.0, 7.0, 14.0, 9.0 ], "texture": "#string", "rotation": 180 },
                "up":    { "uv": [ 13.0, 7.0, 14.0, 9.0 ], "texture": "#string", "rotation": 180 },
                "north": { "uv": [ 7.0, 7.0, 9.0, 9.0 ], "texture": "#string" },
                "south": { "uv": [ 7.0, 7.0, 9.0, 9.0 ], "texture": "#string" }
            }
        },
        {
            "comment": "knot string",
            "from": [ 9.690000000000001, 6.352, 3.8309999999999995 ],
            "to": [ 9.859, 7.704000000000001, 4.1690000000000005 ],
            "rotation": { "origin": [ 5.295999999999999, 7.704000000000001, 4.0 ], "axis": "x", "angle": 22.5 },
            "faces": {
                "north": { "uv": [ 7.5, 4.0, 8.5, 8.0 ], "texture": "#string" },
                "down":  { "uv": [ 13.0, 7.5, 13.5, 8.5 ], "texture": "#string", "rotation": 180 },
                "west":  { "uv": [ 13.0, 4.0, 13.5, 8.0 ], "texture": "#string", "rotation": 180 },
                "east":  { "uv": [ 13.0, 4.0, 13.5, 8.0 ], "texture": "#string", "rotation": 180 },
                "south": { "uv": [ 7.5, 4.0, 8.5, 8.0 ], "texture": "#string" },
                "up":    { "uv": [ 13.0, 7.5, 13.5, 8.5 ], "texture": "#string", "rotation": 180 }
            }
        },
        {
            "comment": "knot string",
            "from": [ 9.690000000000001, 6.352, 3.8309999999999995 ],
            "to": [ 9.859, 7.704000000000001, 4.1690000000000005 ],
            "rotation": { "origin": [ 5.295999999999999, 7.704000000000001, 4.0 ], "axis": "x", "angle": -22.5 },
            "faces": {
                "north": { "uv": [ 7.5, 4.0, 8.5, 8.0 ], "texture": "#string" },
                "down":  { "uv": [ 13.0, 7.5, 13.5, 8.5 ], "texture": "#string", "rotation": 180 },
                "west":  { "uv": [ 13.0, 4.0, 13.5, 8.0 ], "texture": "#string", "rotation": 180 },
                "east":  { "uv": [ 13.0, 4.0, 13.5, 8.0 ], "texture": "#string", "rotation": 180 },
                "south": { "uv": [ 7.5, 4.0, 8.5, 8.0 ], "texture": "#string" },
                "up":    { "uv": [ 13.0, 7.5, 13.5, 8.5 ], "texture": "#string", "rotation": 180 }
            }
        },
        {
            "comment": "powder grain",
            "from": [ 5.465, 5.0, 1.8029999999999973 ],
            "to": [ 6.309999999999999, 6.013999999999999, 2.6479999999999997 ],
            "rotation": { "origin": [ 5.887499999999999, 7.704000000000001, 1.8874999999999993 ], "axis": "y", "angle": -22.5 },
            "faces": {
                "south": { "uv": [ 0, 0, 3, 3 ], "texture": "#purified" },
                "east":  { "uv": [ 0, 0, 3, 3 ], "texture": "#purified", "rotation": 180 },
                "up":    { "uv": [ 0, 0, 3, 3 ], "texture": "#purified", "rotation": 180 },
                "north": { "uv": [ 0, 0, 3, 3 ], "texture": "#purified" },
                "west":  { "uv": [ 0, 0, 3, 3 ], "texture": "#purified", "rotation": 180 },
                "down":  { "uv": [ 0, 0, 3, 3 ], "texture": "#purified", "rotation": 180 }
            }
        },
        {
            "comment": "powder grain",
            "from": [ 5.634, 6.013999999999999, 1.8874999999999993 ],
            "to": [ 6.141, 6.521000000000001, 2.3945000000000007 ],
            "rotation": { "origin": [ 5.887499999999999, 7.704000000000001, 2.1409999999999982 ], "axis": "y", "angle": 45 },
            "faces": {
                "west":  { "uv": [ 0, 3, 3, 6 ], "texture": "#purified", "rotation": 180 },
                "south": { "uv": [ 0, 3, 3, 6 ], "texture": "#purified" },
                "north": { "uv": [ 0, 3, 3, 6 ], "texture": "#purified" },
                "up":    { "uv": [ 0, 3, 3, 6 ], "texture": "#purified", "rotation": 180 },
                "east":  { "uv": [ 0, 3, 3, 6 ], "texture": "#purified", "rotation": 180 },
                "down":  { "uv": [ 0, 3, 3, 6 ], "texture": "#purified", "rotation": 180 }
            }
        },
        {
            "comment": "powder grain",
            "from": [ 6.309999999999999, 5.0, 1.9720000000000013 ],
            "to": [ 6.986000000000001, 5.676, 2.6479999999999997 ],
            "rotation": { "origin": [ 6.478999999999999, 7.704000000000001, 1.9720000000000013 ], "axis": "y", "angle": 22.5 },
            "faces": {
                "north": { "uv": [ 0, 9, 3, 12 ], "texture": "#purified" },
                "up":    { "uv": [ 0, 9, 3, 12 ], "texture": "#purified", "rotation": 180 },
                "east":  { "uv": [ 0, 9, 3, 12 ], "texture": "#purified", "rotation": 180 },
                "down":  { "uv": [ 0, 9, 3, 12 ], "texture": "#purified", "rotation": 180 },
                "south": { "uv": [ 0, 9, 3, 12 ], "texture": "#purified" },
                "west":  { "uv": [ 0, 9, 3, 12 ], "texture": "#purified", "rotation": 180 }
            }
        },
        {
            "comment": "powder grain",
            "from": [ 6.141, 5.0, 1.2959999999999994 ],
            "to": [ 6.648, 5.507, 1.8029999999999973 ],
            "rotation": { "origin": [ 5.887499999999999, 7.704000000000001, 2.0564999999999998 ], "axis": "y", "angle": 0 },
            "faces": {
                "up":    { "uv": [ 1, 10, 3, 12 ], "texture": "#purified", "rotation": 180 },
                "south": { "uv": [ 1, 10, 3, 12 ], "texture": "#purified" },
                "west":  { "uv": [ 1, 10, 3, 12 ], "texture": "#purified", "rotation": 180 },
                "down":  { "uv": [ 1, 10, 3, 12 ], "texture": "#purified", "rotation": 180 },
                "east":  { "uv": [ 1, 10, 3, 12 ], "texture": "#purified", "rotation": 180 },
                "north": { "uv": [ 1, 10, 3, 12 ], "texture": "#purified" }
            }
        }
    ]
}