{
    "texture": {
        "particle": "#brick"
    },
    "elements": [
        {
            "comment": "main block",
            "from": [ 0.0, 1.0, 0.75 ],
            "to": [ 7.0, 3.333333333333333, 4.25 ],
            "faces": {
                "down":  { "uv": [ 2.0, 5.0, 14.0, 11.0 ], "texture": "#brick" },
                "east":  { "uv": [ 5.0, 12.0, 11.0, 16.0 ], "texture": "#brick" },
                "west":  { "uv": [ 5.0, 12.0, 11.0, 16.0 ], "texture": "#brick" },
                "north": { "uv": [ 2.0, 12.0, 11.0, 16.0 ], "texture": "#brick" },
                "south": { "uv": [ 2.0, 12.0, 11.0, 16.0 ], "texture": "#brick" }
            }
        },
        {
            "comment": "block top",
            "from": [ 0.0, 3.333333333333333, 0.75 ],
            "to": [ 1.166666666666666, 3.333333333333333, 4.25 ],
            "faces": {
                "up":    { "uv": [ 2.0, 5.0, 4.0, 11.0 ], "texture": "#brick" }
            }
        },
        {
            "comment": "block top",
            "from": [ 5.833333333333332, 3.333333333333333, 0.75 ],
            "to": [ 7.0, 3.333333333333333, 4.25 ],
            "faces": {
                "up":    { "uv": [ 12.0, 5.0, 14.0, 11.0 ], "texture": "#brick" }
            }
        },
        {
            "comment": "block top",
            "from": [ 0.5833333333333339, 3.333333333333333, 0.75 ],
            "to": [ 6.416666666666666, 3.333333333333333, 1.9166666666666665 ],
            "faces": {
                "up":    { "uv": [ 3.0, 5.0, 13.0, 7.0 ], "texture": "#brick" }
            }
        },
        {
            "comment": "block top",
            "from": [ 0.5833333333333339, 3.333333333333333, 3.083333333333333 ],
            "to": [ 6.416666666666666, 3.333333333333333, 4.25 ],
            "faces": {
                "up":    { "uv": [ 3.0, 9.0, 13.0, 11.0 ], "texture": "#brick" }
            }
        },
        {
            "comment": "indent sides",
            "from": [ 5.833333333333332, 3.333333333333333, 3.083333333333333 ],
            "to": [ 1.166666666666666, 2.75, 1.9166666666666665 ],
            "faces": {
                "east":  { "uv": [ 9.0, 13.0, 7.0, 12.0 ], "texture": "#brick" },
                "west":  { "uv": [ 9.0, 13.0, 7.0, 12.0 ], "texture": "#brick" }
            }
        },
        {
            "comment": "indent",
            "from": [ 5.833333333333332, 3.333333333333333, 1.9166666666666665 ],
            "to": [ 1.166666666666666, 2.458333333333333, 1.9166666666666665 ],
            "rotation": { "origin": [ -1.166666666666666, 3.333333333333333, 1.9166666666666665 ], "axis": "x", "angle": -45 },
            "faces": {
                "south": { "uv": [ 4, 7, 12, 8 ], "texture": "#brick" }
            }
        },
        {
            "comment": "indent",
            "from": [ 5.833333333333332, 3.333333333333333, 3.083333333333333 ],
            "to": [ 1.166666666666666, 2.458333333333333, 3.083333333333333 ],
            "rotation": { "origin": [ -1.166666666666666, 3.333333333333333, 3.083333333333333 ], "axis": "x", "angle": 45 },
            "faces": {
                "north": { "uv": [ 4, 7, 12, 8 ], "texture": "#brick" }
            }
        },
        {
            "comment": "main block",
            "from": [ 9.0, 1.0, 0.75 ],
            "to": [ 16.0, 3.333333333333333, 4.25 ],
            "faces": {
                "down":  { "uv": [ 2.0, 5.0, 14.0, 11.0 ], "texture": "#brick" },
                "east":  { "uv": [ 5.0, 12.0, 11.0, 16.0 ], "texture": "#brick" },
                "west":  { "uv": [ 5.0, 12.0, 11.0, 16.0 ], "texture": "#brick" },
                "north": { "uv": [ 2.0, 12.0, 11.0, 16.0 ], "texture": "#brick" },
                "south": { "uv": [ 2.0, 12.0, 11.0, 16.0 ], "texture": "#brick" }
            }
        },
        {
            "comment": "block top",
            "from": [ 9.0, 3.333333333333333, 0.75 ],
            "to": [ 10.166666666666666, 3.333333333333333, 4.25 ],
            "faces": {
                "up":    { "uv": [ 2.0, 5.0, 4.0, 11.0 ], "texture": "#brick" }
            }
        },
        {
            "comment": "block top",
            "from": [ 14.833333333333332, 3.333333333333333, 0.75 ],
            "to": [ 16.0, 3.333333333333333, 4.25 ],
            "faces": {
                "up":    { "uv": [ 12.0, 5.0, 14.0, 11.0 ], "texture": "#brick" }
            }
        },
        {
            "comment": "block top",
            "from": [ 9.583333333333334, 3.333333333333333, 0.75 ],
            "to": [ 15.416666666666666, 3.333333333333333, 1.9166666666666665 ],
            "faces": {
                "up":    { "uv": [ 3.0, 5.0, 13.0, 7.0 ], "texture": "#brick" }
            }
        },
        {
            "comment": "block top",
            "from": [ 9.583333333333334, 3.333333333333333, 3.083333333333333 ],
            "to": [ 15.416666666666666, 3.333333333333333, 4.25 ],
            "faces": {
                "up":    { "uv": [ 3.0, 9.0, 13.0, 11.0 ], "texture": "#brick" }
            }
        },
        {
            "comment": "indent sides",
            "from": [ 14.833333333333332, 3.333333333333333, 3.083333333333333 ],
            "to": [ 10.166666666666666, 2.75, 1.9166666666666665 ],
            "faces": {
                "east":  { "uv": [ 9.0, 13.0, 7.0, 12.0 ], "texture": "#brick" },
                "west":  { "uv": [ 9.0, 13.0, 7.0, 12.0 ], "texture": "#brick" }
            }
        },
        {
            "comment": "indent",
            "from": [ 14.833333333333332, 3.333333333333333, 1.9166666666666665 ],
            "to": [ 10.166666666666666, 2.458333333333333, 1.9166666666666665 ],
            "rotation": { "origin": [ 7.833333333333334, 3.333333333333333, 1.9166666666666665 ], "axis": "x", "angle": -45 },
            "faces": {
                "south": { "uv": [ 4, 7, 12, 8 ], "texture": "#brick" }
            }
        },
        {
            "comment": "indent",
            "from": [ 14.833333333333332, 3.333333333333333, 3.083333333333333 ],
            "to": [ 10.166666666666666, 2.458333333333333, 3.083333333333333 ],
            "rotation": { "origin": [ 7.833333333333334, 3.333333333333333, 3.083333333333333 ], "axis": "x", "angle": 45 },
            "faces": {
                "north": { "uv": [ 4, 7, 12, 8 ], "texture": "#brick" }
            }
        },
        {
            "comment": "main block",
            "from": [ 0.0, 1.0, 6.25 ],
            "to": [ 7.0, 3.333333333333333, 9.75 ],
            "faces": {
                "down":  { "uv": [ 2.0, 5.0, 14.0, 11.0 ], "texture": "#brick" },
                "east":  { "uv": [ 5.0, 12.0, 11.0, 16.0 ], "texture": "#brick" },
                "west":  { "uv": [ 5.0, 12.0, 11.0, 16.0 ], "texture": "#brick" },
                "north": { "uv": [ 2.0, 12.0, 11.0, 16.0 ], "texture": "#brick" },
                "south": { "uv": [ 2.0, 12.0, 11.0, 16.0 ], "texture": "#brick" }
            }
        },
        {
            "comment": "block top",
            "from": [ 0.0, 3.333333333333333, 6.25 ],
            "to": [ 1.166666666666666, 3.333333333333333, 9.75 ],
            "faces": {
                "up":    { "uv": [ 2.0, 5.0, 4.0, 11.0 ], "texture": "#brick" }
            }
        },
        {
            "comment": "block top",
            "from": [ 5.833333333333332, 3.333333333333333, 6.25 ],
            "to": [ 7.0, 3.333333333333333, 9.75 ],
            "faces": {
                "up":    { "uv": [ 12.0, 5.0, 14.0, 11.0 ], "texture": "#brick" }
            }
        },
        {
            "comment": "block top",
            "from": [ 0.5833333333333339, 3.333333333333333, 6.25 ],
            "to": [ 6.416666666666666, 3.333333333333333, 7.416666666666666 ],
            "faces": {
                "up":    { "uv": [ 3.0, 5.0, 13.0, 7.0 ], "texture": "#brick" }
            }
        },
        {
            "comment": "block top",
            "from": [ 0.5833333333333339, 3.333333333333333, 8.583333333333332 ],
            "to": [ 6.416666666666666, 3.333333333333333, 9.75 ],
            "faces": {
                "up":    { "uv": [ 3.0, 9.0, 13.0, 11.0 ], "texture": "#brick" }
            }
        },
        {
            "comment": "indent sides",
            "from": [ 5.833333333333332, 3.333333333333333, 8.583333333333332 ],
            "to": [ 1.166666666666666, 2.75, 7.416666666666666 ],
            "faces": {
                "east":  { "uv": [ 9.0, 13.0, 7.0, 12.0 ], "texture": "#brick" },
                "west":  { "uv": [ 9.0, 13.0, 7.0, 12.0 ], "texture": "#brick" }
            }
        },
        {
            "comment": "indent",
            "from": [ 5.833333333333332, 3.333333333333333, 7.416666666666666 ],
            "to": [ 1.166666666666666, 2.458333333333333, 7.416666666666666 ],
            "rotation": { "origin": [ -1.166666666666666, 3.333333333333333, 7.416666666666666 ], "axis": "x", "angle": -45 },
            "faces": {
                "south": { "uv": [ 4, 7, 12, 8 ], "texture": "#brick" }
            }
        },
        {
            "comment": "indent",
            "from": [ 5.833333333333332, 3.333333333333333, 8.583333333333332 ],
            "to": [ 1.166666666666666, 2.458333333333333, 8.583333333333332 ],
            "rotation": { "origin": [ -1.166666666666666, 3.333333333333333, 8.583333333333332 ], "axis": "x", "angle": 45 },
            "faces": {
                "north": { "uv": [ 4, 7, 12, 8 ], "texture": "#brick" }
            }
        },
        {
            "comment": "main block",
            "from": [ 9.0, 1.0, 6.25 ],
            "to": [ 16.0, 3.333333333333333, 9.75 ],
            "faces": {
                "down":  { "uv": [ 2.0, 5.0, 14.0, 11.0 ], "texture": "#brick" },
                "east":  { "uv": [ 5.0, 12.0, 11.0, 16.0 ], "texture": "#brick" },
                "west":  { "uv": [ 5.0, 12.0, 11.0, 16.0 ], "texture": "#brick" },
                "north": { "uv": [ 2.0, 12.0, 11.0, 16.0 ], "texture": "#brick" },
                "south": { "uv": [ 2.0, 12.0, 11.0, 16.0 ], "texture": "#brick" }
            }
        },
        {
            "comment": "block top",
            "from": [ 9.0, 3.333333333333333, 6.25 ],
            "to": [ 10.166666666666666, 3.333333333333333, 9.75 ],
            "faces": {
                "up":    { "uv": [ 2.0, 5.0, 4.0, 11.0 ], "texture": "#brick" }
            }
        },
        {
            "comment": "block top",
            "from": [ 14.833333333333332, 3.333333333333333, 6.25 ],
            "to": [ 16.0, 3.333333333333333, 9.75 ],
            "faces": {
                "up":    { "uv": [ 12.0, 5.0, 14.0, 11.0 ], "texture": "#brick" }
            }
        },
        {
            "comment": "block top",
            "from": [ 9.583333333333334, 3.333333333333333, 6.25 ],
            "to": [ 15.416666666666666, 3.333333333333333, 7.416666666666666 ],
            "faces": {
                "up":    { "uv": [ 3.0, 5.0, 13.0, 7.0 ], "texture": "#brick" }
            }
        },
        {
            "comment": "block top",
            "from": [ 9.583333333333334, 3.333333333333333, 8.583333333333332 ],
            "to": [ 15.416666666666666, 3.333333333333333, 9.75 ],
            "faces": {
                "up":    { "uv": [ 3.0, 9.0, 13.0, 11.0 ], "texture": "#brick" }
            }
        },
        {
            "comment": "indent sides",
            "from": [ 14.833333333333332, 3.333333333333333, 8.583333333333332 ],
            "to": [ 10.166666666666666, 2.75, 7.416666666666666 ],
            "faces": {
                "east":  { "uv": [ 9.0, 13.0, 7.0, 12.0 ], "texture": "#brick" },
                "west":  { "uv": [ 9.0, 13.0, 7.0, 12.0 ], "texture": "#brick" }
            }
        },
        {
            "comment": "indent",
            "from": [ 14.833333333333332, 3.333333333333333, 7.416666666666666 ],
            "to": [ 10.166666666666666, 2.458333333333333, 7.416666666666666 ],
            "rotation": { "origin": [ 7.833333333333334, 3.333333333333333, 7.416666666666666 ], "axis": "x", "angle": -45 },
            "faces": {
                "south": { "uv": [ 4, 7, 12, 8 ], "texture": "#brick" }
            }
        },
        {
            "comment": "indent",
            "from": [ 14.833333333333332, 3.333333333333333, 8.583333333333332 ],
            "to": [ 10.166666666666666, 2.458333333333333, 8.583333333333332 ],
            "rotation": { "origin": [ 7.833333333333334, 3.333333333333333, 8.583333333333332 ], "axis": "x", "angle": 45 },
            "faces": {
                "north": { "uv": [ 4, 7, 12, 8 ], "texture": "#brick" }
            }
        },
        {
            "comment": "main block",
            "from": [ 0.0, 1.0, 11.75 ],
            "to": [ 7.0, 3.333333333333333, 15.25 ],
            "faces": {
                "down":  { "uv": [ 2.0, 5.0, 14.0, 11.0 ], "texture": "#brick" },
                "east":  { "uv": [ 5.0, 12.0, 11.0, 16.0 ], "texture": "#brick" },
                "west":  { "uv": [ 5.0, 12.0, 11.0, 16.0 ], "texture": "#brick" },
                "north": { "uv": [ 2.0, 12.0, 11.0, 16.0 ], "texture": "#brick" },
                "south": { "uv": [ 2.0, 12.0, 11.0, 16.0 ], "texture": "#brick" }
            }
        },
        {
            "comment": "block top",
            "from": [ 0.0, 3.333333333333333, 11.75 ],
            "to": [ 1.166666666666666, 3.333333333333333, 15.25 ],
            "faces": {
                "up":    { "uv": [ 2.0, 5.0, 4.0, 11.0 ], "texture": "#brick" }
            }
        },
        {
            "comment": "block top",
            "from": [ 5.833333333333332, 3.333333333333333, 11.75 ],
            "to": [ 7.0, 3.333333333333333, 15.25 ],
            "faces": {
                "up":    { "uv": [ 12.0, 5.0, 14.0, 11.0 ], "texture": "#brick" }
            }
        },
        {
            "comment": "block top",
            "from": [ 0.5833333333333339, 3.333333333333333, 11.75 ],
            "to": [ 6.416666666666666, 3.333333333333333, 12.916666666666666 ],
            "faces": {
                "up":    { "uv": [ 3.0, 5.0, 13.0, 7.0 ], "texture": "#brick" }
            }
        },
        {
            "comment": "block top",
            "from": [ 0.5833333333333339, 3.333333333333333, 14.083333333333332 ],
            "to": [ 6.416666666666666, 3.333333333333333, 15.25 ],
            "faces": {
                "up":    { "uv": [ 3.0, 9.0, 13.0, 11.0 ], "texture": "#brick" }
            }
        },
        {
            "comment": "indent sides",
            "from": [ 5.833333333333332, 3.333333333333333, 14.083333333333332 ],
            "to": [ 1.166666666666666, 2.75, 12.916666666666666 ],
            "faces": {
                "east":  { "uv": [ 9.0, 13.0, 7.0, 12.0 ], "texture": "#brick" },
                "west":  { "uv": [ 9.0, 13.0, 7.0, 12.0 ], "texture": "#brick" }
            }
        },
        {
            "comment": "indent",
            "from": [ 5.833333333333332, 3.333333333333333, 12.916666666666666 ],
            "to": [ 1.166666666666666, 2.458333333333333, 12.916666666666666 ],
            "rotation": { "origin": [ -1.166666666666666, 3.333333333333333, 12.916666666666666 ], "axis": "x", "angle": -45 },
            "faces": {
                "south": { "uv": [ 4, 7, 12, 8 ], "texture": "#brick" }
            }
        },
        {
            "comment": "indent",
            "from": [ 5.833333333333332, 3.333333333333333, 14.083333333333332 ],
            "to": [ 1.166666666666666, 2.458333333333333, 14.083333333333332 ],
            "rotation": { "origin": [ -1.166666666666666, 3.333333333333333, 14.083333333333332 ], "axis": "x", "angle": 45 },
            "faces": {
                "north": { "uv": [ 4, 7, 12, 8 ], "texture": "#brick" }
            }
        },
        {
            "comment": "main block",
            "from": [ 9.0, 1.0, 11.75 ],
            "to": [ 16.0, 3.333333333333333, 15.25 ],
            "faces": {
                "down":  { "uv": [ 2.0, 5.0, 14.0, 11.0 ], "texture": "#brick" },
                "east":  { "uv": [ 5.0, 12.0, 11.0, 16.0 ], "texture": "#brick" },
                "west":  { "uv": [ 5.0, 12.0, 11.0, 16.0 ], "texture": "#brick" },
                "north": { "uv": [ 2.0, 12.0, 11.0, 16.0 ], "texture": "#brick" },
                "south": { "uv": [ 2.0, 12.0, 11.0, 16.0 ], "texture": "#brick" }
            }
        },
        {
            "comment": "block top",
            "from": [ 9.0, 3.333333333333333, 11.75 ],
            "to": [ 10.166666666666666, 3.333333333333333, 15.25 ],
            "faces": {
                "up":    { "uv": [ 2.0, 5.0, 4.0, 11.0 ], "texture": "#brick" }
            }
        },
        {
            "comment": "block top",
            "from": [ 14.833333333333332, 3.333333333333333, 11.75 ],
            "to": [ 16.0, 3.333333333333333, 15.25 ],
            "faces": {
                "up":    { "uv": [ 12.0, 5.0, 14.0, 11.0 ], "texture": "#brick" }
            }
        },
        {
            "comment": "block top",
            "from": [ 9.583333333333334, 3.333333333333333, 11.75 ],
            "to": [ 15.416666666666666, 3.333333333333333, 12.916666666666666 ],
            "faces": {
                "up":    { "uv": [ 3.0, 5.0, 13.0, 7.0 ], "texture": "#brick" }
            }
        },
        {
            "comment": "block top",
            "from": [ 9.583333333333334, 3.333333333333333, 14.083333333333332 ],
            "to": [ 15.416666666666666, 3.333333333333333, 15.25 ],
            "faces": {
                "up":    { "uv": [ 3.0, 9.0, 13.0, 11.0 ], "texture": "#brick" }
            }
        },
        {
            "comment": "indent sides",
            "from": [ 14.833333333333332, 3.333333333333333, 14.083333333333332 ],
            "to": [ 10.166666666666666, 2.75, 12.916666666666666 ],
            "faces": {
                "east":  { "uv": [ 9.0, 13.0, 7.0, 12.0 ], "texture": "#brick" },
                "west":  { "uv": [ 9.0, 13.0, 7.0, 12.0 ], "texture": "#brick" }
            }
        },
        {
            "comment": "indent",
            "from": [ 14.833333333333332, 3.333333333333333, 12.916666666666666 ],
            "to": [ 10.166666666666666, 2.458333333333333, 12.916666666666666 ],
            "rotation": { "origin": [ 7.833333333333334, 3.333333333333333, 12.916666666666666 ], "axis": "x", "angle": -45 },
            "faces": {
                "south": { "uv": [ 4, 7, 12, 8 ], "texture": "#brick" }
            }
        },
        {
            "comment": "indent",
            "from": [ 14.833333333333332, 3.333333333333333, 14.083333333333332 ],
            "to": [ 10.166666666666666, 2.458333333333333, 14.083333333333332 ],
            "rotation": { "origin": [ 7.833333333333334, 3.333333333333333, 14.083333333333332 ], "axis": "x", "angle": 45 },
            "faces": {
                "north": { "uv": [ 4, 7, 12, 8 ], "texture": "#brick" }
            }
        },
        {
            "comment": "main block",
            "from": [ 11.75, 3.4, 0.0 ],
            "to": [ 15.25, 5.7333333333333325, 7.0 ],
            "faces": {
                "north": { "uv": [ 5.0, 12.0, 11.0, 16.0 ], "texture": "#brick" },
                "down":  { "uv": [ 2.0, 5.0, 14.0, 11.0 ], "texture": "#brick", "rotation": 90 },
                "west":  { "uv": [ 2.0, 12.0, 11.0, 16.0 ], "texture": "#brick" },
                "east":  { "uv": [ 2.0, 12.0, 11.0, 16.0 ], "texture": "#brick" },
                "south": { "uv": [ 5.0, 12.0, 11.0, 16.0 ], "texture": "#brick" }
            }
        },
        {
            "comment": "block top",
            "from": [ 11.75, 5.7333333333333325, 0.0 ],
            "to": [ 15.25, 5.7333333333333325, 1.166666666666666 ],
            "faces": {
                "up":    { "uv": [ 2.0, 5.0, 4.0, 11.0 ], "texture": "#brick", "rotation": 90 }
            }
        },
        {
            "comment": "block top",
            "from": [ 11.75, 5.7333333333333325, 5.833333333333332 ],
            "to": [ 15.25, 5.7333333333333325, 7.0 ],
            "faces": {
                "up":    { "uv": [ 12.0, 5.0, 14.0, 11.0 ], "texture": "#brick", "rotation": 90 }
            }
        },
        {
            "comment": "block top",
            "from": [ 14.083333333333334, 5.7333333333333325, 0.5833333333333339 ],
            "to": [ 15.25, 5.7333333333333325, 6.416666666666666 ],
            "faces": {
                "up":    { "uv": [ 3.0, 5.0, 13.0, 7.0 ], "texture": "#brick", "rotation": 90 }
            }
        },
        {
            "comment": "block top",
            "from": [ 11.75, 5.7333333333333325, 0.5833333333333339 ],
            "to": [ 12.916666666666668, 5.7333333333333325, 6.416666666666666 ],
            "faces": {
                "up":    { "uv": [ 3.0, 9.0, 13.0, 11.0 ], "texture": "#brick", "rotation": 90 }
            }
        },
        {
            "comment": "indent sides",
            "from": [ 14.083333333333334, 5.7333333333333325, 5.833333333333332 ],
            "to": [ 12.916666666666668, 5.15, 1.166666666666666 ],
            "faces": {
                "south": { "uv": [ 9.0, 13.0, 7.0, 12.0 ], "texture": "#brick" },
                "north": { "uv": [ 9.0, 13.0, 7.0, 12.0 ], "texture": "#brick" }
            }
        },
        {
            "comment": "indent",
            "from": [ 14.083333333333334, 5.7333333333333325, 5.833333333333332 ],
            "to": [ 14.083333333333334, 4.8583333333333325, 1.166666666666666 ],
            "rotation": { "origin": [ 14.083333333333334, 5.7333333333333325, -1.166666666666666 ], "axis": "z", "angle": -45 },
            "faces": {
                "west":  { "uv": [ 4, 7, 12, 8 ], "texture": "#brick" }
            }
        },
        {
            "comment": "indent",
            "from": [ 12.916666666666668, 5.7333333333333325, 5.833333333333332 ],
            "to": [ 12.916666666666668, 4.8583333333333325, 1.166666666666666 ],
            "rotation": { "origin": [ 12.916666666666668, 5.7333333333333325, -1.166666666666666 ], "axis": "z", "angle": 45 },
            "faces": {
                "east":  { "uv": [ 4, 7, 12, 8 ], "texture": "#brick" }
            }
        },
        {
            "comment": "main block",
            "from": [ 11.75, 3.4, 9.0 ],
            "to": [ 15.25, 5.7333333333333325, 16.0 ],
            "faces": {
                "north": { "uv": [ 5.0, 12.0, 11.0, 16.0 ], "texture": "#brick" },
                "down":  { "uv": [ 2.0, 5.0, 14.0, 11.0 ], "texture": "#brick", "rotation": 90 },
                "west":  { "uv": [ 2.0, 12.0, 11.0, 16.0 ], "texture": "#brick" },
                "east":  { "uv": [ 2.0, 12.0, 11.0, 16.0 ], "texture": "#brick" },
                "south": { "uv": [ 5.0, 12.0, 11.0, 16.0 ], "texture": "#brick" }
            }
        },
        {
            "comment": "block top",
            "from": [ 11.75, 5.7333333333333325, 9.0 ],
            "to": [ 15.25, 5.7333333333333325, 10.166666666666666 ],
            "faces": {
                "up":    { "uv": [ 2.0, 5.0, 4.0, 11.0 ], "texture": "#brick", "rotation": 90 }
            }
        },
        {
            "comment": "block top",
            "from": [ 11.75, 5.7333333333333325, 14.833333333333332 ],
            "to": [ 15.25, 5.7333333333333325, 16.0 ],
            "faces": {
                "up":    { "uv": [ 12.0, 5.0, 14.0, 11.0 ], "texture": "#brick", "rotation": 90 }
            }
        },
        {
            "comment": "block top",
            "from": [ 14.083333333333334, 5.7333333333333325, 9.583333333333334 ],
            "to": [ 15.25, 5.7333333333333325, 15.416666666666666 ],
            "faces": {
                "up":    { "uv": [ 3.0, 5.0, 13.0, 7.0 ], "texture": "#brick", "rotation": 90 }
            }
        },
        {
            "comment": "block top",
            "from": [ 11.75, 5.7333333333333325, 9.583333333333334 ],
            "to": [ 12.916666666666668, 5.7333333333333325, 15.416666666666666 ],
            "faces": {
                "up":    { "uv": [ 3.0, 9.0, 13.0, 11.0 ], "texture": "#brick", "rotation": 90 }
            }
        },
        {
            "comment": "indent sides",
            "from": [ 14.083333333333334, 5.7333333333333325, 14.833333333333332 ],
            "to": [ 12.916666666666668, 5.15, 10.166666666666666 ],
            "faces": {
                "south": { "uv": [ 9.0, 13.0, 7.0, 12.0 ], "texture": "#brick" },
                "north": { "uv": [ 9.0, 13.0, 7.0, 12.0 ], "texture": "#brick" }
            }
        },
        {
            "comment": "indent",
            "from": [ 14.083333333333334, 5.7333333333333325, 14.833333333333332 ],
            "to": [ 14.083333333333334, 4.8583333333333325, 10.166666666666666 ],
            "rotation": { "origin": [ 14.083333333333334, 5.7333333333333325, 7.833333333333334 ], "axis": "z", "angle": -45 },
            "faces": {
                "west":  { "uv": [ 4, 7, 12, 8 ], "texture": "#brick" }
            }
        },
        {
            "comment": "indent",
            "from": [ 12.916666666666668, 5.7333333333333325, 14.833333333333332 ],
            "to": [ 12.916666666666668, 4.8583333333333325, 10.166666666666666 ],
            "rotation": { "origin": [ 12.916666666666668, 5.7333333333333325, 7.833333333333334 ], "axis": "z", "angle": 45 },
            "faces": {
                "east":  { "uv": [ 4, 7, 12, 8 ], "texture": "#brick" }
            }
        },
        {
            "comment": "main block",
            "from": [ 6.25, 3.4, 0.0 ],
            "to": [ 9.75, 5.7333333333333325, 7.0 ],
            "faces": {
                "north": { "uv": [ 5.0, 12.0, 11.0, 16.0 ], "texture": "#brick" },
                "down":  { "uv": [ 2.0, 5.0, 14.0, 11.0 ], "texture": "#brick", "rotation": 90 },
                "west":  { "uv": [ 2.0, 12.0, 11.0, 16.0 ], "texture": "#brick" },
                "east":  { "uv": [ 2.0, 12.0, 11.0, 16.0 ], "texture": "#brick" },
                "south": { "uv": [ 5.0, 12.0, 11.0, 16.0 ], "texture": "#brick" }
            }
        },
        {
            "comment": "block top",
            "from": [ 6.25, 5.7333333333333325, 0.0 ],
            "to": [ 9.75, 5.7333333333333325, 1.166666666666666 ],
            "faces": {
                "up":    { "uv": [ 2.0, 5.0, 4.0, 11.0 ], "texture": "#brick", "rotation": 90 }
            }
        },
        {
            "comment": "block top",
            "from": [ 6.25, 5.7333333333333325, 5.833333333333332 ],
            "to": [ 9.75, 5.7333333333333325, 7.0 ],
            "faces": {
                "up":    { "uv": [ 12.0, 5.0, 14.0, 11.0 ], "texture": "#brick", "rotation": 90 }
            }
        },
        {
            "comment": "block top",
            "from": [ 8.583333333333334, 5.7333333333333325, 0.5833333333333339 ],
            "to": [ 9.75, 5.7333333333333325, 6.416666666666666 ],
            "faces": {
                "up":    { "uv": [ 3.0, 5.0, 13.0, 7.0 ], "texture": "#brick", "rotation": 90 }
            }
        },
        {
            "comment": "block top",
            "from": [ 6.25, 5.7333333333333325, 0.5833333333333339 ],
            "to": [ 7.416666666666668, 5.7333333333333325, 6.416666666666666 ],
            "faces": {
                "up":    { "uv": [ 3.0, 9.0, 13.0, 11.0 ], "texture": "#brick", "rotation": 90 }
            }
        },
        {
            "comment": "indent sides",
            "from": [ 8.583333333333334, 5.7333333333333325, 5.833333333333332 ],
            "to": [ 7.416666666666668, 5.15, 1.166666666666666 ],
            "faces": {
                "south": { "uv": [ 9.0, 13.0, 7.0, 12.0 ], "texture": "#brick" },
                "north": { "uv": [ 9.0, 13.0, 7.0, 12.0 ], "texture": "#brick" }
            }
        },
        {
            "comment": "indent",
            "from": [ 8.583333333333334, 5.7333333333333325, 5.833333333333332 ],
            "to": [ 8.583333333333334, 4.8583333333333325, 1.166666666666666 ],
            "rotation": { "origin": [ 8.583333333333334, 5.7333333333333325, -1.166666666666666 ], "axis": "z", "angle": -45 },
            "faces": {
                "west":  { "uv": [ 4, 7, 12, 8 ], "texture": "#brick" }
            }
        },
        {
            "comment": "indent",
            "from": [ 7.416666666666668, 5.7333333333333325, 5.833333333333332 ],
            "to": [ 7.416666666666668, 4.8583333333333325, 1.166666666666666 ],
            "rotation": { "origin": [ 7.416666666666668, 5.7333333333333325, -1.166666666666666 ], "axis": "z", "angle": 45 },
            "faces": {
                "east":  { "uv": [ 4, 7, 12, 8 ], "texture": "#brick" }
            }
        },
        {
            "comment": "main block",
            "from": [ 6.25, 3.4, 9.0 ],
            "to": [ 9.75, 5.7333333333333325, 16.0 ],
            "faces": {
                "north": { "uv": [ 5.0, 12.0, 11.0, 16.0 ], "texture": "#brick" },
                "down":  { "uv": [ 2.0, 5.0, 14.0, 11.0 ], "texture": "#brick", "rotation": 90 },
                "west":  { "uv": [ 2.0, 12.0, 11.0, 16.0 ], "texture": "#brick" },
                "east":  { "uv": [ 2.0, 12.0, 11.0, 16.0 ], "texture": "#brick" },
                "south": { "uv": [ 5.0, 12.0, 11.0, 16.0 ], "texture": "#brick" }
            }
        },
        {
            "comment": "block top",
            "from": [ 6.25, 5.7333333333333325, 9.0 ],
            "to": [ 9.75, 5.7333333333333325, 10.166666666666666 ],
            "faces": {
                "up":    { "uv": [ 2.0, 5.0, 4.0, 11.0 ], "texture": "#brick", "rotation": 90 }
            }
        },
        {
            "comment": "block top",
            "from": [ 6.25, 5.7333333333333325, 14.833333333333332 ],
            "to": [ 9.75, 5.7333333333333325, 16.0 ],
            "faces": {
                "up":    { "uv": [ 12.0, 5.0, 14.0, 11.0 ], "texture": "#brick", "rotation": 90 }
            }
        },
        {
            "comment": "block top",
            "from": [ 8.583333333333334, 5.7333333333333325, 9.583333333333334 ],
            "to": [ 9.75, 5.7333333333333325, 15.416666666666666 ],
            "faces": {
                "up":    { "uv": [ 3.0, 5.0, 13.0, 7.0 ], "texture": "#brick", "rotation": 90 }
            }
        },
        {
            "comment": "block top",
            "from": [ 6.25, 5.7333333333333325, 9.583333333333334 ],
            "to": [ 7.416666666666668, 5.7333333333333325, 15.416666666666666 ],
            "faces": {
                "up":    { "uv": [ 3.0, 9.0, 13.0, 11.0 ], "texture": "#brick", "rotation": 90 }
            }
        },
        {
            "comment": "indent sides",
            "from": [ 8.583333333333334, 5.7333333333333325, 14.833333333333332 ],
            "to": [ 7.416666666666668, 5.15, 10.166666666666666 ],
            "faces": {
                "south": { "uv": [ 9.0, 13.0, 7.0, 12.0 ], "texture": "#brick" },
                "north": { "uv": [ 9.0, 13.0, 7.0, 12.0 ], "texture": "#brick" }
            }
        },
        {
            "comment": "indent",
            "from": [ 8.583333333333334, 5.7333333333333325, 14.833333333333332 ],
            "to": [ 8.583333333333334, 4.8583333333333325, 10.166666666666666 ],
            "rotation": { "origin": [ 8.583333333333334, 5.7333333333333325, 7.833333333333334 ], "axis": "z", "angle": -45 },
            "faces": {
                "west":  { "uv": [ 4, 7, 12, 8 ], "texture": "#brick" }
            }
        },
        {
            "comment": "indent",
            "from": [ 7.416666666666668, 5.7333333333333325, 14.833333333333332 ],
            "to": [ 7.416666666666668, 4.8583333333333325, 10.166666666666666 ],
            "rotation": { "origin": [ 7.416666666666668, 5.7333333333333325, 7.833333333333334 ], "axis": "z", "angle": 45 },
            "faces": {
                "east":  { "uv": [ 4, 7, 12, 8 ], "texture": "#brick" }
            }
        },
        {
            "comment": "main block",
            "from": [ 0.75, 3.4, 0.0 ],
            "to": [ 4.25, 5.7333333333333325, 7.0 ],
            "faces": {
                "north": { "uv": [ 5.0, 12.0, 11.0, 16.0 ], "texture": "#brick" },
                "down":  { "uv": [ 2.0, 5.0, 14.0, 11.0 ], "texture": "#brick", "rotation": 90 },
                "west":  { "uv": [ 2.0, 12.0, 11.0, 16.0 ], "texture": "#brick" },
                "east":  { "uv": [ 2.0, 12.0, 11.0, 16.0 ], "texture": "#brick" },
                "south": { "uv": [ 5.0, 12.0, 11.0, 16.0 ], "texture": "#brick" }
            }
        },
        {
            "comment": "block top",
            "from": [ 0.75, 5.7333333333333325, 0.0 ],
            "to": [ 4.25, 5.7333333333333325, 1.166666666666666 ],
            "faces": {
                "up":    { "uv": [ 2.0, 5.0, 4.0, 11.0 ], "texture": "#brick", "rotation": 90 }
            }
        },
        {
            "comment": "block top",
            "from": [ 0.75, 5.7333333333333325, 5.833333333333332 ],
            "to": [ 4.25, 5.7333333333333325, 7.0 ],
            "faces": {
                "up":    { "uv": [ 12.0, 5.0, 14.0, 11.0 ], "texture": "#brick", "rotation": 90 }
            }
        },
        {
            "comment": "block top",
            "from": [ 3.083333333333334, 5.7333333333333325, 0.5833333333333339 ],
            "to": [ 4.25, 5.7333333333333325, 6.416666666666666 ],
            "faces": {
                "up":    { "uv": [ 3.0, 5.0, 13.0, 7.0 ], "texture": "#brick", "rotation": 90 }
            }
        },
        {
            "comment": "block top",
            "from": [ 0.75, 5.7333333333333325, 0.5833333333333339 ],
            "to": [ 1.9166666666666679, 5.7333333333333325, 6.416666666666666 ],
            "faces": {
                "up":    { "uv": [ 3.0, 9.0, 13.0, 11.0 ], "texture": "#brick", "rotation": 90 }
            }
        },
        {
            "comment": "indent sides",
            "from": [ 3.083333333333334, 5.7333333333333325, 5.833333333333332 ],
            "to": [ 1.9166666666666679, 5.15, 1.166666666666666 ],
            "faces": {
                "south": { "uv": [ 9.0, 13.0, 7.0, 12.0 ], "texture": "#brick" },
                "north": { "uv": [ 9.0, 13.0, 7.0, 12.0 ], "texture": "#brick" }
            }
        },
        {
            "comment": "indent",
            "from": [ 3.083333333333334, 5.7333333333333325, 5.833333333333332 ],
            "to": [ 3.083333333333334, 4.8583333333333325, 1.166666666666666 ],
            "rotation": { "origin": [ 3.083333333333334, 5.7333333333333325, -1.166666666666666 ], "axis": "z", "angle": -45 },
            "faces": {
                "west":  { "uv": [ 4, 7, 12, 8 ], "texture": "#brick" }
            }
        },
        {
            "comment": "indent",
            "from": [ 1.9166666666666679, 5.7333333333333325, 5.833333333333332 ],
            "to": [ 1.9166666666666679, 4.8583333333333325, 1.166666666666666 ],
            "rotation": { "origin": [ 1.9166666666666679, 5.7333333333333325, -1.166666666666666 ], "axis": "z", "angle": 45 },
            "faces": {
                "east":  { "uv": [ 4, 7, 12, 8 ], "texture": "#brick" }
            }
        },
        {
            "comment": "main block",
            "from": [ 0.75, 3.4, 9.0 ],
            "to": [ 4.25, 5.7333333333333325, 16.0 ],
            "faces": {
                "north": { "uv": [ 5.0, 12.0, 11.0, 16.0 ], "texture": "#brick" },
                "down":  { "uv": [ 2.0, 5.0, 14.0, 11.0 ], "texture": "#brick", "rotation": 90 },
                "west":  { "uv": [ 2.0, 12.0, 11.0, 16.0 ], "texture": "#brick" },
                "east":  { "uv": [ 2.0, 12.0, 11.0, 16.0 ], "texture": "#brick" },
                "south": { "uv": [ 5.0, 12.0, 11.0, 16.0 ], "texture": "#brick" }
            }
        },
        {
            "comment": "block top",
            "from": [ 0.75, 5.7333333333333325, 9.0 ],
            "to": [ 4.25, 5.7333333333333325, 10.166666666666666 ],
            "faces": {
                "up":    { "uv": [ 2.0, 5.0, 4.0, 11.0 ], "texture": "#brick", "rotation": 90 }
            }
        },
        {
            "comment": "block top",
            "from": [ 0.75, 5.7333333333333325, 14.833333333333332 ],
            "to": [ 4.25, 5.7333333333333325, 16.0 ],
            "faces": {
                "up":    { "uv": [ 12.0, 5.0, 14.0, 11.0 ], "texture": "#brick", "rotation": 90 }
            }
        },
        {
            "comment": "block top",
            "from": [ 3.083333333333334, 5.7333333333333325, 9.583333333333334 ],
            "to": [ 4.25, 5.7333333333333325, 15.416666666666666 ],
            "faces": {
                "up":    { "uv": [ 3.0, 5.0, 13.0, 7.0 ], "texture": "#brick", "rotation": 90 }
            }
        },
        {
            "comment": "block top",
            "from": [ 0.75, 5.7333333333333325, 9.583333333333334 ],
            "to": [ 1.9166666666666679, 5.7333333333333325, 15.416666666666666 ],
            "faces": {
                "up":    { "uv": [ 3.0, 9.0, 13.0, 11.0 ], "texture": "#brick", "rotation": 90 }
            }
        },
        {
            "comment": "indent sides",
            "from": [ 3.083333333333334, 5.7333333333333325, 14.833333333333332 ],
            "to": [ 1.9166666666666679, 5.15, 10.166666666666666 ],
            "faces": {
                "south": { "uv": [ 9.0, 13.0, 7.0, 12.0 ], "texture": "#brick" },
                "north": { "uv": [ 9.0, 13.0, 7.0, 12.0 ], "texture": "#brick" }
            }
        },
        {
            "comment": "indent",
            "from": [ 3.083333333333334, 5.7333333333333325, 14.833333333333332 ],
            "to": [ 3.083333333333334, 4.8583333333333325, 10.166666666666666 ],
            "rotation": { "origin": [ 3.083333333333334, 5.7333333333333325, 7.833333333333334 ], "axis": "z", "angle": -45 },
            "faces": {
                "west":  { "uv": [ 4, 7, 12, 8 ], "texture": "#brick" }
            }
        },
        {
            "comment": "indent",
            "from": [ 1.9166666666666679, 5.7333333333333325, 14.833333333333332 ],
            "to": [ 1.9166666666666679, 4.8583333333333325, 10.166666666666666 ],
            "rotation": { "origin": [ 1.9166666666666679, 5.7333333333333325, 7.833333333333334 ], "axis": "z", "angle": 45 },
            "faces": {
                "east":  { "uv": [ 4, 7, 12, 8 ], "texture": "#brick" }
            }
        },
        {
            "comment": "main block",
            "from": [ 0.0, 5.8, 0.75 ],
            "to": [ 7.0, 8.133333333333333, 4.25 ],
            "faces": {
                "down":  { "uv": [ 2.0, 5.0, 14.0, 11.0 ], "texture": "#brick" },
                "east":  { "uv": [ 5.0, 12.0, 11.0, 16.0 ], "texture": "#brick" },
                "west":  { "uv": [ 5.0, 12.0, 11.0, 16.0 ], "texture": "#brick" },
                "north": { "uv": [ 2.0, 12.0, 11.0, 16.0 ], "texture": "#brick" },
                "south": { "uv": [ 2.0, 12.0, 11.0, 16.0 ], "texture": "#brick" }
            }
        },
        {
            "comment": "block top",
            "from": [ 0.0, 8.133333333333333, 0.75 ],
            "to": [ 1.166666666666666, 8.133333333333333, 4.25 ],
            "faces": {
                "up":    { "uv": [ 2.0, 5.0, 4.0, 11.0 ], "texture": "#brick" }
            }
        },
        {
            "comment": "block top",
            "from": [ 5.833333333333332, 8.133333333333333, 0.75 ],
            "to": [ 7.0, 8.133333333333333, 4.25 ],
            "faces": {
                "up":    { "uv": [ 12.0, 5.0, 14.0, 11.0 ], "texture": "#brick" }
            }
        },
        {
            "comment": "block top",
            "from": [ 0.5833333333333339, 8.133333333333333, 0.75 ],
            "to": [ 6.416666666666666, 8.133333333333333, 1.9166666666666665 ],
            "faces": {
                "up":    { "uv": [ 3.0, 5.0, 13.0, 7.0 ], "texture": "#brick" }
            }
        },
        {
            "comment": "block top",
            "from": [ 0.5833333333333339, 8.133333333333333, 3.083333333333333 ],
            "to": [ 6.416666666666666, 8.133333333333333, 4.25 ],
            "faces": {
                "up":    { "uv": [ 3.0, 9.0, 13.0, 11.0 ], "texture": "#brick" }
            }
        },
        {
            "comment": "indent sides",
            "from": [ 5.833333333333332, 8.133333333333333, 3.083333333333333 ],
            "to": [ 1.166666666666666, 7.55, 1.9166666666666665 ],
            "faces": {
                "east":  { "uv": [ 9.0, 13.0, 7.0, 12.0 ], "texture": "#brick" },
                "west":  { "uv": [ 9.0, 13.0, 7.0, 12.0 ], "texture": "#brick" }
            }
        },
        {
            "comment": "indent",
            "from": [ 5.833333333333332, 8.133333333333333, 1.9166666666666665 ],
            "to": [ 1.166666666666666, 7.258333333333333, 1.9166666666666665 ],
            "rotation": { "origin": [ -1.166666666666666, 8.133333333333333, 1.9166666666666665 ], "axis": "x", "angle": -45 },
            "faces": {
                "south": { "uv": [ 4, 7, 12, 8 ], "texture": "#brick" }
            }
        },
        {
            "comment": "indent",
            "from": [ 5.833333333333332, 8.133333333333333, 3.083333333333333 ],
            "to": [ 1.166666666666666, 7.258333333333333, 3.083333333333333 ],
            "rotation": { "origin": [ -1.166666666666666, 8.133333333333333, 3.083333333333333 ], "axis": "x", "angle": 45 },
            "faces": {
                "north": { "uv": [ 4, 7, 12, 8 ], "texture": "#brick" }
            }
        },
        {
            "comment": "main block",
            "from": [ 9.0, 5.8, 0.75 ],
            "to": [ 16.0, 8.133333333333333, 4.25 ],
            "faces": {
                "down":  { "uv": [ 2.0, 5.0, 14.0, 11.0 ], "texture": "#brick" },
                "east":  { "uv": [ 5.0, 12.0, 11.0, 16.0 ], "texture": "#brick" },
                "west":  { "uv": [ 5.0, 12.0, 11.0, 16.0 ], "texture": "#brick" },
                "north": { "uv": [ 2.0, 12.0, 11.0, 16.0 ], "texture": "#brick" },
                "south": { "uv": [ 2.0, 12.0, 11.0, 16.0 ], "texture": "#brick" }
            }
        },
        {
            "comment": "block top",
            "from": [ 9.0, 8.133333333333333, 0.75 ],
            "to": [ 10.166666666666666, 8.133333333333333, 4.25 ],
            "faces": {
                "up":    { "uv": [ 2.0, 5.0, 4.0, 11.0 ], "texture": "#brick" }
            }
        },
        {
            "comment": "block top",
            "from": [ 14.833333333333332, 8.133333333333333, 0.75 ],
            "to": [ 16.0, 8.133333333333333, 4.25 ],
            "faces": {
                "up":    { "uv": [ 12.0, 5.0, 14.0, 11.0 ], "texture": "#brick" }
            }
        },
        {
            "comment": "block top",
            "from": [ 9.583333333333334, 8.133333333333333, 0.75 ],
            "to": [ 15.416666666666666, 8.133333333333333, 1.9166666666666665 ],
            "faces": {
                "up":    { "uv": [ 3.0, 5.0, 13.0, 7.0 ], "texture": "#brick" }
            }
        },
        {
            "comment": "block top",
            "from": [ 9.583333333333334, 8.133333333333333, 3.083333333333333 ],
            "to": [ 15.416666666666666, 8.133333333333333, 4.25 ],
            "faces": {
                "up":    { "uv": [ 3.0, 9.0, 13.0, 11.0 ], "texture": "#brick" }
            }
        },
        {
            "comment": "indent sides",
            "from": [ 14.833333333333332, 8.133333333333333, 3.083333333333333 ],
            "to": [ 10.166666666666666, 7.55, 1.9166666666666665 ],
            "faces": {
                "east":  { "uv": [ 9.0, 13.0, 7.0, 12.0 ], "texture": "#brick" },
                "west":  { "uv": [ 9.0, 13.0, 7.0, 12.0 ], "texture": "#brick" }
            }
        },
        {
            "comment": "indent",
            "from": [ 14.833333333333332, 8.133333333333333, 1.9166666666666665 ],
            "to": [ 10.166666666666666, 7.258333333333333, 1.9166666666666665 ],
            "rotation": { "origin": [ 7.833333333333334, 8.133333333333333, 1.9166666666666665 ], "axis": "x", "angle": -45 },
            "faces": {
                "south": { "uv": [ 4, 7, 12, 8 ], "texture": "#brick" }
            }
        },
        {
            "comment": "indent",
            "from": [ 14.833333333333332, 8.133333333333333, 3.083333333333333 ],
            "to": [ 10.166666666666666, 7.258333333333333, 3.083333333333333 ],
            "rotation": { "origin": [ 7.833333333333334, 8.133333333333333, 3.083333333333333 ], "axis": "x", "angle": 45 },
            "faces": {
                "north": { "uv": [ 4, 7, 12, 8 ], "texture": "#brick" }
            }
        },
        {
            "comment": "main block",
            "from": [ 0.0, 5.8, 6.25 ],
            "to": [ 7.0, 8.133333333333333, 9.75 ],
            "faces": {
                "down":  { "uv": [ 2.0, 5.0, 14.0, 11.0 ], "texture": "#brick" },
                "east":  { "uv": [ 5.0, 12.0, 11.0, 16.0 ], "texture": "#brick" },
                "west":  { "uv": [ 5.0, 12.0, 11.0, 16.0 ], "texture": "#brick" },
                "north": { "uv": [ 2.0, 12.0, 11.0, 16.0 ], "texture": "#brick" },
                "south": { "uv": [ 2.0, 12.0, 11.0, 16.0 ], "texture": "#brick" }
            }
        },
        {
            "comment": "block top",
            "from": [ 0.0, 8.133333333333333, 6.25 ],
            "to": [ 1.166666666666666, 8.133333333333333, 9.75 ],
            "faces": {
                "up":    { "uv": [ 2.0, 5.0, 4.0, 11.0 ], "texture": "#brick" }
            }
        },
        {
            "comment": "block top",
            "from": [ 5.833333333333332, 8.133333333333333, 6.25 ],
            "to": [ 7.0, 8.133333333333333, 9.75 ],
            "faces": {
                "up":    { "uv": [ 12.0, 5.0, 14.0, 11.0 ], "texture": "#brick" }
            }
        },
        {
            "comment": "block top",
            "from": [ 0.5833333333333339, 8.133333333333333, 6.25 ],
            "to": [ 6.416666666666666, 8.133333333333333, 7.416666666666666 ],
            "faces": {
                "up":    { "uv": [ 3.0, 5.0, 13.0, 7.0 ], "texture": "#brick" }
            }
        },
        {
            "comment": "block top",
            "from": [ 0.5833333333333339, 8.133333333333333, 8.583333333333332 ],
            "to": [ 6.416666666666666, 8.133333333333333, 9.75 ],
            "faces": {
                "up":    { "uv": [ 3.0, 9.0, 13.0, 11.0 ], "texture": "#brick" }
            }
        },
        {
            "comment": "indent sides",
            "from": [ 5.833333333333332, 8.133333333333333, 8.583333333333332 ],
            "to": [ 1.166666666666666, 7.55, 7.416666666666666 ],
            "faces": {
                "east":  { "uv": [ 9.0, 13.0, 7.0, 12.0 ], "texture": "#brick" },
                "west":  { "uv": [ 9.0, 13.0, 7.0, 12.0 ], "texture": "#brick" }
            }
        },
        {
            "comment": "indent",
            "from": [ 5.833333333333332, 8.133333333333333, 7.416666666666666 ],
            "to": [ 1.166666666666666, 7.258333333333333, 7.416666666666666 ],
            "rotation": { "origin": [ -1.166666666666666, 8.133333333333333, 7.416666666666666 ], "axis": "x", "angle": -45 },
            "faces": {
                "south": { "uv": [ 4, 7, 12, 8 ], "texture": "#brick" }
            }
        },
        {
            "comment": "indent",
            "from": [ 5.833333333333332, 8.133333333333333, 8.583333333333332 ],
            "to": [ 1.166666666666666, 7.258333333333333, 8.583333333333332 ],
            "rotation": { "origin": [ -1.166666666666666, 8.133333333333333, 8.583333333333332 ], "axis": "x", "angle": 45 },
            "faces": {
                "north": { "uv": [ 4, 7, 12, 8 ], "texture": "#brick" }
            }
        },
        {
            "comment": "main block",
            "from": [ 9.0, 5.8, 6.25 ],
            "to": [ 16.0, 8.133333333333333, 9.75 ],
            "faces": {
                "down":  { "uv": [ 2.0, 5.0, 14.0, 11.0 ], "texture": "#brick" },
                "east":  { "uv": [ 5.0, 12.0, 11.0, 16.0 ], "texture": "#brick" },
                "west":  { "uv": [ 5.0, 12.0, 11.0, 16.0 ], "texture": "#brick" },
                "north": { "uv": [ 2.0, 12.0, 11.0, 16.0 ], "texture": "#brick" },
                "south": { "uv": [ 2.0, 12.0, 11.0, 16.0 ], "texture": "#brick" }
            }
        },
        {
            "comment": "block top",
            "from": [ 9.0, 8.133333333333333, 6.25 ],
            "to": [ 10.166666666666666, 8.133333333333333, 9.75 ],
            "faces": {
                "up":    { "uv": [ 2.0, 5.0, 4.0, 11.0 ], "texture": "#brick" }
            }
        },
        {
            "comment": "block top",
            "from": [ 14.833333333333332, 8.133333333333333, 6.25 ],
            "to": [ 16.0, 8.133333333333333, 9.75 ],
            "faces": {
                "up":    { "uv": [ 12.0, 5.0, 14.0, 11.0 ], "texture": "#brick" }
            }
        },
        {
            "comment": "block top",
            "from": [ 9.583333333333334, 8.133333333333333, 6.25 ],
            "to": [ 15.416666666666666, 8.133333333333333, 7.416666666666666 ],
            "faces": {
                "up":    { "uv": [ 3.0, 5.0, 13.0, 7.0 ], "texture": "#brick" }
            }
        },
        {
            "comment": "block top",
            "from": [ 9.583333333333334, 8.133333333333333, 8.583333333333332 ],
            "to": [ 15.416666666666666, 8.133333333333333, 9.75 ],
            "faces": {
                "up":    { "uv": [ 3.0, 9.0, 13.0, 11.0 ], "texture": "#brick" }
            }
        },
        {
            "comment": "indent sides",
            "from": [ 14.833333333333332, 8.133333333333333, 8.583333333333332 ],
            "to": [ 10.166666666666666, 7.55, 7.416666666666666 ],
            "faces": {
                "east":  { "uv": [ 9.0, 13.0, 7.0, 12.0 ], "texture": "#brick" },
                "west":  { "uv": [ 9.0, 13.0, 7.0, 12.0 ], "texture": "#brick" }
            }
        },
        {
            "comment": "indent",
            "from": [ 14.833333333333332, 8.133333333333333, 7.416666666666666 ],
            "to": [ 10.166666666666666, 7.258333333333333, 7.416666666666666 ],
            "rotation": { "origin": [ 7.833333333333334, 8.133333333333333, 7.416666666666666 ], "axis": "x", "angle": -45 },
            "faces": {
                "south": { "uv": [ 4, 7, 12, 8 ], "texture": "#brick" }
            }
        },
        {
            "comment": "indent",
            "from": [ 14.833333333333332, 8.133333333333333, 8.583333333333332 ],
            "to": [ 10.166666666666666, 7.258333333333333, 8.583333333333332 ],
            "rotation": { "origin": [ 7.833333333333334, 8.133333333333333, 8.583333333333332 ], "axis": "x", "angle": 45 },
            "faces": {
                "north": { "uv": [ 4, 7, 12, 8 ], "texture": "#brick" }
            }
        },
        {
            "comment": "main block",
            "from": [ 0.0, 5.8, 11.75 ],
            "to": [ 7.0, 8.133333333333333, 15.25 ],
            "faces": {
                "down":  { "uv": [ 2.0, 5.0, 14.0, 11.0 ], "texture": "#brick" },
                "east":  { "uv": [ 5.0, 12.0, 11.0, 16.0 ], "texture": "#brick" },
                "west":  { "uv": [ 5.0, 12.0, 11.0, 16.0 ], "texture": "#brick" },
                "north": { "uv": [ 2.0, 12.0, 11.0, 16.0 ], "texture": "#brick" },
                "south": { "uv": [ 2.0, 12.0, 11.0, 16.0 ], "texture": "#brick" }
            }
        },
        {
            "comment": "block top",
            "from": [ 0.0, 8.133333333333333, 11.75 ],
            "to": [ 1.166666666666666, 8.133333333333333, 15.25 ],
            "faces": {
                "up":    { "uv": [ 2.0, 5.0, 4.0, 11.0 ], "texture": "#brick" }
            }
        },
        {
            "comment": "block top",
            "from": [ 5.833333333333332, 8.133333333333333, 11.75 ],
            "to": [ 7.0, 8.133333333333333, 15.25 ],
            "faces": {
                "up":    { "uv": [ 12.0, 5.0, 14.0, 11.0 ], "texture": "#brick" }
            }
        },
        {
            "comment": "block top",
            "from": [ 0.5833333333333339, 8.133333333333333, 11.75 ],
            "to": [ 6.416666666666666, 8.133333333333333, 12.916666666666666 ],
            "faces": {
                "up":    { "uv": [ 3.0, 5.0, 13.0, 7.0 ], "texture": "#brick" }
            }
        },
        {
            "comment": "block top",
            "from": [ 0.5833333333333339, 8.133333333333333, 14.083333333333332 ],
            "to": [ 6.416666666666666, 8.133333333333333, 15.25 ],
            "faces": {
                "up":    { "uv": [ 3.0, 9.0, 13.0, 11.0 ], "texture": "#brick" }
            }
        },
        {
            "comment": "indent sides",
            "from": [ 5.833333333333332, 8.133333333333333, 14.083333333333332 ],
            "to": [ 1.166666666666666, 7.55, 12.916666666666666 ],
            "faces": {
                "east":  { "uv": [ 9.0, 13.0, 7.0, 12.0 ], "texture": "#brick" },
                "west":  { "uv": [ 9.0, 13.0, 7.0, 12.0 ], "texture": "#brick" }
            }
        },
        {
            "comment": "indent",
            "from": [ 5.833333333333332, 8.133333333333333, 12.916666666666666 ],
            "to": [ 1.166666666666666, 7.258333333333333, 12.916666666666666 ],
            "rotation": { "origin": [ -1.166666666666666, 8.133333333333333, 12.916666666666666 ], "axis": "x", "angle": -45 },
            "faces": {
                "south": { "uv": [ 4, 7, 12, 8 ], "texture": "#brick" }
            }
        },
        {
            "comment": "indent",
            "from": [ 5.833333333333332, 8.133333333333333, 14.083333333333332 ],
            "to": [ 1.166666666666666, 7.258333333333333, 14.083333333333332 ],
            "rotation": { "origin": [ -1.166666666666666, 8.133333333333333, 14.083333333333332 ], "axis": "x", "angle": 45 },
            "faces": {
                "north": { "uv": [ 4, 7, 12, 8 ], "texture": "#brick" }
            }
        },
        {
            "comment": "main block",
            "from": [ 9.0, 5.8, 11.75 ],
            "to": [ 16.0, 8.133333333333333, 15.25 ],
            "faces": {
                "down":  { "uv": [ 2.0, 5.0, 14.0, 11.0 ], "texture": "#brick" },
                "east":  { "uv": [ 5.0, 12.0, 11.0, 16.0 ], "texture": "#brick" },
                "west":  { "uv": [ 5.0, 12.0, 11.0, 16.0 ], "texture": "#brick" },
                "north": { "uv": [ 2.0, 12.0, 11.0, 16.0 ], "texture": "#brick" },
                "south": { "uv": [ 2.0, 12.0, 11.0, 16.0 ], "texture": "#brick" }
            }
        },
        {
            "comment": "block top",
            "from": [ 9.0, 8.133333333333333, 11.75 ],
            "to": [ 10.166666666666666, 8.133333333333333, 15.25 ],
            "faces": {
                "up":    { "uv": [ 2.0, 5.0, 4.0, 11.0 ], "texture": "#brick" }
            }
        },
        {
            "comment": "block top",
            "from": [ 14.833333333333332, 8.133333333333333, 11.75 ],
            "to": [ 16.0, 8.133333333333333, 15.25 ],
            "faces": {
                "up":    { "uv": [ 12.0, 5.0, 14.0, 11.0 ], "texture": "#brick" }
            }
        },
        {
            "comment": "block top",
            "from": [ 9.583333333333334, 8.133333333333333, 11.75 ],
            "to": [ 15.416666666666666, 8.133333333333333, 12.916666666666666 ],
            "faces": {
                "up":    { "uv": [ 3.0, 5.0, 13.0, 7.0 ], "texture": "#brick" }
            }
        },
        {
            "comment": "block top",
            "from": [ 9.583333333333334, 8.133333333333333, 14.083333333333332 ],
            "to": [ 15.416666666666666, 8.133333333333333, 15.25 ],
            "faces": {
                "up":    { "uv": [ 3.0, 9.0, 13.0, 11.0 ], "texture": "#brick" }
            }
        },
        {
            "comment": "indent sides",
            "from": [ 14.833333333333332, 8.133333333333333, 14.083333333333332 ],
            "to": [ 10.166666666666666, 7.55, 12.916666666666666 ],
            "faces": {
                "east":  { "uv": [ 9.0, 13.0, 7.0, 12.0 ], "texture": "#brick" },
                "west":  { "uv": [ 9.0, 13.0, 7.0, 12.0 ], "texture": "#brick" }
            }
        },
        {
            "comment": "indent",
            "from": [ 14.833333333333332, 8.133333333333333, 12.916666666666666 ],
            "to": [ 10.166666666666666, 7.258333333333333, 12.916666666666666 ],
            "rotation": { "origin": [ 7.833333333333334, 8.133333333333333, 12.916666666666666 ], "axis": "x", "angle": -45 },
            "faces": {
                "south": { "uv": [ 4, 7, 12, 8 ], "texture": "#brick" }
            }
        },
        {
            "comment": "indent",
            "from": [ 14.833333333333332, 8.133333333333333, 14.083333333333332 ],
            "to": [ 10.166666666666666, 7.258333333333333, 14.083333333333332 ],
            "rotation": { "origin": [ 7.833333333333334, 8.133333333333333, 14.083333333333332 ], "axis": "x", "angle": 45 },
            "faces": {
                "north": { "uv": [ 4, 7, 12, 8 ], "texture": "#brick" }
            }
        },
        {
            "comment": "main block",
            "from": [ 6.25, 8.2, 0.0 ],
            "to": [ 9.75, 10.533333333333331, 7.0 ],
            "faces": {
                "north": { "uv": [ 5.0, 12.0, 11.0, 16.0 ], "texture": "#brick" },
                "down":  { "uv": [ 2.0, 5.0, 14.0, 11.0 ], "texture": "#brick", "rotation": 90 },
                "west":  { "uv": [ 2.0, 12.0, 11.0, 16.0 ], "texture": "#brick" },
                "east":  { "uv": [ 2.0, 12.0, 11.0, 16.0 ], "texture": "#brick" },
                "south": { "uv": [ 5.0, 12.0, 11.0, 16.0 ], "texture": "#brick" }
            }
        },
        {
            "comment": "block top",
            "from": [ 6.25, 10.533333333333331, 0.0 ],
            "to": [ 9.75, 10.533333333333331, 1.166666666666666 ],
            "faces": {
                "up":    { "uv": [ 2.0, 5.0, 4.0, 11.0 ], "texture": "#brick", "rotation": 90 }
            }
        },
        {
            "comment": "block top",
            "from": [ 6.25, 10.533333333333331, 5.833333333333332 ],
            "to": [ 9.75, 10.533333333333331, 7.0 ],
            "faces": {
                "up":    { "uv": [ 12.0, 5.0, 14.0, 11.0 ], "texture": "#brick", "rotation": 90 }
            }
        },
        {
            "comment": "block top",
            "from": [ 8.583333333333334, 10.533333333333331, 0.5833333333333339 ],
            "to": [ 9.75, 10.533333333333331, 6.416666666666666 ],
            "faces": {
                "up":    { "uv": [ 3.0, 5.0, 13.0, 7.0 ], "texture": "#brick", "rotation": 90 }
            }
        },
        {
            "comment": "block top",
            "from": [ 6.25, 10.533333333333331, 0.5833333333333339 ],
            "to": [ 7.416666666666668, 10.533333333333331, 6.416666666666666 ],
            "faces": {
                "up":    { "uv": [ 3.0, 9.0, 13.0, 11.0 ], "texture": "#brick", "rotation": 90 }
            }
        },
        {
            "comment": "indent sides",
            "from": [ 8.583333333333334, 10.533333333333331, 5.833333333333332 ],
            "to": [ 7.416666666666668, 9.95, 1.166666666666666 ],
            "faces": {
                "south": { "uv": [ 9.0, 13.0, 7.0, 12.0 ], "texture": "#brick" },
                "north": { "uv": [ 9.0, 13.0, 7.0, 12.0 ], "texture": "#brick" }
            }
        },
        {
            "comment": "indent",
            "from": [ 8.583333333333334, 10.533333333333331, 5.833333333333332 ],
            "to": [ 8.583333333333334, 9.658333333333333, 1.166666666666666 ],
            "rotation": { "origin": [ 8.583333333333334, 10.533333333333331, -1.166666666666666 ], "axis": "z", "angle": -45 },
            "faces": {
                "west":  { "uv": [ 4, 7, 12, 8 ], "texture": "#brick" }
            }
        },
        {
            "comment": "indent",
            "from": [ 7.416666666666668, 10.533333333333331, 5.833333333333332 ],
            "to": [ 7.416666666666668, 9.658333333333333, 1.166666666666666 ],
            "rotation": { "origin": [ 7.416666666666668, 10.533333333333331, -1.166666666666666 ], "axis": "z", "angle": 45 },
            "faces": {
                "east":  { "uv": [ 4, 7, 12, 8 ], "texture": "#brick" }
            }
        },
        {
            "comment": "main block",
            "from": [ 6.25, 8.2, 9.0 ],
            "to": [ 9.75, 10.533333333333331, 16.0 ],
            "faces": {
                "north": { "uv": [ 5.0, 12.0, 11.0, 16.0 ], "texture": "#brick" },
                "down":  { "uv": [ 2.0, 5.0, 14.0, 11.0 ], "texture": "#brick", "rotation": 90 },
                "west":  { "uv": [ 2.0, 12.0, 11.0, 16.0 ], "texture": "#brick" },
                "east":  { "uv": [ 2.0, 12.0, 11.0, 16.0 ], "texture": "#brick" },
                "south": { "uv": [ 5.0, 12.0, 11.0, 16.0 ], "texture": "#brick" }
            }
        },
        {
            "comment": "block top",
            "from": [ 6.25, 10.533333333333331, 9.0 ],
            "to": [ 9.75, 10.533333333333331, 10.166666666666666 ],
            "faces": {
                "up":    { "uv": [ 2.0, 5.0, 4.0, 11.0 ], "texture": "#brick", "rotation": 90 }
            }
        },
        {
            "comment": "block top",
            "from": [ 6.25, 10.533333333333331, 14.833333333333332 ],
            "to": [ 9.75, 10.533333333333331, 16.0 ],
            "faces": {
                "up":    { "uv": [ 12.0, 5.0, 14.0, 11.0 ], "texture": "#brick", "rotation": 90 }
            }
        },
        {
            "comment": "block top",
            "from": [ 8.583333333333334, 10.533333333333331, 9.583333333333334 ],
            "to": [ 9.75, 10.533333333333331, 15.416666666666666 ],
            "faces": {
                "up":    { "uv": [ 3.0, 5.0, 13.0, 7.0 ], "texture": "#brick", "rotation": 90 }
            }
        },
        {
            "comment": "block top",
            "from": [ 6.25, 10.533333333333331, 9.583333333333334 ],
            "to": [ 7.416666666666668, 10.533333333333331, 15.416666666666666 ],
            "faces": {
                "up":    { "uv": [ 3.0, 9.0, 13.0, 11.0 ], "texture": "#brick", "rotation": 90 }
            }
        },
        {
            "comment": "indent sides",
            "from": [ 8.583333333333334, 10.533333333333331, 14.833333333333332 ],
            "to": [ 7.416666666666668, 9.95, 10.166666666666666 ],
            "faces": {
                "south": { "uv": [ 9.0, 13.0, 7.0, 12.0 ], "texture": "#brick" },
                "north": { "uv": [ 9.0, 13.0, 7.0, 12.0 ], "texture": "#brick" }
            }
        },
        {
            "comment": "indent",
            "from": [ 8.583333333333334, 10.533333333333331, 14.833333333333332 ],
            "to": [ 8.583333333333334, 9.658333333333333, 10.166666666666666 ],
            "rotation": { "origin": [ 8.583333333333334, 10.533333333333331, 7.833333333333334 ], "axis": "z", "angle": -45 },
            "faces": {
                "west":  { "uv": [ 4, 7, 12, 8 ], "texture": "#brick" }
            }
        },
        {
            "comment": "indent",
            "from": [ 7.416666666666668, 10.533333333333331, 14.833333333333332 ],
            "to": [ 7.416666666666668, 9.658333333333333, 10.166666666666666 ],
            "rotation": { "origin": [ 7.416666666666668, 10.533333333333331, 7.833333333333334 ], "axis": "z", "angle": 45 },
            "faces": {
                "east":  { "uv": [ 4, 7, 12, 8 ], "texture": "#brick" }
            }
        },
        {
            "comment": "main block",
            "from": [ 0.75, 8.2, 0.0 ],
            "to": [ 4.25, 10.533333333333331, 7.0 ],
            "faces": {
                "north": { "uv": [ 5.0, 12.0, 11.0, 16.0 ], "texture": "#brick" },
                "down":  { "uv": [ 2.0, 5.0, 14.0, 11.0 ], "texture": "#brick", "rotation": 90 },
                "west":  { "uv": [ 2.0, 12.0, 11.0, 16.0 ], "texture": "#brick" },
                "east":  { "uv": [ 2.0, 12.0, 11.0, 16.0 ], "texture": "#brick" },
                "south": { "uv": [ 5.0, 12.0, 11.0, 16.0 ], "texture": "#brick" }
            }
        },
        {
            "comment": "block top",
            "from": [ 0.75, 10.533333333333331, 0.0 ],
            "to": [ 4.25, 10.533333333333331, 1.166666666666666 ],
            "faces": {
                "up":    { "uv": [ 2.0, 5.0, 4.0, 11.0 ], "texture": "#brick", "rotation": 90 }
            }
        },
        {
            "comment": "block top",
            "from": [ 0.75, 10.533333333333331, 5.833333333333332 ],
            "to": [ 4.25, 10.533333333333331, 7.0 ],
            "faces": {
                "up":    { "uv": [ 12.0, 5.0, 14.0, 11.0 ], "texture": "#brick", "rotation": 90 }
            }
        },
        {
            "comment": "block top",
            "from": [ 3.083333333333334, 10.533333333333331, 0.5833333333333339 ],
            "to": [ 4.25, 10.533333333333331, 6.416666666666666 ],
            "faces": {
                "up":    { "uv": [ 3.0, 5.0, 13.0, 7.0 ], "texture": "#brick", "rotation": 90 }
            }
        },
        {
            "comment": "block top",
            "from": [ 0.75, 10.533333333333331, 0.5833333333333339 ],
            "to": [ 1.9166666666666679, 10.533333333333331, 6.416666666666666 ],
            "faces": {
                "up":    { "uv": [ 3.0, 9.0, 13.0, 11.0 ], "texture": "#brick", "rotation": 90 }
            }
        },
        {
            "comment": "indent sides",
            "from": [ 3.083333333333334, 10.533333333333331, 5.833333333333332 ],
            "to": [ 1.9166666666666679, 9.95, 1.166666666666666 ],
            "faces": {
                "south": { "uv": [ 9.0, 13.0, 7.0, 12.0 ], "texture": "#brick" },
                "north": { "uv": [ 9.0, 13.0, 7.0, 12.0 ], "texture": "#brick" }
            }
        },
        {
            "comment": "indent",
            "from": [ 3.083333333333334, 10.533333333333331, 5.833333333333332 ],
            "to": [ 3.083333333333334, 9.658333333333333, 1.166666666666666 ],
            "rotation": { "origin": [ 3.083333333333334, 10.533333333333331, -1.166666666666666 ], "axis": "z", "angle": -45 },
            "faces": {
                "west":  { "uv": [ 4, 7, 12, 8 ], "texture": "#brick" }
            }
        },
        {
            "comment": "indent",
            "from": [ 1.9166666666666679, 10.533333333333331, 5.833333333333332 ],
            "to": [ 1.9166666666666679, 9.658333333333333, 1.166666666666666 ],
            "rotation": { "origin": [ 1.9166666666666679, 10.533333333333331, -1.166666666666666 ], "axis": "z", "angle": 45 },
            "faces": {
                "east":  { "uv": [ 4, 7, 12, 8 ], "texture": "#brick" }
            }
        },
        {
            "comment": "main block",
            "from": [ 0.75, 8.2, 9.0 ],
            "to": [ 4.25, 10.533333333333331, 16.0 ],
            "faces": {
                "north": { "uv": [ 5.0, 12.0, 11.0, 16.0 ], "texture": "#brick" },
                "down":  { "uv": [ 2.0, 5.0, 14.0, 11.0 ], "texture": "#brick", "rotation": 90 },
                "west":  { "uv": [ 2.0, 12.0, 11.0, 16.0 ], "texture": "#brick" },
                "east":  { "uv": [ 2.0, 12.0, 11.0, 16.0 ], "texture": "#brick" },
                "south": { "uv": [ 5.0, 12.0, 11.0, 16.0 ], "texture": "#brick" }
            }
        },
        {
            "comment": "block top",
            "from": [ 0.75, 10.533333333333331, 9.0 ],
            "to": [ 4.25, 10.533333333333331, 10.166666666666666 ],
            "faces": {
                "up":    { "uv": [ 2.0, 5.0, 4.0, 11.0 ], "texture": "#brick", "rotation": 90 }
            }
        },
        {
            "comment": "block top",
            "from": [ 0.75, 10.533333333333331, 14.833333333333332 ],
            "to": [ 4.25, 10.533333333333331, 16.0 ],
            "faces": {
                "up":    { "uv": [ 12.0, 5.0, 14.0, 11.0 ], "texture": "#brick", "rotation": 90 }
            }
        },
        {
            "comment": "block top",
            "from": [ 3.083333333333334, 10.533333333333331, 9.583333333333334 ],
            "to": [ 4.25, 10.533333333333331, 15.416666666666666 ],
            "faces": {
                "up":    { "uv": [ 3.0, 5.0, 13.0, 7.0 ], "texture": "#brick", "rotation": 90 }
            }
        },
        {
            "comment": "block top",
            "from": [ 0.75, 10.533333333333331, 9.583333333333334 ],
            "to": [ 1.9166666666666679, 10.533333333333331, 15.416666666666666 ],
            "faces": {
                "up":    { "uv": [ 3.0, 9.0, 13.0, 11.0 ], "texture": "#brick", "rotation": 90 }
            }
        },
        {
            "comment": "indent sides",
            "from": [ 3.083333333333334, 10.533333333333331, 14.833333333333332 ],
            "to": [ 1.9166666666666679, 9.95, 10.166666666666666 ],
            "faces": {
                "south": { "uv": [ 9.0, 13.0, 7.0, 12.0 ], "texture": "#brick" },
                "north": { "uv": [ 9.0, 13.0, 7.0, 12.0 ], "texture": "#brick" }
            }
        },
        {
            "comment": "indent",
            "from": [ 3.083333333333334, 10.533333333333331, 14.833333333333332 ],
            "to": [ 3.083333333333334, 9.658333333333333, 10.166666666666666 ],
            "rotation": { "origin": [ 3.083333333333334, 10.533333333333331, 7.833333333333334 ], "axis": "z", "angle": -45 },
            "faces": {
                "west":  { "uv": [ 4, 7, 12, 8 ], "texture": "#brick" }
            }
        },
        {
            "comment": "indent",
            "from": [ 1.9166666666666679, 10.533333333333331, 14.833333333333332 ],
            "to": [ 1.9166666666666679, 9.658333333333333, 10.166666666666666 ],
            "rotation": { "origin": [ 1.9166666666666679, 10.533333333333331, 7.833333333333334 ], "axis": "z", "angle": 45 },
            "faces": {
                "east":  { "uv": [ 4, 7, 12, 8 ], "texture": "#brick" }
            }
        },
        {
            "comment": "main block",
            "from": [ 0.0, 10.6, 0.75 ],
            "to": [ 7.0, 12.933333333333334, 4.25 ],
            "faces": {
                "down":  { "uv": [ 2.0, 5.0, 14.0, 11.0 ], "texture": "#brick" },
                "east":  { "uv": [ 5.0, 12.0, 11.0, 16.0 ], "texture": "#brick" },
                "west":  { "uv": [ 5.0, 12.0, 11.0, 16.0 ], "texture": "#brick" },
                "north": { "uv": [ 2.0, 12.0, 11.0, 16.0 ], "texture": "#brick" },
                "south": { "uv": [ 2.0, 12.0, 11.0, 16.0 ], "texture": "#brick" }
            }
        },
        {
            "comment": "block top",
            "from": [ 0.0, 12.933333333333334, 0.75 ],
            "to": [ 1.166666666666666, 12.933333333333334, 4.25 ],
            "faces": {
                "up":    { "uv": [ 2.0, 5.0, 4.0, 11.0 ], "texture": "#brick" }
            }
        },
        {
            "comment": "block top",
            "from": [ 5.833333333333332, 12.933333333333334, 0.75 ],
            "to": [ 7.0, 12.933333333333334, 4.25 ],
            "faces": {
                "up":    { "uv": [ 12.0, 5.0, 14.0, 11.0 ], "texture": "#brick" }
            }
        },
        {
            "comment": "block top",
            "from": [ 0.5833333333333339, 12.933333333333334, 0.75 ],
            "to": [ 6.416666666666666, 12.933333333333334, 1.9166666666666665 ],
            "faces": {
                "up":    { "uv": [ 3.0, 5.0, 13.0, 7.0 ], "texture": "#brick" }
            }
        },
        {
            "comment": "block top",
            "from": [ 0.5833333333333339, 12.933333333333334, 3.083333333333333 ],
            "to": [ 6.416666666666666, 12.933333333333334, 4.25 ],
            "faces": {
                "up":    { "uv": [ 3.0, 9.0, 13.0, 11.0 ], "texture": "#brick" }
            }
        },
        {
            "comment": "indent sides",
            "from": [ 5.833333333333332, 12.933333333333334, 3.083333333333333 ],
            "to": [ 1.166666666666666, 12.35, 1.9166666666666665 ],
            "faces": {
                "east":  { "uv": [ 9.0, 13.0, 7.0, 12.0 ], "texture": "#brick" },
                "west":  { "uv": [ 9.0, 13.0, 7.0, 12.0 ], "texture": "#brick" }
            }
        },
        {
            "comment": "indent",
            "from": [ 5.833333333333332, 12.933333333333334, 1.9166666666666665 ],
            "to": [ 1.166666666666666, 12.058333333333334, 1.9166666666666665 ],
            "rotation": { "origin": [ -1.166666666666666, 12.933333333333334, 1.9166666666666665 ], "axis": "x", "angle": -45 },
            "faces": {
                "south": { "uv": [ 4, 7, 12, 8 ], "texture": "#brick" }
            }
        },
        {
            "comment": "indent",
            "from": [ 5.833333333333332, 12.933333333333334, 3.083333333333333 ],
            "to": [ 1.166666666666666, 12.058333333333334, 3.083333333333333 ],
            "rotation": { "origin": [ -1.166666666666666, 12.933333333333334, 3.083333333333333 ], "axis": "x", "angle": 45 },
            "faces": {
                "north": { "uv": [ 4, 7, 12, 8 ], "texture": "#brick" }
            }
        },
        {
            "comment": "main block",
            "from": [ 0.0, 10.6, 6.25 ],
            "to": [ 7.0, 12.933333333333334, 9.75 ],
            "faces": {
                "down":  { "uv": [ 2.0, 5.0, 14.0, 11.0 ], "texture": "#brick" },
                "east":  { "uv": [ 5.0, 12.0, 11.0, 16.0 ], "texture": "#brick" },
                "west":  { "uv": [ 5.0, 12.0, 11.0, 16.0 ], "texture": "#brick" },
                "north": { "uv": [ 2.0, 12.0, 11.0, 16.0 ], "texture": "#brick" },
                "south": { "uv": [ 2.0, 12.0, 11.0, 16.0 ], "texture": "#brick" }
            }
        },
        {
            "comment": "block top",
            "from": [ 0.0, 12.933333333333334, 6.25 ],
            "to": [ 1.166666666666666, 12.933333333333334, 9.75 ],
            "faces": {
                "up":    { "uv": [ 2.0, 5.0, 4.0, 11.0 ], "texture": "#brick" }
            }
        },
        {
            "comment": "block top",
            "from": [ 5.833333333333332, 12.933333333333334, 6.25 ],
            "to": [ 7.0, 12.933333333333334, 9.75 ],
            "faces": {
                "up":    { "uv": [ 12.0, 5.0, 14.0, 11.0 ], "texture": "#brick" }
            }
        },
        {
            "comment": "block top",
            "from": [ 0.5833333333333339, 12.933333333333334, 6.25 ],
            "to": [ 6.416666666666666, 12.933333333333334, 7.416666666666666 ],
            "faces": {
                "up":    { "uv": [ 3.0, 5.0, 13.0, 7.0 ], "texture": "#brick" }
            }
        },
        {
            "comment": "block top",
            "from": [ 0.5833333333333339, 12.933333333333334, 8.583333333333332 ],
            "to": [ 6.416666666666666, 12.933333333333334, 9.75 ],
            "faces": {
                "up":    { "uv": [ 3.0, 9.0, 13.0, 11.0 ], "texture": "#brick" }
            }
        },
        {
            "comment": "indent sides",
            "from": [ 5.833333333333332, 12.933333333333334, 8.583333333333332 ],
            "to": [ 1.166666666666666, 12.35, 7.416666666666666 ],
            "faces": {
                "east":  { "uv": [ 9.0, 13.0, 7.0, 12.0 ], "texture": "#brick" },
                "west":  { "uv": [ 9.0, 13.0, 7.0, 12.0 ], "texture": "#brick" }
            }
        },
        {
            "comment": "indent",
            "from": [ 5.833333333333332, 12.933333333333334, 7.416666666666666 ],
            "to": [ 1.166666666666666, 12.058333333333334, 7.416666666666666 ],
            "rotation": { "origin": [ -1.166666666666666, 12.933333333333334, 7.416666666666666 ], "axis": "x", "angle": -45 },
            "faces": {
                "south": { "uv": [ 4, 7, 12, 8 ], "texture": "#brick" }
            }
        },
        {
            "comment": "indent",
            "from": [ 5.833333333333332, 12.933333333333334, 8.583333333333332 ],
            "to": [ 1.166666666666666, 12.058333333333334, 8.583333333333332 ],
            "rotation": { "origin": [ -1.166666666666666, 12.933333333333334, 8.583333333333332 ], "axis": "x", "angle": 45 },
            "faces": {
                "north": { "uv": [ 4, 7, 12, 8 ], "texture": "#brick" }
            }
        },
        {
            "comment": "main block",
            "from": [ 0.0, 10.6, 11.75 ],
            "to": [ 7.0, 12.933333333333334, 15.25 ],
            "faces": {
                "down":  { "uv": [ 2.0, 5.0, 14.0, 11.0 ], "texture": "#brick" },
                "east":  { "uv": [ 5.0, 12.0, 11.0, 16.0 ], "texture": "#brick" },
                "west":  { "uv": [ 5.0, 12.0, 11.0, 16.0 ], "texture": "#brick" },
                "north": { "uv": [ 2.0, 12.0, 11.0, 16.0 ], "texture": "#brick" },
                "south": { "uv": [ 2.0, 12.0, 11.0, 16.0 ], "texture": "#brick" }
            }
        },
        {
            "comment": "block top",
            "from": [ 0.0, 12.933333333333334, 11.75 ],
            "to": [ 1.166666666666666, 12.933333333333334, 15.25 ],
            "faces": {
                "up":    { "uv": [ 2.0, 5.0, 4.0, 11.0 ], "texture": "#brick" }
            }
        },
        {
            "comment": "block top",
            "from": [ 5.833333333333332, 12.933333333333334, 11.75 ],
            "to": [ 7.0, 12.933333333333334, 15.25 ],
            "faces": {
                "up":    { "uv": [ 12.0, 5.0, 14.0, 11.0 ], "texture": "#brick" }
            }
        },
        {
            "comment": "block top",
            "from": [ 0.5833333333333339, 12.933333333333334, 11.75 ],
            "to": [ 6.416666666666666, 12.933333333333334, 12.916666666666666 ],
            "faces": {
                "up":    { "uv": [ 3.0, 5.0, 13.0, 7.0 ], "texture": "#brick" }
            }
        },
        {
            "comment": "block top",
            "from": [ 0.5833333333333339, 12.933333333333334, 14.083333333333332 ],
            "to": [ 6.416666666666666, 12.933333333333334, 15.25 ],
            "faces": {
                "up":    { "uv": [ 3.0, 9.0, 13.0, 11.0 ], "texture": "#brick" }
            }
        },
        {
            "comment": "indent sides",
            "from": [ 5.833333333333332, 12.933333333333334, 14.083333333333332 ],
            "to": [ 1.166666666666666, 12.35, 12.916666666666666 ],
            "faces": {
                "east":  { "uv": [ 9.0, 13.0, 7.0, 12.0 ], "texture": "#brick" },
                "west":  { "uv": [ 9.0, 13.0, 7.0, 12.0 ], "texture": "#brick" }
            }
        },
        {
            "comment": "indent",
            "from": [ 5.833333333333332, 12.933333333333334, 12.916666666666666 ],
            "to": [ 1.166666666666666, 12.058333333333334, 12.916666666666666 ],
            "rotation": { "origin": [ -1.166666666666666, 12.933333333333334, 12.916666666666666 ], "axis": "x", "angle": -45 },
            "faces": {
                "south": { "uv": [ 4, 7, 12, 8 ], "texture": "#brick" }
            }
        },
        {
            "comment": "indent",
            "from": [ 5.833333333333332, 12.933333333333334, 14.083333333333332 ],
            "to": [ 1.166666666666666, 12.058333333333334, 14.083333333333332 ],
            "rotation": { "origin": [ -1.166666666666666, 12.933333333333334, 14.083333333333332 ], "axis": "x", "angle": 45 },
            "faces": {
                "north": { "uv": [ 4, 7, 12, 8 ], "texture": "#brick" }
            }
        },
        {
            "comment": "main block",
            "from": [ 0.75, 13.0, 0.0 ],
            "to": [ 4.25, 15.333333333333332, 7.0 ],
            "faces": {
                "north": { "uv": [ 5.0, 12.0, 11.0, 16.0 ], "texture": "#brick" },
                "down":  { "uv": [ 2.0, 5.0, 14.0, 11.0 ], "texture": "#brick", "rotation": 90 },
                "west":  { "uv": [ 2.0, 12.0, 11.0, 16.0 ], "texture": "#brick" },
                "east":  { "uv": [ 2.0, 12.0, 11.0, 16.0 ], "texture": "#brick" },
                "south": { "uv": [ 5.0, 12.0, 11.0, 16.0 ], "texture": "#brick" }
            }
        },
        {
            "comment": "block top",
            "from": [ 0.75, 15.333333333333332, 0.0 ],
            "to": [ 4.25, 15.333333333333332, 1.166666666666666 ],
            "faces": {
                "up":    { "uv": [ 2.0, 5.0, 4.0, 11.0 ], "texture": "#brick", "rotation": 90 }
            }
        },
        {
            "comment": "block top",
            "from": [ 0.75, 15.333333333333332, 5.833333333333332 ],
            "to": [ 4.25, 15.333333333333332, 7.0 ],
            "faces": {
                "up":    { "uv": [ 12.0, 5.0, 14.0, 11.0 ], "texture": "#brick", "rotation": 90 }
            }
        },
        {
            "comment": "block top",
            "from": [ 3.083333333333334, 15.333333333333332, 0.5833333333333339 ],
            "to": [ 4.25, 15.333333333333332, 6.416666666666666 ],
            "faces": {
                "up":    { "uv": [ 3.0, 5.0, 13.0, 7.0 ], "texture": "#brick", "rotation": 90 }
            }
        },
        {
            "comment": "block top",
            "from": [ 0.75, 15.333333333333332, 0.5833333333333339 ],
            "to": [ 1.9166666666666679, 15.333333333333332, 6.416666666666666 ],
            "faces": {
                "up":    { "uv": [ 3.0, 9.0, 13.0, 11.0 ], "texture": "#brick", "rotation": 90 }
            }
        },
        {
            "comment": "indent sides",
            "from": [ 3.083333333333334, 15.333333333333332, 5.833333333333332 ],
            "to": [ 1.9166666666666679, 14.75, 1.166666666666666 ],
            "faces": {
                "south": { "uv": [ 9.0, 13.0, 7.0, 12.0 ], "texture": "#brick" },
                "north": { "uv": [ 9.0, 13.0, 7.0, 12.0 ], "texture": "#brick" }
            }
        },
        {
            "comment": "indent",
            "from": [ 3.083333333333334, 15.333333333333332, 5.833333333333332 ],
            "to": [ 3.083333333333334, 14.458333333333332, 1.166666666666666 ],
            "rotation": { "origin": [ 3.083333333333334, 15.333333333333332, -1.166666666666666 ], "axis": "z", "angle": -45 },
            "faces": {
                "west":  { "uv": [ 4, 7, 12, 8 ], "texture": "#brick" }
            }
        },
        {
            "comment": "indent",
            "from": [ 1.9166666666666679, 15.333333333333332, 5.833333333333332 ],
            "to": [ 1.9166666666666679, 14.458333333333332, 1.166666666666666 ],
            "rotation": { "origin": [ 1.9166666666666679, 15.333333333333332, -1.166666666666666 ], "axis": "z", "angle": 45 },
            "faces": {
                "east":  { "uv": [ 4, 7, 12, 8 ], "texture": "#brick" }
            }
        },
        {
            "comment": "main block",
            "from": [ 0.75, 13.0, 9.0 ],
            "to": [ 4.25, 15.333333333333332, 16.0 ],
            "faces": {
                "north": { "uv": [ 5.0, 12.0, 11.0, 16.0 ], "texture": "#brick" },
                "down":  { "uv": [ 2.0, 5.0, 14.0, 11.0 ], "texture": "#brick", "rotation": 90 },
                "west":  { "uv": [ 2.0, 12.0, 11.0, 16.0 ], "texture": "#brick" },
                "east":  { "uv": [ 2.0, 12.0, 11.0, 16.0 ], "texture": "#brick" },
                "south": { "uv": [ 5.0, 12.0, 11.0, 16.0 ], "texture": "#brick" }
            }
        },
        {
            "comment": "block top",
            "from": [ 0.75, 15.333333333333332, 9.0 ],
            "to": [ 4.25, 15.333333333333332, 10.166666666666666 ],
            "faces": {
                "up":    { "uv": [ 2.0, 5.0, 4.0, 11.0 ], "texture": "#brick", "rotation": 90 }
            }
        },
        {
            "comment": "block top",
            "from": [ 0.75, 15.333333333333332, 14.833333333333332 ],
            "to": [ 4.25, 15.333333333333332, 16.0 ],
            "faces": {
                "up":    { "uv": [ 12.0, 5.0, 14.0, 11.0 ], "texture": "#brick", "rotation": 90 }
            }
        },
        {
            "comment": "block top",
            "from": [ 3.083333333333334, 15.333333333333332, 9.583333333333334 ],
            "to": [ 4.25, 15.333333333333332, 15.416666666666666 ],
            "faces": {
                "up":    { "uv": [ 3.0, 5.0, 13.0, 7.0 ], "texture": "#brick", "rotation": 90 }
            }
        },
        {
            "comment": "block top",
            "from": [ 0.75, 15.333333333333332, 9.583333333333334 ],
            "to": [ 1.9166666666666679, 15.333333333333332, 15.416666666666666 ],
            "faces": {
                "up":    { "uv": [ 3.0, 9.0, 13.0, 11.0 ], "texture": "#brick", "rotation": 90 }
            }
        },
        {
            "comment": "indent sides",
            "from": [ 3.083333333333334, 15.333333333333332, 14.833333333333332 ],
            "to": [ 1.9166666666666679, 14.75, 10.166666666666666 ],
            "faces": {
                "south": { "uv": [ 9.0, 13.0, 7.0, 12.0 ], "texture": "#brick" },
                "north": { "uv": [ 9.0, 13.0, 7.0, 12.0 ], "texture": "#brick" }
            }
        },
        {
            "comment": "indent",
            "from": [ 3.083333333333334, 15.333333333333332, 14.833333333333332 ],
            "to": [ 3.083333333333334, 14.458333333333332, 10.166666666666666 ],
            "rotation": { "origin": [ 3.083333333333334, 15.333333333333332, 7.833333333333334 ], "axis": "z", "angle": -45 },
            "faces": {
                "west":  { "uv": [ 4, 7, 12, 8 ], "texture": "#brick" }
            }
        },
        {
            "comment": "indent",
            "from": [ 1.9166666666666679, 15.333333333333332, 14.833333333333332 ],
            "to": [ 1.9166666666666679, 14.458333333333332, 10.166666666666666 ],
            "rotation": { "origin": [ 1.9166666666666679, 15.333333333333332, 7.833333333333334 ], "axis": "z", "angle": 45 },
            "faces": {
                "east":  { "uv": [ 4, 7, 12, 8 ], "texture": "#brick" }
            }
        }
    ]
}