{
	"ambientocclusion": false,
	"textures": {
		"front": "blocks/jukebox/front",
		"side": "blocks/jukebox/side",
		"top": "blocks/jukebox/top",
		"bottom": "blocks/jukebox/bottom",
		"turntable": "blocks/jukebox/turntable",
		"horn_side": "blocks/jukebox/horn_side",
		"horn_back": "blocks/jukebox/horn_back",
		"horn_front": "blocks/jukebox/horn_front",
		"horn_inside": "blocks/jukebox/horn_inside",
		"horn_side_inside": "blocks/jukebox/horn_side_inside",
		"horn_pipe": "blocks/jukebox/horn_pipe",
		"misc": "blocks/jukebox/misc",

		"r_": "blocks/jukebox/record/record_rotate",

		"label": "blocks/jukebox/labels/13",

		"r0": "blocks/jukebox/record/r0",
        "r1": "blocks/jukebox/record/r1",
        "r2": "blocks/jukebox/record/r2",
        "r3": "blocks/jukebox/record/r3",
        "r4": "blocks/jukebox/record/r4",
        "r5": "blocks/jukebox/record/r5",
        "r6": "blocks/jukebox/record/r6",
        "r7": "blocks/jukebox/record/r7",
        "r8": "blocks/jukebox/record/r8",
        "r9": "blocks/jukebox/record/r9",
        "r10": "blocks/jukebox/record/r10",
        "r11": "blocks/jukebox/record/r11",
        "r12": "blocks/jukebox/record/r12",
        "r13": "blocks/jukebox/record/r13",
        "r14": "blocks/jukebox/record/r14",
        "r15": "blocks/jukebox/record/r15",

        "particle": "blocks/jukebox/side"
	},

	"elements": [

		{
			"comment": "main body",
			"from": [0,0,0],
			"to": [16,16,16],
			"faces": {
				"north": {"texture": "#front", "cullface": "north"},
				"south": {"texture": "#side", "cullface": "south"},
				"east": {"texture": "#side", "cullface": "east"},
				"west": {"texture": "#side", "cullface": "west"},
				//"up": {"texture": "#top"},
				"down": {"texture": "#bottom", "cullface": "bottom"}
			}
		},

		{
			"comment": "drawer",
			"from": [1,10,-0.5],
			"to": [15,15,0],
			"faces": {
				"north": {"texture": "#front", "cullface": "north"},
				"east": {"uv": [0, 1, 1, 6], "texture": "#front", "cullface": "north"},
				"west": {"uv": [0, 1, 1, 6], "texture": "#front", "cullface": "north"},
				"up": {"uv": [1, 0, 15, 1], "texture": "#front", "cullface": "north"},
				"down": {"uv": [1, 0, 15, 1], "texture": "#front", "cullface": "north"}
			}
		},

		{
			"comment": "drawer knob",
			"from": [7.5, 12, -1],
			"to": [8.5, 13, -0.5],
			"faces": {
				"north": {"uv": [14, 14, 16, 16], "texture": "#top", "cullface": "north"},
				"east": {"uv": [14, 14, 16, 16], "texture": "#top", "cullface": "north"},
				"west": {"uv": [14, 14, 16, 16], "texture": "#top", "cullface": "north"},
				"up": {"uv": [14, 14, 16, 16], "texture": "#top", "cullface": "north"},
				"down": {"uv": [14, 14, 16, 16], "texture": "#top", "cullface": "north"}
			}
		},

		{
			"comment": "top",
			"from": [0, 16, 0],
			"to": [2, 16, 16],
			"faces": {
				"up": {"texture": "#top", "cullface": "up"}
			}
		},
		{
			"comment": "top",
			"from": [14, 16, 0],
			"to": [16, 16, 16],
			"faces": {
				"up": {"texture": "#top", "cullface": "up"}
			}
		},
		{
			"comment": "top",
			"from": [2, 16, 0],
			"to": [14, 16, 2],
			"faces": {
				"up": {"texture": "#top", "cullface": "up"}
			}
		},
		{
			"comment": "top",
			"from": [2, 16, 14],
			"to": [14, 16, 16],
			"faces": {
				"up": {"texture": "#top", "cullface": "up"}
			}
		},
		{
			"comment": "turntable",
			"from": [2, 16, 2],
			"to": [14, 14, 14],
			"faces": {
				"up": {"texture": "#turntable", "cullface": "up"},
				"north": {"texture": "#bottom", "cullface": "up"},
				"south": {"texture": "#bottom", "cullface": "up"},
				"east": {"texture": "#bottom", "cullface": "up"},
				"west": {"texture": "#bottom", "cullface": "up"}
			}
		},
		{
			"comment": "axel",
			"from": [7.5, 14, 7.5],
			"to": [8.5, 17, 8.5],
			"faces": {
				"up": {"uv": [0, 0, 1, 1], "texture": "#misc", "cullface": "up"},
				"north": {"uv": [0, 0, 1, 3], "texture": "#misc", "cullface": "up"},
				"east": {"uv": [0, 0, 1, 3], "texture": "#misc", "cullface": "up"},
				"west": {"uv": [0, 0, 1, 3], "texture": "#misc", "cullface": "up"},
				"south": {"uv": [0, 0, 1, 3], "texture": "#misc", "cullface": "up"}
			}
		},

		// TODO: if mojang makes jukeboxes non-solid, add rotating disk.
		{
			"comment": "record",
			"from": [3.380602337443566, 14.5, 6.086582838174551],
			"to": [12.619397662556434, 15.5, 9.91341716182545],
			"rotation": { "origin": [8,8,8], "axis": "y", "angle": -22.5},
			"faces": {
				"up": {"uv": [0, 4.68629150101524, 16, 11.31370849898476], "texture": "#r_", "cullface": "up"},
				"east": {"uv": [0, 4.68629150101524, 1, 11.31370849898476], "texture": "#r_", "cullface": "up"},
				"west": {"uv": [15, 4.68629150101524, 16, 11.31370849898476], "texture": "#r_", "cullface": "up"}
			}
		},
		{
			"comment": "record",
			"from": [3.380602337443566, 14.5, 6.086582838174551],
			"to": [8, 15.495, 9.91341716182545],
			"rotation": { "origin": [8,8,8], "axis": "y", "angle": 22.5},
			"faces": {
				"up": {"uv": [0, 4.68629150101524, 11, 11.31370849898476], "texture": "#r_", "cullface": "up"},
				"west": {"uv": [15, 4.68629150101524, 16, 11.31370849898476], "texture": "#r_", "cullface": "up"}
			}
		},
		{
			"comment": "record",
			"from": [8, 14.5, 6.086582838174551],
			"to": [12.619397662556434, 15.495, 9.91341716182545],
			"rotation": { "origin": [8,8,8], "axis": "y", "angle": 22.5},
			"faces": {
				"up": {"uv": [5, 4.68629150101524, 16, 11.31370849898476], "texture": "#r_", "cullface": "up"},
				"east": {"uv": [0, 4.68629150101524, 1, 11.31370849898476], "texture": "#r_", "cullface": "up"}
			}
		},
		{
			"comment": "record",
			"from": [6.086582838174551, 14.5, 3.380602337443566],
			"to": [9.91341716182545, 15.5, 6.086582838174551],
			"rotation": { "origin": [8,8,8], "axis": "y", "angle": -22.5},
			"faces": {
				"up": {"uv": [4.68629150101524, 0, 11.31370849898476, 4.68629150101524], "texture": "#r_", "cullface": "up"},
				"north": {"uv": [0, 4.68629150101524, 1, 11.31370849898476], "texture": "#r_", "cullface": "up"}
			}
		},
		{
			"comment": "record",
			"from": [6.086582838174551, 14.5, 9.91341716182545],
			"to": [9.91341716182545, 15.5, 12.619397662556434],
			"rotation": { "origin": [8,8,8], "axis": "y", "angle": -22.5},
			"faces": {
				"up": {"uv": [4.68629150101524, 11.31370849898476, 11.31370849898476, 16], "texture": "#r_", "cullface": "up"},
				"south": {"uv": [15, 4.68629150101524, 16, 11.31370849898476], "texture": "#r_", "cullface": "up"}
			}
		},
		{
			"comment": "record",
			"from": [6.086582838174551, 14.5, 3.380602337443566],
			"to": [9.91341716182545, 15.495, 6.086582838174551],
			"rotation": { "origin": [8,8,8], "axis": "y", "angle": 22.5},
			"faces": {
				"up": {"uv": [4.68629150101524, 0, 11.31370849898476, 7], "texture": "#r_", "cullface": "up"},
				"north": {"uv": [0, 4.68629150101524, 1, 11.31370849898476], "texture": "#r_", "cullface": "up"}
			}
		},
		{
			"comment": "record",
			"from": [6.086582838174551, 14.5, 9.91341716182545],
			"to": [9.91341716182545, 15.495, 12.619397662556434],
			"rotation": { "origin": [8,8,8], "axis": "y", "angle": 22.5},
			"faces": {
				"up": {"uv": [4.68629150101524, 9, 11.31370849898476, 16], "texture": "#r_", "cullface": "up"},
				"south": {"uv": [15, 4.68629150101524, 16, 11.31370849898476], "texture": "#r_", "cullface": "up"}
			}
		},

		{
			"comment": "record label",
			"from": [7, 15.6, 7],
			"to": [9, 15.6, 9],
			"rotation": { "origin": [8,8,8], "axis": "y", "angle": 22.5},
			"faces": {
				"up": {"uv": [0.01, 0.01, 4.99, 4.99], "texture": "#label", "cullface": "up"}
			}
		},
		{
			"comment": "stylus arm",
			"from": [1, 16, 7],
			"to": [2, 17, 15],
			"rotation": {"origin": [1.5, 0, 14.5], "axis": "y", "angle": -22.5},
			"faces": {
				"up": {"uv": [0, 0, 1, 5], "texture": "#misc", "cullface": "up"},
				"down": {"uv": [0, 0, 1, 5], "texture": "#misc", "cullface": "up"},
				"east": {"uv": [0, 0, 1, 5], "texture": "#misc", "cullface": "up"},
				"west": {"uv": [0, 0, 1, 5], "texture": "#misc", "cullface": "up"},
				"north": {"uv": [0, 0, 1, 1], "texture": "#misc", "cullface": "up"},
				"south": {"uv": [0, 0, 1, 1], "texture": "#misc", "cullface": "up"}
			}
		},
		{
			"comment": "stylus",
			"from": [1.25, 15, 7.25],
			"to": [1.75, 16, 7.75],
			"rotation": {"origin": [1.5, 0, 14.5], "axis": "y", "angle": -22.5},
			"faces": {
				"east": {"uv": [3, 1, 4, 2], "texture": "#misc", "cullface": "up"},
				"west": {"uv": [3, 1, 4, 2], "texture": "#misc", "cullface": "up"},
				"south": {"uv": [3, 1, 4, 2], "texture": "#misc", "cullface": "up"},
				"north": {"uv": [3, 1, 4, 2], "texture": "#misc", "cullface": "up"}
			}
		},
		{
			"comment": "pipe start",
			"from": [14.5, 16, 14.5],
			"to": [15.5, 18, 15.5],
			"faces": {
				"north": {"uv": [0, 0, 1, 2], "texture": "#horn_pipe", "cullface": "up"},
				"south": {"uv": [0, 0, 1, 2], "texture": "#horn_pipe", "cullface": "up"},
				"east": {"uv": [0, 0, 1, 2], "texture": "#horn_pipe", "cullface": "up"},
				"west": {"uv": [0, 0, 1, 2], "texture": "#horn_pipe", "cullface": "up"}
			}
		},
		{
			"comment": "pipe",
			"from": [14, 18, 10],
			"to": [16, 20, 16],
			"rotation": {"origin": [15, 0, 15], "axis": "y", "angle": 22.5},
			"faces": {
				"up": {"uv": [0, 0, 2, 6], "texture": "#horn_pipe", "cullface": "up"},
				"down": {"uv": [0, 0, 2, 6], "texture": "#horn_pipe", "cullface": "up"},
				"east": {"uv": [0, 0, 6, 2], "texture": "#horn_pipe", "cullface": "up"},
				"west": {"uv": [0, 0, 6, 2], "texture": "#horn_pipe", "cullface": "up"},
				"north": {"uv": [4, 0, 6, 2], "texture": "#horn_pipe", "cullface": "up"},
				"south": {"uv": [4, 0, 6, 2], "texture": "#horn_pipe", "cullface": "up"}
			}
		},
		{
			"comment": "pipe",
			"from": [8, 20, 10],
			"to": [16, 22, 12],
			"rotation": {"origin": [15, 0, 15], "axis": "y", "angle": 22.5},
			"faces": {
				"up": {"uv": [0, 0, 6, 2], "texture": "#horn_pipe", "cullface": "up"},
				"down": {"uv": [0, 0, 6, 2], "texture": "#horn_pipe", "cullface": "up"},
				"north": {"uv": [0, 0, 6, 2], "texture": "#horn_pipe", "cullface": "up"},
				"south": {"uv": [0, 0, 6, 2], "texture": "#horn_pipe", "cullface": "up"},
				"east": {"uv": [4, 0, 6, 2], "texture": "#horn_pipe", "cullface": "up"},
				"west": {"uv": [4, 0, 6, 2], "texture": "#horn_pipe", "cullface": "up"}
			}
		},
		{
			"comment": "pipe",
			"from": [14.5, 17.5, 10.5],
			"to": [15.5, 22.5, 11.5],
			"rotation": {"origin": [15, 0, 15], "axis": "y", "angle": 22.5},
			"faces": {
				"north": {"uv": [0, 0, 1, 2], "texture": "#horn_pipe", "cullface": "up"},
				"south": {"uv": [0, 0, 1, 2], "texture": "#horn_pipe", "cullface": "up"},
				"east": {"uv": [0, 0, 1, 2], "texture": "#horn_pipe", "cullface": "up"},
				"west": {"uv": [0, 0, 1, 2], "texture": "#horn_pipe", "cullface": "up"},
				"up": {"uv": [0, 0, 1, 1], "texture": "#horn_pipe", "cullface": "up"},
				"down": {"uv": [0, 0, 1, 1], "texture": "#horn_pipe", "cullface": "up"}
			}
		},
		{
			"comment": "pipe",
			"from": [7.5, 22, 13],
			"to": [8.5, 24, 14],
			"faces": {
				"north": {"uv": [0, 0, 1, 2], "texture": "#horn_pipe", "cullface": "up"},
				"south": {"uv": [0, 0, 1, 2], "texture": "#horn_pipe", "cullface": "up"},
				"east": {"uv": [0, 0, 1, 2], "texture": "#horn_pipe", "cullface": "up"},
				"west": {"uv": [0, 0, 1, 2], "texture": "#horn_pipe", "cullface": "up"}
			}
		},
		{
			"comment": "horn",
			"from": [5.5, 23, 14],
			"to": [10.5, 28, 15],
			"faces": {
				"north": {"uv": [11, 11, 16, 16], "texture": "#horn_back", "cullface": "up"},
				"south": {"uv": [11, 11, 16, 16], "texture": "#horn_back", "cullface": "up"},
				"east": {"uv": [14, 4, 15, 9], "texture": "#horn_side", "cullface": "up"},
				"west": {"uv": [14, 4, 15, 9], "texture": "#horn_side", "cullface": "up"},
				"down": {"uv": [14, 4, 15, 9], "texture": "#horn_side", "cullface": "up", "rotation": 90},
				"up": {"uv": [14, 4, 15, 9], "texture": "#horn_side", "cullface": "up", "rotation": 90}
			}
		},
		{
			"comment": "horn",
			"from": [6.5, 24, 9],
			"to": [9.5, 27, 14],
			"faces": {
				"east": {"uv": [9, 8, 14, 5], "texture": "#horn_side", "cullface": "up"},
				"west": {"uv": [9, 5, 14, 8], "texture": "#horn_side", "cullface": "up"},
				"up": {"uv": [9, 5, 14, 8], "texture": "#horn_side", "cullface": "up", "rotation": 270},
				"down": {"uv": [9, 5, 14, 8], "texture": "#horn_side", "cullface": "up", "rotation": 90}
			}
		},
		{
			"comment": "horn",
			"from": [4.5, 22, 6],
			"to": [11.5, 29, 9],
			"faces": {
				"south": {"uv": [2, 2, 9, 9], "texture": "#horn_back", "cullface": "up"},
				"east": {"uv": [6, 3, 9, 10], "texture": "#horn_side", "cullface": "up"},
				"west": {"uv": [6, 3, 9, 10], "texture": "#horn_side", "cullface": "up"},
				"down": {"uv": [6, 3, 9, 10], "texture": "#horn_side", "cullface": "up", "rotation": 90},
				"up": {"uv": [6, 3, 9, 10], "texture": "#horn_side", "cullface": "up", "rotation": 90}
			}
		},
		{
			"comment": "horn",
			"from": [3.5, 21, 5],
			"to": [12.5, 30, 6],
			"faces": {
				"south": {"uv": [2, 2, 9, 9], "texture": "#horn_back", "cullface": "up"},
				"east": {"uv": [5, 2, 6, 11], "texture": "#horn_side", "cullface": "up"},
				"west": {"uv": [5, 2, 6, 11], "texture": "#horn_side", "cullface": "up"},
				"down": {"uv": [5, 2, 6, 11], "texture": "#horn_side", "cullface": "up", "rotation": 90},
				"up": {"uv": [5, 2, 6, 11], "texture": "#horn_side", "cullface": "up", "rotation": 90}
			}
		},
		{
			"comment": "horn",
			"from": [2.5, 20, 1],
			"to": [13.5, 31, 5],
			"faces": {
				"south": {"uv": [0, 0, 11, 11], "texture": "#horn_back", "cullface": "up"},
				"east": {"uv": [5, 1, 1, 12], "texture": "#horn_side", "cullface": "up"},
				"west": {"uv": [1, 1, 5, 12], "texture": "#horn_side", "cullface": "up"},
				"down": {"uv": [5, 1, 1, 12], "texture": "#horn_side", "cullface": "up", "rotation": 90},
				"up": {"uv": [1, 1, 5, 12], "texture": "#horn_side", "cullface": "up", "rotation": 90}
			}
		},
		{
			"comment": "horn rim",
			"from": [2.5, 20, 1],
			"to": [13.5, 21, 5],
			"faces": {
				"north": {"uv": [0, 0, 11, 1], "texture": "#horn_back", "cullface": "up"}
			}
		},
		{
			"comment": "horn rim",
			"from": [2.5, 30, 1],
			"to": [13.5, 31, 5],
			"faces": {
				"north": {"uv": [0, 10, 11, 11], "texture": "#horn_back", "cullface": "up"}
			}
		},
		{
			"comment": "horn rim",
			"from": [2.5, 21, 1],
			"to": [3.5, 30, 5],
			"faces": {
				"north": {"uv": [0, 1, 1, 10], "texture": "#horn_back", "cullface": "up"}
			}
		},
		{
			"comment": "horn rim",
			"from": [12.5, 21, 1],
			"to": [13.5, 30, 5],
			"faces": {
				"north": {"uv": [10, 1, 11, 10], "texture": "#horn_back", "cullface": "up"}
			}
		},
		{
			"comment": "horn",
			"from": [3.5, 21, 4],
			"to": [12.5, 30, 1],
			"faces": {
				"north": {"uv": [1, 1, 10, 10], "texture": "#horn_inside", "cullface": "up"},
				"east": {"uv": [1, 1, 5, 12], "texture": "#horn_side_inside", "cullface": "up"},
				"west": {"uv": [5, 1, 1, 12], "texture": "#horn_side_inside", "cullface": "up"},
				"down": {"uv": [1, 1, 5, 12], "texture": "#horn_side_inside", "cullface": "up", "rotation": 90},
				"up": {"uv": [5, 1, 1, 12], "texture": "#horn_side_inside", "cullface": "up", "rotation": 90}
			}
		}
	]
}