{
    "elements": [
        {
            "comment": "log",
            "from": [ 9.8, -2.4000000000000004, -6.4 ],
            "to": [ 20.6, 8.4, 22.4 ],
            "faces": {
                "down":  { "uv": [ 4, 8, 8, 16 ], "texture": "#log" },
                "east":  { "uv": [ 4, 8, 8, 16 ], "texture": "#log", "rotation": 90 },
                "up":    { "uv": [ 4, 0, 8, 8 ], "texture": "#log" },
                "west":  { "uv": [ 0, 0, 4, 8 ], "texture": "#log", "rotation": 270 },
                "north": { "uv": [ 8, 0, 12, 4 ], "texture": "#log", "rotation": 90 },
                "south": { "uv": [ 12, 0, 16, 4 ], "texture": "#log", "rotation": 270 }
            }
        },
        {
            "comment": "log",
            "from": [ -2.8000000000000007, -2.4000000000000004, -6.4 ],
            "to": [ 8.0, 8.4, 22.4 ],
            "rotation": { "origin": [ 8.0, -2.4000000000000004, 22.4 ], "axis": "y", "angle": 22.5 },
            "faces": {
                "up":    { "uv": [ 4, 0, 8, 8 ], "texture": "#log" },
                "down":  { "uv": [ 4, 0, 8, 8 ], "texture": "#log" },
                "west":  { "uv": [ 0, 0, 4, 8 ], "texture": "#log", "rotation": 270 },
                "east":  { "uv": [ 0, 0, 4, 8 ], "texture": "#log", "rotation": 270 },
                "north": { "uv": [ 0, 8, 4, 12 ], "texture": "#log" },
                "south": { "uv": [ 0, 8, 4, 12 ], "texture": "#log" }
            }
        },
        {
            "comment": "log",
            "from": [ 2.5999999999999996, 8.4, -6.4 ],
            "to": [ 13.4, 19.2, 22.4 ],
            "rotation": { "origin": [ 8.0, -2.4000000000000004, 8.0 ], "axis": "y", "angle": 45 },
            "faces": {
                "down":  { "uv": [ 4, 8, 8, 16 ], "texture": "#log", "rotation": 180 },
                "west":  { "uv": [ 4, 8, 8, 16 ], "texture": "#log", "rotation": 90 },
                "up":    { "uv": [ 4, 0, 8, 8 ], "texture": "#log" },
                "east":  { "uv": [ 0, 0, 4, 8 ], "texture": "#log", "rotation": 270 },
                "north": { "uv": [ 8, 0, 12, 4 ], "texture": "#log" },
                "south": { "uv": [ 12, 0, 16, 4 ], "texture": "#log" }
            }
        },
        {
            "comment": "leaf",
            "from": [ 4.4, 19.2, -6.4 ],
            "to": [ 11.6, 19.38, 0.7999999999999998 ],
            "rotation": { "origin": [ -6.4, 19.2, 0.7999999999999998 ], "axis": "x", "angle": 22.5 },
            "faces": {
                "up":    { "uv": [ 8, 8, 11, 11 ], "texture": "#log" },
                "down":  { "uv": [ 11, 8, 8, 11 ], "texture": "#log" }
            }
        }
    ]
}