{
    "textures": {
        "label": "items/powder/label/blank_label"
    },
    "elements": [
        {
            "comment": "main bag body",
            "from": [ -3.016, 3.5935999999999995, 6.164 ],
            "to": [ 12.406400000000005, 12.406400000000005, 17.18 ],
            "faces": {
                "up":    { "uv": [ 3.0, 2.0, 13.0, 16.0 ], "texture": "#bag", "rotation": 90 },
                "down":  { "uv": [ 3.0, 2.0, 13.0, 16.0 ], "texture": "#bag", "rotation": 90 },
                "east":  { "uv": [ 0, 0, 10, 8 ], "texture": "#bag_rim" },
                "west":  { "uv": [ 3.0, 4.0, 13.0, 12.0 ], "texture": "#bag" },
                "north": { "uv": [ 4.0, 2.0, 12.0, 16.0 ], "texture": "#bag", "rotation": 270 },
                "south": { "uv": [ 4.0, 2.0, 12.0, 16.0 ], "texture": "#bag", "rotation": 270 }
            }
        },
        {
            "comment": "bag interior",
            "from": [ 12.406400000000005, 11.304800000000004, 16.078400000000002 ],
            "to": [ 10.203199999999999, 4.695200000000002, 7.265599999999999 ],
            "faces": {
                "up":    { "uv": [ 12.0, 6.0, 4.0, 4.0 ], "texture": "#bag", "rotation": 90 },
                "east":  { "uv": [ 12.0, 11.0, 4.0, 5.0 ], "texture": "#material" },
                "north": { "uv": [ 11.0, 6.0, 5.0, 4.0 ], "texture": "#bag", "rotation": 270 },
                "down":  { "uv": [ 12.0, 6.0, 4.0, 4.0 ], "texture": "#bag", "rotation": 90 },
                "south": { "uv": [ 11.0, 6.0, 5.0, 4.0 ], "texture": "#bag", "rotation": 270 }
            }
        },
        {
            "comment": "bag `stuff`",
            "from": [ 6.8984000000000005, 4.695200000000002, 7.276615999999999 ],
            "to": [ 10.203199999999999, 11.304800000000004, 16.067384000000004 ],
            "rotation": { "origin": [ 10.203199999999999, 4.695200000000002, 2.8592000000000013 ], "axis": "z", "angle": -22.5 },
            "faces": {
                "up":    { "uv": [ 7.0, 4.01, 10.0, 11.99 ], "texture": "#material" },
                "north": { "uv": [ 7.0, 5.0, 11.99, 11.0 ], "texture": "#material" },
                "down":  { "uv": [ 7.0, 4.01, 10.0, 11.99 ], "texture": "#material" },
                "south": { "uv": [ 7.0, 5.0, 11.99, 11.0 ], "texture": "#material" }
            }
        },
        {
            "comment": "bag `stuff`",
            "from": [ 7.55936, 4.695200000000002, 7.265599999999999 ],
            "to": [ 10.203199999999999, 10.80167416352, 16.078400000000002 ],
            "rotation": { "origin": [ 10.203199999999999, 4.695200000000002, 2.8592000000000013 ], "axis": "z", "angle": -45 },
            "faces": {
                "up":    { "uv": [ 7.6, 4.0, 10.0, 12.0 ], "texture": "#material" },
                "north": { "uv": [ 7.6, 5.4567228, 12.0, 11.0 ], "texture": "#material" },
                "down":  { "uv": [ 7.6, 4.0, 10.0, 12.0 ], "texture": "#material" },
                "south": { "uv": [ 7.6, 5.4567228, 12.0, 11.0 ], "texture": "#material" }
            }
        },
        {
            "comment": "bag `stuff`",
            "from": [ 7.55936, 4.144399999999999, 7.276615999999999 ],
            "to": [ 14.49944, 8.991440000000003, 16.067384000000004 ],
            "faces": {
                "east":  { "uv": [ 4.01, 7.1, 11.99, 11.5 ], "texture": "#material" },
                "west":  { "uv": [ 4.01, 7.1, 11.99, 11.5 ], "texture": "#material" },
                "north": { "uv": [ 7.6, 7.1, 11.99, 11.5 ], "texture": "#material" },
                "down":  { "uv": [ 7.6, 4.01, 13.9, 11.99 ], "texture": "#material" },
                "south": { "uv": [ 7.6, 7.1, 11.99, 11.5 ], "texture": "#material" }
            }
        },
        {
            "comment": "bag lip west",
            "from": [ 9.1016, 3.604615999999999, 6.164 ],
            "to": [ 12.406400000000005, 12.406400000000005, 7.265599999999999 ],
            "rotation": { "origin": [ 12.406400000000005, 3.5935999999999995, 6.164 ], "axis": "y", "angle": -22.5 },
            "faces": {
                "up":    { "uv": [ 3.0, 4.0, 4.0, 7.0 ], "texture": "#bag", "rotation": 90 },
                "down":  { "uv": [ 3.0, 4.0, 4.0, 7.0 ], "texture": "#bag", "rotation": 90 },
                "east":  { "uv": [ 3.0, 4.0, 4.0, 12.0 ], "texture": "#bag" },
                "west":  { "uv": [ 3.0, 4.0, 4.0, 12.0 ], "texture": "#bag" },
                "north": { "uv": [ 4.0, 4.0, 12.0, 7.0 ], "texture": "#bag", "rotation": 270 },
                "south": { "uv": [ 4.0, 4.0, 12.0, 7.0 ], "texture": "#bag", "rotation": 270 }
            }
        },
        {
            "comment": "bag lip south",
            "from": [ 9.1016, 11.304800000000004, 6.164 ],
            "to": [ 12.406400000000005, 12.406400000000005, 17.18 ],
            "rotation": { "origin": [ 12.406400000000005, 12.406400000000005, 2.8592000000000013 ], "axis": "z", "angle": -22.5 },
            "faces": {
                "up":    { "uv": [ 3.0, 4.0, 13.0, 7.0 ], "texture": "#bag", "rotation": 90 },
                "down":  { "uv": [ 3.0, 4.0, 13.0, 7.0 ], "texture": "#bag", "rotation": 90 },
                "east":  { "uv": [ 3.0, 11.0, 13.0, 12.0 ], "texture": "#bag" },
                "west":  { "uv": [ 3.0, 11.0, 13.0, 12.0 ], "texture": "#bag" },
                "north": { "uv": [ 11.0, 4.0, 12.0, 7.0 ], "texture": "#bag", "rotation": 270 },
                "south": { "uv": [ 11.0, 4.0, 12.0, 7.0 ], "texture": "#bag", "rotation": 270 }
            }
        },
        {
            "comment": "bag lip east",
            "from": [ 9.1016, 3.604615999999999, 16.078400000000002 ],
            "to": [ 12.406400000000005, 12.406400000000005, 17.18 ],
            "rotation": { "origin": [ 12.406400000000005, 3.5935999999999995, 17.18 ], "axis": "y", "angle": 22.5 },
            "faces": {
                "up":    { "uv": [ 12.0, 4.0, 13.0, 7.0 ], "texture": "#bag", "rotation": 90 },
                "down":  { "uv": [ 12.0, 4.0, 13.0, 7.0 ], "texture": "#bag", "rotation": 90 },
                "east":  { "uv": [ 12.0, 4.0, 13.0, 12.0 ], "texture": "#bag" },
                "west":  { "uv": [ 12.0, 4.0, 13.0, 12.0 ], "texture": "#bag" },
                "north": { "uv": [ 4.0, 4.0, 12.0, 7.0 ], "texture": "#bag", "rotation": 270 },
                "south": { "uv": [ 4.0, 4.0, 12.0, 7.0 ], "texture": "#bag", "rotation": 270 }
            }
        },
        {
            "comment": "string loop",
            "from": [ 7.449199999999998, 3.0427999999999997, 5.613200000000001 ],
            "to": [ 8.550800000000002, 12.9572, 17.730800000000002 ],
            "faces": {
                "up":    { "uv": [ 2.5, 7.5, 13.5, 8.5 ], "texture": "#string", "rotation": 90 },
                "down":  { "uv": [ 2.5, 7.5, 13.5, 8.5 ], "texture": "#string", "rotation": 90 },
                "east":  { "uv": [ 2.5, 3.5, 13.5, 12.5 ], "texture": "#string" },
                "west":  { "uv": [ 2.5, 3.5, 13.5, 12.5 ], "texture": "#string" },
                "north": { "uv": [ 3.5, 7.5, 12.5, 8.5 ], "texture": "#string", "rotation": 270 },
                "south": { "uv": [ 3.5, 7.5, 12.5, 8.5 ], "texture": "#string", "rotation": 270 }
            }
        },
        {
            "comment": "powder grain",
            "from": [ 15.270559999999996, 3.3732799999999994, 5.72336 ],
            "to": [ 18.57536, 7.339040000000001, 9.028159999999996 ],
            "rotation": { "origin": [ 16.922959999999996, 13.948639999999997, 6.053840000000003 ], "axis": "y", "angle": -22.5 },
            "faces": {
                "up":    { "uv": [ 0, 0, 3, 3 ], "texture": "#material" },
                "down":  { "uv": [ 0, 0, 3, 3 ], "texture": "#material" },
                "east":  { "uv": [ 0, 0, 3, 3 ], "texture": "#material" },
                "west":  { "uv": [ 0, 0, 3, 3 ], "texture": "#material" },
                "north": { "uv": [ 0, 0, 3, 3 ], "texture": "#material" },
                "south": { "uv": [ 0, 0, 3, 3 ], "texture": "#material" }
            }
        },
        {
            "comment": "powder grain",
            "from": [ 15.931520000000003, 7.339040000000001, 6.053840000000003 ],
            "to": [ 17.9144, 9.321919999999999, 8.036719999999999 ],
            "rotation": { "origin": [ 16.922959999999996, 13.948639999999997, 7.045279999999999 ], "axis": "y", "angle": 45 },
            "faces": {
                "up":    { "uv": [ 2, 8, 5, 11 ], "texture": "#material" },
                "down":  { "uv": [ 2, 8, 5, 11 ], "texture": "#material" },
                "east":  { "uv": [ 2, 8, 5, 11 ], "texture": "#material" },
                "west":  { "uv": [ 2, 8, 5, 11 ], "texture": "#material" },
                "north": { "uv": [ 2, 8, 5, 11 ], "texture": "#material" },
                "south": { "uv": [ 2, 8, 5, 11 ], "texture": "#material" }
            }
        },
        {
            "comment": "powder grain",
            "from": [ 18.57536, 3.3732799999999994, 6.384320000000002 ],
            "to": [ 21.219199999999994, 6.017120000000001, 9.028159999999996 ],
            "rotation": { "origin": [ 19.236319999999992, 13.948639999999997, 6.384320000000002 ], "axis": "y", "angle": 22.5 },
            "faces": {
                "up":    { "uv": [ 0, 9, 3, 12 ], "texture": "#material" },
                "down":  { "uv": [ 0, 9, 3, 12 ], "texture": "#material" },
                "east":  { "uv": [ 0, 9, 3, 12 ], "texture": "#material" },
                "west":  { "uv": [ 0, 9, 3, 12 ], "texture": "#material" },
                "north": { "uv": [ 0, 9, 3, 12 ], "texture": "#material" },
                "south": { "uv": [ 0, 9, 3, 12 ], "texture": "#material" }
            }
        },
        {
            "comment": "powder grain",
            "from": [ 17.9144, 3.3732799999999994, 3.7404800000000016 ],
            "to": [ 19.897280000000002, 5.356160000000001, 5.72336 ],
            "rotation": { "origin": [ 16.922959999999996, 13.948639999999997, 6.714800000000003 ], "axis": "y", "angle": 0 },
            "faces": {
                "up":    { "uv": [ 4, 5, 6, 7 ], "texture": "#material" },
                "down":  { "uv": [ 4, 5, 6, 7 ], "texture": "#material" },
                "east":  { "uv": [ 4, 5, 6, 7 ], "texture": "#material" },
                "west":  { "uv": [ 4, 5, 6, 7 ], "texture": "#material" },
                "north": { "uv": [ 4, 5, 6, 7 ], "texture": "#material" },
                "south": { "uv": [ 4, 5, 6, 7 ], "texture": "#material" }
            }
        },
        {
            "comment": "powder grain",
            "from": [ 13.948639999999997, 3.3732799999999994, 13.43456 ],
            "to": [ 17.253439999999998, 7.339040000000001, 16.739360000000005 ],
            "rotation": { "origin": [ 16.922959999999996, 13.948639999999997, 15.086960000000001 ], "axis": "y", "angle": -22.5 },
            "faces": {
                "up":    { "uv": [ 0, 0, 3, 3 ], "texture": "#material", "rotation": 90 },
                "down":  { "uv": [ 0, 0, 3, 3 ], "texture": "#material", "rotation": 90 },
                "east":  { "uv": [ 0, 0, 3, 3 ], "texture": "#material" },
                "west":  { "uv": [ 0, 0, 3, 3 ], "texture": "#material" },
                "north": { "uv": [ 0, 0, 3, 3 ], "texture": "#material" },
                "south": { "uv": [ 0, 0, 3, 3 ], "texture": "#material" }
            }
        },
        {
            "comment": "powder grain",
            "from": [ 14.940079999999998, 7.339040000000001, 14.095519999999999 ],
            "to": [ 16.922959999999996, 9.321919999999999, 16.078400000000002 ],
            "rotation": { "origin": [ 15.931520000000003, 13.948639999999997, 15.086960000000001 ], "axis": "y", "angle": 45 },
            "faces": {
                "up":    { "uv": [ 2, 8, 5, 11 ], "texture": "#material", "rotation": 90 },
                "down":  { "uv": [ 2, 8, 5, 11 ], "texture": "#material", "rotation": 90 },
                "east":  { "uv": [ 2, 8, 5, 11 ], "texture": "#material" },
                "west":  { "uv": [ 2, 8, 5, 11 ], "texture": "#material" },
                "north": { "uv": [ 2, 8, 5, 11 ], "texture": "#material" },
                "south": { "uv": [ 2, 8, 5, 11 ], "texture": "#material" }
            }
        },
        {
            "comment": "powder grain",
            "from": [ 13.948639999999997, 3.3732799999999994, 16.739360000000005 ],
            "to": [ 16.592480000000002, 6.017120000000001, 19.383199999999995 ],
            "rotation": { "origin": [ 16.592480000000002, 13.948639999999997, 17.400319999999997 ], "axis": "y", "angle": 22.5 },
            "faces": {
                "up":    { "uv": [ 0, 9, 3, 12 ], "texture": "#material", "rotation": 90 },
                "down":  { "uv": [ 0, 9, 3, 12 ], "texture": "#material", "rotation": 90 },
                "east":  { "uv": [ 0, 9, 3, 12 ], "texture": "#material" },
                "west":  { "uv": [ 0, 9, 3, 12 ], "texture": "#material" },
                "north": { "uv": [ 0, 9, 3, 12 ], "texture": "#material" },
                "south": { "uv": [ 0, 9, 3, 12 ], "texture": "#material" }
            }
        },
        {
            "comment": "powder grain",
            "from": [ 17.253439999999998, 3.3732799999999994, 16.078400000000002 ],
            "to": [ 19.236319999999992, 5.356160000000001, 18.061279999999996 ],
            "rotation": { "origin": [ 16.262, 13.948639999999997, 15.086960000000001 ], "axis": "y", "angle": 0 },
            "faces": {
                "up":    { "uv": [ 4, 5, 6, 7 ], "texture": "#material", "rotation": 90 },
                "down":  { "uv": [ 4, 5, 6, 7 ], "texture": "#material", "rotation": 90 },
                "east":  { "uv": [ 4, 5, 6, 7 ], "texture": "#material" },
                "west":  { "uv": [ 4, 5, 6, 7 ], "texture": "#material" },
                "north": { "uv": [ 4, 5, 6, 7 ], "texture": "#material" },
                "south": { "uv": [ 4, 5, 6, 7 ], "texture": "#material" }
            }
        },
        {
            "comment": "powder grain",
            "from": [ 18.355039999999995, 3.3732799999999994, 8.807840000000002 ],
            "to": [ 21.659839999999996, 7.339040000000001, 12.112639999999994 ],
            "rotation": { "origin": [ 20.007439999999995, 13.948639999999997, 11.782160000000003 ], "axis": "y", "angle": -22.5 },
            "faces": {
                "up":    { "uv": [ 0, 0, 3, 3 ], "texture": "#material", "rotation": 180 },
                "down":  { "uv": [ 0, 0, 3, 3 ], "texture": "#material", "rotation": 180 },
                "east":  { "uv": [ 0, 0, 3, 3 ], "texture": "#material" },
                "west":  { "uv": [ 0, 0, 3, 3 ], "texture": "#material" },
                "north": { "uv": [ 0, 0, 3, 3 ], "texture": "#material" },
                "south": { "uv": [ 0, 0, 3, 3 ], "texture": "#material" }
            }
        },
        {
            "comment": "powder grain",
            "from": [ 19.016, 7.339040000000001, 9.799279999999998 ],
            "to": [ 20.99888, 9.321919999999999, 11.782160000000003 ],
            "rotation": { "origin": [ 20.007439999999995, 13.948639999999997, 10.79072 ], "axis": "y", "angle": 45 },
            "faces": {
                "up":    { "uv": [ 2, 8, 5, 11 ], "texture": "#material", "rotation": 180 },
                "down":  { "uv": [ 2, 8, 5, 11 ], "texture": "#material", "rotation": 180 },
                "east":  { "uv": [ 2, 8, 5, 11 ], "texture": "#material" },
                "west":  { "uv": [ 2, 8, 5, 11 ], "texture": "#material" },
                "north": { "uv": [ 2, 8, 5, 11 ], "texture": "#material" },
                "south": { "uv": [ 2, 8, 5, 11 ], "texture": "#material" }
            }
        },
        {
            "comment": "powder grain",
            "from": [ 15.711199999999996, 3.3732799999999994, 8.807840000000002 ],
            "to": [ 18.355039999999995, 6.017120000000001, 11.45168 ],
            "rotation": { "origin": [ 17.69408, 13.948639999999997, 11.45168 ], "axis": "y", "angle": 22.5 },
            "faces": {
                "up":    { "uv": [ 0, 9, 3, 12 ], "texture": "#material", "rotation": 180 },
                "down":  { "uv": [ 0, 9, 3, 12 ], "texture": "#material", "rotation": 180 },
                "east":  { "uv": [ 0, 9, 3, 12 ], "texture": "#material" },
                "west":  { "uv": [ 0, 9, 3, 12 ], "texture": "#material" },
                "north": { "uv": [ 0, 9, 3, 12 ], "texture": "#material" },
                "south": { "uv": [ 0, 9, 3, 12 ], "texture": "#material" }
            }
        },
        {
            "comment": "powder grain",
            "from": [ 17.033119999999997, 3.3732799999999994, 12.112639999999994 ],
            "to": [ 19.016, 5.356160000000001, 14.095519999999999 ],
            "rotation": { "origin": [ 20.007439999999995, 13.948639999999997, 11.121199999999998 ], "axis": "y", "angle": 0 },
            "faces": {
                "up":    { "uv": [ 4, 5, 6, 7 ], "texture": "#material", "rotation": 180 },
                "down":  { "uv": [ 4, 5, 6, 7 ], "texture": "#material", "rotation": 180 },
                "east":  { "uv": [ 4, 5, 6, 7 ], "texture": "#material" },
                "west":  { "uv": [ 4, 5, 6, 7 ], "texture": "#material" },
                "north": { "uv": [ 4, 5, 6, 7 ], "texture": "#material" },
                "south": { "uv": [ 4, 5, 6, 7 ], "texture": "#material" }
            }
        },
        {
            "comment": "powder grain",
            "from": [ -6.6733119999999975, 4.298624, 1.5593119999999985 ],
            "to": [ -4.0294720000000055, 7.471232, 4.203152 ],
            "rotation": { "origin": [ -6.408928000000003, 12.758911999999999, 2.881231999999998 ], "axis": "y", "angle": -22.5 },
            "faces": {
                "down":  { "uv": [ 0, 0, 3, 3 ], "texture": "#purified", "rotation": 270 },
                "east":  { "uv": [ 0, 0, 3, 3 ], "texture": "#purified" },
                "south": { "uv": [ 0, 0, 3, 3 ], "texture": "#purified" },
                "north": { "uv": [ 0, 0, 3, 3 ], "texture": "#purified" },
                "west":  { "uv": [ 0, 0, 3, 3 ], "texture": "#purified" },
                "up":    { "uv": [ 0, 0, 3, 3 ], "texture": "#purified", "rotation": 270 }
            }
        },
        {
            "comment": "powder grain",
            "from": [ -6.408928000000003, 7.471232, 2.0880800000000024 ],
            "to": [ -4.822623999999998, 9.057535999999995, 3.674384 ],
            "rotation": { "origin": [ -5.615776, 12.758911999999999, 2.881231999999998 ], "axis": "y", "angle": 45 },
            "faces": {
                "up":    { "uv": [ 2, 8, 5, 11 ], "texture": "#purified", "rotation": 270 },
                "west":  { "uv": [ 2, 8, 5, 11 ], "texture": "#purified" },
                "north": { "uv": [ 2, 8, 5, 11 ], "texture": "#purified" },
                "east":  { "uv": [ 2, 8, 5, 11 ], "texture": "#purified" },
                "down":  { "uv": [ 2, 8, 5, 11 ], "texture": "#purified", "rotation": 270 },
                "south": { "uv": [ 2, 8, 5, 11 ], "texture": "#purified" }
            }
        },
        {
            "comment": "powder grain",
            "from": [ -6.144544, 4.298624, -0.5557600000000029 ],
            "to": [ -4.0294720000000055, 6.413696000000002, 1.5593119999999985 ],
            "rotation": { "origin": [ -6.144544, 12.758911999999999, 1.0305440000000017 ], "axis": "y", "angle": 22.5 },
            "faces": {
                "west":  { "uv": [ 0, 9, 3, 12 ], "texture": "#purified" },
                "east":  { "uv": [ 0, 9, 3, 12 ], "texture": "#purified" },
                "south": { "uv": [ 0, 9, 3, 12 ], "texture": "#purified" },
                "north": { "uv": [ 0, 9, 3, 12 ], "texture": "#purified" },
                "up":    { "uv": [ 0, 9, 3, 12 ], "texture": "#purified", "rotation": 270 },
                "down":  { "uv": [ 0, 9, 3, 12 ], "texture": "#purified", "rotation": 270 }
            }
        },
        {
            "comment": "powder grain",
            "from": [ -8.259615999999998, 4.298624, 0.5017759999999978 ],
            "to": [ -6.6733119999999975, 5.884927999999999, 2.0880800000000024 ],
            "rotation": { "origin": [ -5.880159999999998, 12.758911999999999, 2.881231999999998 ], "axis": "y", "angle": 0 },
            "faces": {
                "south": { "uv": [ 4, 5, 6, 7 ], "texture": "#purified" },
                "east":  { "uv": [ 4, 5, 6, 7 ], "texture": "#purified" },
                "west":  { "uv": [ 4, 5, 6, 7 ], "texture": "#purified" },
                "north": { "uv": [ 4, 5, 6, 7 ], "texture": "#purified" },
                "down":  { "uv": [ 4, 5, 6, 7 ], "texture": "#purified", "rotation": 270 },
                "up":    { "uv": [ 4, 5, 6, 7 ], "texture": "#purified", "rotation": 270 }
            }
        },
        {
            "comment": "powder grain",
            "from": [ -0.5043520000000044, 4.298624, 2.6168480000000027 ],
            "to": [ 2.1394880000000036, 7.471232, 5.260687999999998 ],
            "rotation": { "origin": [ 0.8175680000000014, 12.758911999999999, 2.881231999999998 ], "axis": "y", "angle": -22.5 },
            "faces": {
                "east":  { "uv": [ 0, 0, 3, 3 ], "texture": "#purified" },
                "down":  { "uv": [ 0, 0, 3, 3 ], "texture": "#purified", "rotation": 0 },
                "south": { "uv": [ 0, 0, 3, 3 ], "texture": "#purified" },
                "north": { "uv": [ 0, 0, 3, 3 ], "texture": "#purified" },
                "west":  { "uv": [ 0, 0, 3, 3 ], "texture": "#purified" },
                "up":    { "uv": [ 0, 0, 3, 3 ], "texture": "#purified", "rotation": 0 }
            }
        },
        {
            "comment": "powder grain",
            "from": [ 0.02441599999999955, 7.471232, 2.881231999999998 ],
            "to": [ 1.6107200000000006, 9.057535999999995, 4.4675359999999955 ],
            "rotation": { "origin": [ 0.8175680000000014, 12.758911999999999, 3.674384 ], "axis": "y", "angle": 45 },
            "faces": {
                "west":  { "uv": [ 2, 8, 5, 11 ], "texture": "#purified" },
                "north": { "uv": [ 2, 8, 5, 11 ], "texture": "#purified" },
                "up":    { "uv": [ 2, 8, 5, 11 ], "texture": "#purified", "rotation": 0 },
                "down":  { "uv": [ 2, 8, 5, 11 ], "texture": "#purified", "rotation": 0 },
                "east":  { "uv": [ 2, 8, 5, 11 ], "texture": "#purified" },
                "south": { "uv": [ 2, 8, 5, 11 ], "texture": "#purified" }
            }
        },
        {
            "comment": "powder grain",
            "from": [ 2.1394880000000036, 4.298624, 3.1456159999999995 ],
            "to": [ 4.2545600000000015, 6.413696000000002, 5.260687999999998 ],
            "rotation": { "origin": [ 2.6682560000000013, 12.758911999999999, 3.1456159999999995 ], "axis": "y", "angle": 22.5 },
            "faces": {
                "west":  { "uv": [ 0, 9, 3, 12 ], "texture": "#purified" },
                "east":  { "uv": [ 0, 9, 3, 12 ], "texture": "#purified" },
                "south": { "uv": [ 0, 9, 3, 12 ], "texture": "#purified" },
                "north": { "uv": [ 0, 9, 3, 12 ], "texture": "#purified" },
                "down":  { "uv": [ 0, 9, 3, 12 ], "texture": "#purified", "rotation": 0 },
                "up":    { "uv": [ 0, 9, 3, 12 ], "texture": "#purified", "rotation": 0 }
            }
        },
        {
            "comment": "powder grain",
            "from": [ 1.6107200000000006, 4.298624, 1.0305440000000017 ],
            "to": [ 3.1970240000000016, 5.884927999999999, 2.6168480000000027 ],
            "rotation": { "origin": [ 0.8175680000000014, 12.758911999999999, 3.410000000000001 ], "axis": "y", "angle": 0 },
            "faces": {
                "south": { "uv": [ 4, 5, 6, 7 ], "texture": "#purified" },
                "east":  { "uv": [ 4, 5, 6, 7 ], "texture": "#purified" },
                "west":  { "uv": [ 4, 5, 6, 7 ], "texture": "#purified" },
                "north": { "uv": [ 4, 5, 6, 7 ], "texture": "#purified" },
                "up":    { "uv": [ 4, 5, 6, 7 ], "texture": "#purified", "rotation": 0 },
                "down":  { "uv": [ 4, 5, 6, 7 ], "texture": "#purified", "rotation": 0 }
            }
        },
        {
            "comment": "powder grain",
            "from": [ -4.205728000000001, 4.298624, -0.9082719999999984 ],
            "to": [ -1.561888000000005, 7.471232, 1.7355680000000024 ],
            "rotation": { "origin": [ -1.826272000000003, 12.758911999999999, 0.41364800000000024 ], "axis": "y", "angle": -22.5 },
            "faces": {
                "east":  { "uv": [ 0, 0, 3, 3 ], "texture": "#purified" },
                "up":    { "uv": [ 0, 0, 3, 3 ], "texture": "#purified", "rotation": 90 },
                "south": { "uv": [ 0, 0, 3, 3 ], "texture": "#purified" },
                "north": { "uv": [ 0, 0, 3, 3 ], "texture": "#purified" },
                "down":  { "uv": [ 0, 0, 3, 3 ], "texture": "#purified", "rotation": 90 },
                "west":  { "uv": [ 0, 0, 3, 3 ], "texture": "#purified" }
            }
        },
        {
            "comment": "powder grain",
            "from": [ -3.412575999999998, 7.471232, -0.37950400000000073 ],
            "to": [ -1.826272000000003, 9.057535999999995, 1.206800000000002 ],
            "rotation": { "origin": [ -2.619424000000002, 12.758911999999999, 0.41364800000000024 ], "axis": "y", "angle": 45 },
            "faces": {
                "west":  { "uv": [ 2, 8, 5, 11 ], "texture": "#purified" },
                "north": { "uv": [ 2, 8, 5, 11 ], "texture": "#purified" },
                "east":  { "uv": [ 2, 8, 5, 11 ], "texture": "#purified" },
                "up":    { "uv": [ 2, 8, 5, 11 ], "texture": "#purified", "rotation": 90 },
                "down":  { "uv": [ 2, 8, 5, 11 ], "texture": "#purified", "rotation": 90 }
            }
        },
        {
            "comment": "powder grain",
            "from": [ -4.205728000000001, 4.298624, 1.7355680000000024 ],
            "to": [ -2.0906559999999956, 6.413696000000002, 3.850640000000001 ],
            "rotation": { "origin": [ -2.0906559999999956, 12.758911999999999, 2.264336 ], "axis": "y", "angle": 22.5 },
            "faces": {
                "west":  { "uv": [ 0, 9, 3, 12 ], "texture": "#purified" },
                "up":    { "uv": [ 0, 9, 3, 12 ], "texture": "#purified", "rotation": 90 },
                "east":  { "uv": [ 0, 9, 3, 12 ], "texture": "#purified" },
                "south": { "uv": [ 0, 9, 3, 12 ], "texture": "#purified" },
                "north": { "uv": [ 0, 9, 3, 12 ], "texture": "#purified" },
                "down":  { "uv": [ 0, 9, 3, 12 ], "texture": "#purified", "rotation": 90 }
            }
        },
        {
            "comment": "powder grain",
            "from": [ -1.561888000000005, 4.298624, 1.206800000000002 ],
            "to": [ 0.02441599999999955, 5.884927999999999, 2.793104000000003 ],
            "rotation": { "origin": [ -2.3550400000000007, 12.758911999999999, 0.41364800000000024 ], "axis": "y", "angle": 0 },
            "faces": {
                "down":  { "uv": [ 4, 5, 6, 7 ], "texture": "#purified", "rotation": 90 },
                "south": { "uv": [ 4, 5, 6, 7 ], "texture": "#purified" },
                "east":  { "uv": [ 4, 5, 6, 7 ], "texture": "#purified" },
                "west":  { "uv": [ 4, 5, 6, 7 ], "texture": "#purified" },
                "north": { "uv": [ 4, 5, 6, 7 ], "texture": "#purified" },
                "up":    { "uv": [ 4, 5, 6, 7 ], "texture": "#purified", "rotation": 90 }
            }
        },
        {
            "comment": "main bag body",
            "from": [ 8.569159999999997, 2.492, -1.826272000000003 ],
            "to": [ 14.774840000000005, 9.938816000000001, 3.1382719999999997 ],
            "faces": {
                "east":  { "uv": [ 3.0, 0.0, 13.0, 12.0 ], "texture": "#bag", "rotation": 180 },
                "down":  { "uv": [ 3.0, 4.0, 13.0, 12.0 ], "texture": "#bag", "rotation": 180 },
                "west":  { "uv": [ 3.0, 0.0, 13.0, 12.0 ], "texture": "#bag", "rotation": 180 },
                "north": { "uv": [ 4.0, 0.0, 12.0, 12.0 ], "texture": "#bag" },
                "up":    { "uv": [ 0, 0, 10, 8 ], "texture": "#bag_rim", "rotation": 180 },
                "south": { "uv": [ 4.0, 0.0, 12.0, 12.0 ], "texture": "#bag" }
            }
        },
        {
            "comment": "label",
            "from": [ 9.810296000000005, 3.1125680000000004, -1.8883287999999983 ],
            "to": [ 13.533703999999997, 6.835976000000002, -1.8883287999999983 ],
            "faces": {
                "north": { "uv": [ 0, 0, 16, 16 ], "texture": "#label" }
            }
        },
        {
            "comment": "label_icon",
            "from": [ 9.975536, 3.2961680000000015, -1.9066887999999977 ],
            "to": [ 13.350104000000002, 6.652376000000001, -1.9066887999999977 ],
            "faces": {
                "north": { "uv": [ 0, 0, 16, 16 ], "texture": "#label_icon" }
            }
        },
        {
            "comment": "bag interior",
            "from": [ 14.154272000000002, 9.938816000000001, 2.5177039999999993 ],
            "to": [ 9.189727999999997, 8.697679999999998, -1.205703999999999 ],
            "faces": {
                "east":  { "uv": [ 12.0, 12.0, 4.0, 10.0 ], "texture": "#bag", "rotation": 180 },
                "north": { "uv": [ 11.0, 12.0, 5.0, 10.0 ], "texture": "#bag" },
                "west":  { "uv": [ 12.0, 12.0, 4.0, 10.0 ], "texture": "#bag", "rotation": 180 },
                "up":    { "uv": [ 12.0, 11.0, 4.0, 5.0 ], "texture": "#purified", "rotation": 180 },
                "south": { "uv": [ 11.0, 12.0, 5.0, 10.0 ], "texture": "#bag" }
            }
        },
        {
            "comment": "bag lip north",
            "from": [ 8.569159999999997, 8.077111999999998, -1.826272000000003 ],
            "to": [ 14.774840000000005, 9.938816000000001, -1.205703999999999 ],
            "rotation": { "origin": [ 6.707456, 9.938816000000001, -1.826272000000003 ], "axis": "x", "angle": 22.5 },
            "faces": {
                "south": { "uv": [ 4.0, 9.0, 5.0, 12.0 ], "texture": "#bag" },
                "east":  { "uv": [ 3.0, 9.0, 13.0, 12.0 ], "texture": "#bag", "rotation": 180 },
                "north": { "uv": [ 4.0, 9.0, 5.0, 12.0 ], "texture": "#bag" },
                "west":  { "uv": [ 3.0, 9.0, 13.0, 12.0 ], "texture": "#bag", "rotation": 180 },
                "down":  { "uv": [ 3.0, 4.0, 13.0, 5.0 ], "texture": "#bag", "rotation": 180 },
                "up":    { "uv": [ 3.0, 4.0, 13.0, 5.0 ], "texture": "#bag", "rotation": 180 }
            }
        },
        {
            "comment": "bag lip west",
            "from": [ 8.569159999999997, 8.077111999999998, -1.826272000000003 ],
            "to": [ 9.189727999999997, 9.938816000000001, 3.1382719999999997 ],
            "rotation": { "origin": [ 8.569159999999997, 9.938816000000001, -1.826272000000003 ], "axis": "z", "angle": -22.5 },
            "faces": {
                "west":  { "uv": [ 3.0, 9.0, 4.0, 12.0 ], "texture": "#bag", "rotation": 180 },
                "north": { "uv": [ 4.0, 9.0, 12.0, 12.0 ], "texture": "#bag" },
                "up":    { "uv": [ 3.0, 4.0, 4.0, 12.0 ], "texture": "#bag", "rotation": 180 },
                "south": { "uv": [ 4.0, 9.0, 12.0, 12.0 ], "texture": "#bag" },
                "east":  { "uv": [ 3.0, 9.0, 4.0, 12.0 ], "texture": "#bag", "rotation": 180 },
                "down":  { "uv": [ 3.0, 4.0, 4.0, 12.0 ], "texture": "#bag", "rotation": 180 }
            }
        },
        {
            "comment": "bag lip south",
            "from": [ 8.569159999999997, 8.077111999999998, 2.5177039999999993 ],
            "to": [ 14.774840000000005, 9.938816000000001, 3.1382719999999997 ],
            "rotation": { "origin": [ 6.707456, 9.938816000000001, 3.1382719999999997 ], "axis": "x", "angle": -22.5 },
            "faces": {
                "east":  { "uv": [ 3.0, 9.0, 13.0, 12.0 ], "texture": "#bag", "rotation": 180 },
                "west":  { "uv": [ 3.0, 9.0, 13.0, 12.0 ], "texture": "#bag", "rotation": 180 },
                "south": { "uv": [ 11.0, 9.0, 12.0, 12.0 ], "texture": "#bag" },
                "up":    { "uv": [ 3.0, 11.0, 13.0, 12.0 ], "texture": "#bag", "rotation": 180 },
                "north": { "uv": [ 11.0, 9.0, 12.0, 12.0 ], "texture": "#bag" },
                "down":  { "uv": [ 3.0, 11.0, 13.0, 12.0 ], "texture": "#bag", "rotation": 180 }
            }
        },
        {
            "comment": "bag lip east",
            "from": [ 14.154272000000002, 8.077111999999998, -1.826272000000003 ],
            "to": [ 14.774840000000005, 9.938816000000001, 3.1382719999999997 ],
            "rotation": { "origin": [ 14.774840000000005, 9.938816000000001, -1.826272000000003 ], "axis": "z", "angle": 22.5 },
            "faces": {
                "up":    { "uv": [ 12.0, 4.0, 13.0, 12.0 ], "texture": "#bag", "rotation": 180 },
                "west":  { "uv": [ 12.0, 9.0, 13.0, 12.0 ], "texture": "#bag", "rotation": 180 },
                "down":  { "uv": [ 12.0, 4.0, 13.0, 12.0 ], "texture": "#bag", "rotation": 180 },
                "north": { "uv": [ 4.0, 9.0, 12.0, 12.0 ], "texture": "#bag" },
                "south": { "uv": [ 4.0, 9.0, 12.0, 12.0 ], "texture": "#bag" },
                "east":  { "uv": [ 12.0, 9.0, 13.0, 12.0 ], "texture": "#bag", "rotation": 180 }
            }
        },
        {
            "comment": "string loop",
            "from": [ 8.258876000000003, 7.14626, -2.136556000000004 ],
            "to": [ 15.085123999999999, 7.766828000000004, 3.448556 ],
            "faces": {
                "north": { "uv": [ 3.5, 7.5, 12.5, 8.5 ], "texture": "#string" },
                "down":  { "uv": [ 2.5, 3.5, 13.5, 12.5 ], "texture": "#string", "rotation": 180 },
                "south": { "uv": [ 3.5, 7.5, 12.5, 8.5 ], "texture": "#string" },
                "east":  { "uv": [ 2.5, 7.5, 13.5, 8.5 ], "texture": "#string", "rotation": 180 },
                "up":    { "uv": [ 2.5, 3.5, 13.5, 12.5 ], "texture": "#string", "rotation": 180 },
                "west":  { "uv": [ 2.5, 7.5, 13.5, 8.5 ], "texture": "#string", "rotation": 180 }
            }
        },
        {
            "comment": "knot",
            "from": [ 14.774840000000005, 6.835976000000002, 0.03543199999999924 ],
            "to": [ 15.395408000000005, 8.077111999999998, 1.2765680000000001 ],
            "faces": {
                "down":  { "uv": [ 13.0, 7.0, 14.0, 9.0 ], "texture": "#string", "rotation": 180 },
                "east":  { "uv": [ 13.0, 7.0, 14.0, 9.0 ], "texture": "#string", "rotation": 180 },
                "west":  { "uv": [ 13.0, 7.0, 14.0, 9.0 ], "texture": "#string", "rotation": 180 },
                "up":    { "uv": [ 13.0, 7.0, 14.0, 9.0 ], "texture": "#string", "rotation": 180 },
                "north": { "uv": [ 7.0, 7.0, 9.0, 9.0 ], "texture": "#string" },
                "south": { "uv": [ 7.0, 7.0, 9.0, 9.0 ], "texture": "#string" }
            }
        },
        {
            "comment": "knot string",
            "from": [ 14.774840000000005, 4.974272, 0.34571599999999947 ],
            "to": [ 15.085123999999999, 7.456544, 0.9662839999999999 ],
            "rotation": { "origin": [ 6.707456, 7.456544, 0.6559999999999997 ], "axis": "x", "angle": 22.5 },
            "faces": {
                "north": { "uv": [ 7.5, 4.0, 8.5, 8.0 ], "texture": "#string" },
                "down":  { "uv": [ 13.0, 7.5, 13.5, 8.5 ], "texture": "#string", "rotation": 180 },
                "west":  { "uv": [ 13.0, 4.0, 13.5, 8.0 ], "texture": "#string", "rotation": 180 },
                "east":  { "uv": [ 13.0, 4.0, 13.5, 8.0 ], "texture": "#string", "rotation": 180 },
                "south": { "uv": [ 7.5, 4.0, 8.5, 8.0 ], "texture": "#string" },
                "up":    { "uv": [ 13.0, 7.5, 13.5, 8.5 ], "texture": "#string", "rotation": 180 }
            }
        },
        {
            "comment": "knot string",
            "from": [ 14.774840000000005, 4.974272, 0.34571599999999947 ],
            "to": [ 15.085123999999999, 7.456544, 0.9662839999999999 ],
            "rotation": { "origin": [ 6.707456, 7.456544, 0.6559999999999997 ], "axis": "x", "angle": -22.5 },
            "faces": {
                "north": { "uv": [ 7.5, 4.0, 8.5, 8.0 ], "texture": "#string" },
                "down":  { "uv": [ 13.0, 7.5, 13.5, 8.5 ], "texture": "#string", "rotation": 180 },
                "west":  { "uv": [ 13.0, 4.0, 13.5, 8.0 ], "texture": "#string", "rotation": 180 },
                "east":  { "uv": [ 13.0, 4.0, 13.5, 8.0 ], "texture": "#string", "rotation": 180 },
                "south": { "uv": [ 7.5, 4.0, 8.5, 8.0 ], "texture": "#string" },
                "up":    { "uv": [ 13.0, 7.5, 13.5, 8.5 ], "texture": "#string", "rotation": 180 }
            }
        },
        {
            "comment": "powder grain",
            "from": [ 7.01774, 2.492, -3.377692000000005 ],
            "to": [ 8.569159999999997, 4.353703999999999, -1.826272000000003 ],
            "rotation": { "origin": [ 7.793449999999998, 7.456544, -3.222550000000002 ], "axis": "y", "angle": -22.5 },
            "faces": {
                "south": { "uv": [ 0, 0, 3, 3 ], "texture": "#purified" },
                "east":  { "uv": [ 0, 0, 3, 3 ], "texture": "#purified", "rotation": 180 },
                "up":    { "uv": [ 0, 0, 3, 3 ], "texture": "#purified", "rotation": 180 },
                "north": { "uv": [ 0, 0, 3, 3 ], "texture": "#purified" },
                "west":  { "uv": [ 0, 0, 3, 3 ], "texture": "#purified", "rotation": 180 },
                "down":  { "uv": [ 0, 0, 3, 3 ], "texture": "#purified", "rotation": 180 }
            }
        },
        {
            "comment": "powder grain",
            "from": [ 7.328024000000001, 4.353703999999999, -3.222550000000002 ],
            "to": [ 8.258876000000003, 5.284556, -2.2916980000000002 ],
            "rotation": { "origin": [ 7.793449999999998, 7.456544, -2.7571240000000046 ], "axis": "y", "angle": 45 },
            "faces": {
                "west":  { "uv": [ 0, 3, 3, 6 ], "texture": "#purified", "rotation": 180 },
                "south": { "uv": [ 0, 3, 3, 6 ], "texture": "#purified" },
                "north": { "uv": [ 0, 3, 3, 6 ], "texture": "#purified" },
                "up":    { "uv": [ 0, 3, 3, 6 ], "texture": "#purified", "rotation": 180 },
                "east":  { "uv": [ 0, 3, 3, 6 ], "texture": "#purified", "rotation": 180 },
                "down":  { "uv": [ 0, 3, 3, 6 ], "texture": "#purified", "rotation": 180 }
            }
        },
        {
            "comment": "powder grain",
            "from": [ 8.569159999999997, 2.492, -3.0674079999999986 ],
            "to": [ 9.810296000000005, 3.7331359999999982, -1.826272000000003 ],
            "rotation": { "origin": [ 8.879443999999996, 7.456544, -3.0674079999999986 ], "axis": "y", "angle": 22.5 },
            "faces": {
                "north": { "uv": [ 0, 9, 3, 12 ], "texture": "#purified" },
                "up":    { "uv": [ 0, 9, 3, 12 ], "texture": "#purified", "rotation": 180 },
                "east":  { "uv": [ 0, 9, 3, 12 ], "texture": "#purified", "rotation": 180 },
                "down":  { "uv": [ 0, 9, 3, 12 ], "texture": "#purified", "rotation": 180 },
                "south": { "uv": [ 0, 9, 3, 12 ], "texture": "#purified" },
                "west":  { "uv": [ 0, 9, 3, 12 ], "texture": "#purified", "rotation": 180 }
            }
        },
        {
            "comment": "powder grain",
            "from": [ 8.258876000000003, 2.492, -4.308544000000001 ],
            "to": [ 9.189727999999997, 3.422851999999998, -3.377692000000005 ],
            "rotation": { "origin": [ 7.793449999999998, 7.456544, -2.9122660000000025 ], "axis": "y", "angle": 0 },
            "faces": {
                "up":    { "uv": [ 1, 10, 3, 12 ], "texture": "#purified", "rotation": 180 },
                "south": { "uv": [ 1, 10, 3, 12 ], "texture": "#purified" },
                "west":  { "uv": [ 1, 10, 3, 12 ], "texture": "#purified", "rotation": 180 },
                "down":  { "uv": [ 1, 10, 3, 12 ], "texture": "#purified", "rotation": 180 },
                "east":  { "uv": [ 1, 10, 3, 12 ], "texture": "#purified", "rotation": 180 },
                "north": { "uv": [ 1, 10, 3, 12 ], "texture": "#purified" }
            }
        }
    ]
}