{
    "elements": [
        {
            "comment": "spool",
            "from": [ -2.1999999999999993, 3.92, -2.1999999999999993 ],
            "to": [ 8.0, 14.12, 18.2 ],
            "faces": {
                "up":    { "uv": [ 3.0, 3.0, 8.0, 13.0 ], "texture": "#wool" },
                "down":  { "uv": [ 3.0, 3.0, 8.0, 13.0 ], "texture": "#wool" },
                "east":  { "uv": [ 3.0, 8.0, 13.0, 13.0 ], "texture": "#wool" },
                "west":  { "uv": [ 3.0, 8.0, 13.0, 13.0 ], "texture": "#wool" }
            }
        },
        {
            "comment": "spool end",
            "from": [ -4.239999999999998, 1.8800000000000008, -4.239999999999998 ],
            "to": [ 10.04, 16.16, -2.1999999999999993 ],
            "faces": {
                "up":    { "uv": [ 2.0, 2.0, 9.0, 3.0 ], "texture": "#wood" },
                "down":  { "uv": [ 2.0, 2.0, 9.0, 3.0 ], "texture": "#wood" },
                "east":  { "uv": [ 2.0, 7.0, 3.0, 14.0 ], "texture": "#wood" },
                "west":  { "uv": [ 2.0, 7.0, 3.0, 14.0 ], "texture": "#wood" },
                "south": { "uv": [ 2.0, 7.0, 3.0, 14.0 ], "texture": "#wood" },
                "north": { "uv": [ 2.0, 7.0, 3.0, 14.0 ], "texture": "#wood" }
            }
        },
        {
            "comment": "spool end",
            "from": [ -4.239999999999998, 1.8800000000000008, 18.2 ],
            "to": [ 10.04, 16.16, 20.24 ],
            "faces": {
                "up":    { "uv": [ 2.0, 13.0, 9.0, 14.0 ], "texture": "#wood" },
                "down":  { "uv": [ 2.0, 13.0, 9.0, 14.0 ], "texture": "#wood" },
                "east":  { "uv": [ 13.0, 7.0, 14.0, 14.0 ], "texture": "#wood" },
                "west":  { "uv": [ 13.0, 7.0, 14.0, 14.0 ], "texture": "#wood" },
                "south": { "uv": [ 2.0, 7.0, 14.0, 14.0 ], "texture": "#wood" },
                "north": { "uv": [ 2.0, 7.0, 14.0, 14.0 ], "texture": "#wood" }
            }
        },
        {
            "comment": "spool core",
            "from": [ 0.8600000000000003, 6.98, -8.32 ],
            "to": [ 4.94, 11.06, 24.32 ],
            "faces": {
                "up":    { "uv": [ 4.5, 0.0, 6.5, 16.0 ], "texture": "#wood" },
                "down":  { "uv": [ 4.5, 0.0, 6.5, 16.0 ], "texture": "#wood" },
                "east":  { "uv": [ 0.0, 9.5, 16.0, 11.5 ], "texture": "#wood" },
                "west":  { "uv": [ 0.0, 9.5, 16.0, 11.5 ], "texture": "#wood" },
                "south": { "uv": [ 4.5, 9.5, 16.0, 11.5 ], "texture": "#wood" },
                "north": { "uv": [ 4.5, 9.5, 16.0, 11.5 ], "texture": "#wood" }
            }
        },
        {
            "comment": "extra",
            "from": [ 8.0, 3.92, -2.1999999999999993 ],
            "to": [ 16.16, 5.96, 18.2 ],
            "rotation": { "origin": [ 8.0, 3.92, -8.32 ], "axis": "z", "angle": 22.5 },
            "faces": {
                "up":    { "uv": [ 8.0, 3.0, 12.0, 13.0 ], "texture": "#wool" },
                "down":  { "uv": [ 8.0, 3.0, 12.0, 13.0 ], "texture": "#wool" },
                "north": { "uv": [ 8.0, 12.0, 13.0, 13.0 ], "texture": "#wool" },
                "south": { "uv": [ 8.0, 12.0, 13.0, 13.0 ], "texture": "#wool" }
            }
        },
        {
            "comment": "extra",
            "from": [ 14.75818278326732, 6.879496808099133, -2.1796000000000006 ],
            "to": [ 22.91818278326732, 8.919496808099135, 18.1796 ],
            "rotation": { "origin": [ 14.75818278326732, 8.919496808099135, -8.32 ], "axis": "z", "angle": -22.5 },
            "faces": {
                "up":    { "uv": [ 11.312834697680058, 3.01, 15.312834697680058, 12.99 ], "texture": "#wool" },
                "down":  { "uv": [ 11.312834697680058, 3.01, 15.312834697680058, 12.99 ], "texture": "#wool" },
                "east":  { "uv": [ 3.01, 10.54926627053964, 12.99, 11.54926627053964 ], "texture": "#wool" },
                "north": { "uv": [ 11.312834697680058, 10.54926627053964, 12.99, 11.54926627053964 ], "texture": "#wool" },
                "south": { "uv": [ 11.312834697680058, 10.54926627053964, 12.99, 11.54926627053964 ], "texture": "#wool" }
            }
        }
    ]
}