{
    "ambientocclusion": false,
    "textures": {
        "particle": "blocks/door/door_jungle_lower",
        "inner": "blocks/door/door_jungle_inner",
        "all": "blocks/door/door_jungle_lower"
    },
    "elements": [
        {   "from": [ 0, 0, 0 ],
            "to": [ 3, 16, 7 ],
            "faces": {
                "down":  { "uv": [ 13, 16, 16,  9 ], "texture": "#all", "cullface": "down" },
                "north": { "uv": [  3,  0,  0, 16 ], "texture": "#all", "cullface": "north" },
                "south": { "uv": [ 10,  0, 13, 16 ], "texture": "#inner" },
                "west":  { "uv": [  0,  0,  7, 16 ], "texture": "#all", "cullface": "west" },
                "east":  { "uv": [  7,  0,  0, 16 ], "texture": "#all" }
            }
        },
        {   "from": [ 0, 0, 9 ],
            "to": [ 3, 16, 16 ],
            "faces": {
                "down":  { "uv": [ 13, 9, 16, 16 ], "texture": "#all", "cullface": "down" },
                "north": { "uv": [ 16, 0, 13, 16 ], "texture": "#inner" },
                "south": { "uv": [ 13, 0, 16, 16 ], "texture": "#all", "cullface": "south" },
                "west":  { "uv": [  9, 0, 16, 16 ], "texture": "#all", "cullface": "west" },
                "east":  { "uv": [ 16, 0,  9, 16 ], "texture": "#all" }
            }
        },
        {   "from": [ 0, 15, 7 ],
            "to": [ 3, 16, 9 ],
            "faces": {
                "down":  { "uv": [  3, 2,  6, 4 ], "texture": "#inner" },
                "west":  { "uv": [  7, 0,  9, 1 ], "texture": "#all", "cullface": "west" },
                "east":  { "uv": [  9, 0,  7, 1 ], "texture": "#all" }
            }
        },
        {   "from": [ 0, 0, 7 ],
            "to": [ 3, 3, 9 ],
            "faces": {
                "down":  { "uv": [ 13, 13, 16, 16 ], "texture": "#all", "cullface": "down" },
                "up":    { "uv": [  3,  0,  6,  2 ], "texture": "#inner" },
                "west":  { "uv": [  7, 13,  9, 16 ], "texture": "#all", "cullface": "west" },
                "east":  { "uv": [  9, 13,  7, 16 ], "texture": "#all" }
            }
        }
    ]
}
