{
    "parent_": "block/orientable",
    "ambientocclusion": false,
    "textures": {
        "top": "blocks/furnace/top",
        "front": "blocks/furnace/front_on",
        "side": "blocks/furnace/side",
        "inside": "blocks/furnace/dark",
        "detail": "blocks/furnace/detail",
        "grill": "blocks/furnace/grill",
        "floor": "blocks/furnace/burning",
        "particle": "blocks/furnace/top"
    },
    
    "elements": [
        
        {
            "comment": "top shell",
            "from": [0, 15, 0],
            "to": [16, 16, 16],
            "faces": {
                "down":  { "texture": "#inside", "cullface": "north" },
                "up":    { "texture": "#top", "cullface": "up" }
            }
        },
        
        {
            "comment": "bottom shell",
            "from": [0, 0, 0],
            "to": [16, 1, 16],
            "faces": {
                "down":  { "texture": "#top", "cullface": "down" },
                "up":    { "texture": "#floor", "cullface": "north" }
            }
        },
        
        {
            "comment": "back shell",
            "from": [0, 0, 15],
            "to": [16, 16, 16],
            "faces": {
                "south": { "texture": "#side", "cullface": "south" },
                "north":  { "texture": "#inside", "cullface": "north" }
            }
        },
        
        {
            "comment": "west shell",
            "from": [0, 0, 0],
            "to": [1, 16, 16],
            "faces": {
                "west": { "texture": "#side", "cullface": "west" },
                "east":  { "texture": "#inside", "cullface": "north" }
            }
        },
        
        {
            "comment": "east shell",
            "from": [15, 0, 0],
            "to": [16, 16, 16],
            "faces": {
                "east": { "texture": "#side", "cullface": "east" },
                "west":  { "texture": "#inside", "cullface": "north" }
            }
        },
        
        {
            "comment": "grill north edge",
            "from": [1, 7, 1],
            "to": [15, 8, 2],
            "faces": {
                "down":  { "texture": "#detail", "cullface": "north" },
                "up":    { "texture": "#detail", "cullface": "north" },
                "south": { "texture": "#detail", "cullface": "north" }
            }
        },
        
        {
            "comment": "grill south edge",
            "from": [1, 7, 14],
            "to": [15, 8, 15],
            "faces": {
                "down":  { "texture": "#detail", "cullface": "north" },
                "up":    { "texture": "#detail", "cullface": "north" },
                "north": { "texture": "#detail", "cullface": "north" }
            }
        },
        
        {
            "comment": "grill west edge",
            "from": [1, 7, 2],
            "to": [2, 8, 14],
            "faces": {
                "down":  { "texture": "#detail", "cullface": "north" },
                "up":    { "texture": "#detail", "cullface": "north" },
                "east":  { "texture": "#detail", "cullface": "north" }
            }
        },
        
        {
            "comment": "grill east edge",
            "from": [14, 7, 2],
            "to": [15, 8, 14],
            "faces": {
                "down":  { "texture": "#detail", "cullface": "north" },
                "up":    { "texture": "#detail", "cullface": "north" },
                "west":  { "texture": "#detail", "cullface": "north" }
            }
        },
        
        {
            "comment": "grill bar #1",
            "from": [2.5, 7, 2],
            "to": [3.5, 8, 14],
            "faces": {
                "down":  { "uv": [2, 2, 3, 14], "texture": "#grill", "cullface": "north" },
                "up":    { "uv": [2, 2, 3, 14], "texture": "#grill", "cullface": "north" },
                "west":  { "uv": [2, 2, 3, 14], "texture": "#grill", "cullface": "north", "rotation": 90 },
                "east":  { "uv": [2, 2, 3, 14], "texture": "#grill", "cullface": "north", "rotation": 90 }
            }
        },
        
        {
            "comment": "grill bar #2",
            "from": [4.5, 7, 2],
            "to": [5.5, 8, 14],
            "faces": {
                "down":  { "uv": [4, 2, 5, 14], "texture": "#grill", "cullface": "north" },
                "up":    { "uv": [4, 2, 5, 14], "texture": "#grill", "cullface": "north" },
                "west":  { "uv": [4, 2, 5, 14], "texture": "#grill", "cullface": "north", "rotation": 90 },
                "east":  { "uv": [4, 2, 5, 14], "texture": "#grill", "cullface": "north", "rotation": 90 }
            }
        },
        
        {
            "comment": "grill bar #3",
            "from": [6.5, 7, 2],
            "to": [7.5, 8, 14],
            "faces": {
                "down":  { "uv": [6, 2, 7, 14], "texture": "#grill", "cullface": "north" },
                "up":    { "uv": [6, 2, 7, 14], "texture": "#grill", "cullface": "north" },
                "west":  { "uv": [6, 2, 7, 14], "texture": "#grill", "cullface": "north", "rotation": 90 },
                "east":  { "uv": [6, 2, 7, 14], "texture": "#grill", "cullface": "north", "rotation": 90 }
            }
        },
        
        {
            "comment": "grill bar #4",
            "from": [8.5, 7, 2],
            "to": [9.5, 8, 14],
            "faces": {
                "down":  { "uv": [2, 2, 3, 14], "texture": "#grill", "cullface": "north" },
                "up":    { "uv": [2, 2, 3, 14], "texture": "#grill", "cullface": "north" },
                "west":  { "uv": [2, 2, 3, 14], "texture": "#grill", "cullface": "north", "rotation": 90 },
                "east":  { "uv": [2, 2, 3, 14], "texture": "#grill", "cullface": "north", "rotation": 90 }
            }
        },
        
        {
            "comment": "grill bar #5",
            "from": [10.5, 7, 2],
            "to": [11.5, 8, 14],
            "faces": {
                "down":  { "uv": [4, 2, 5, 14], "texture": "#grill", "cullface": "north" },
                "up":    { "uv": [4, 2, 5, 14], "texture": "#grill", "cullface": "north" },
                "west":  { "uv": [4, 2, 5, 14], "texture": "#grill", "cullface": "north", "rotation": 90 },
                "east":  { "uv": [4, 2, 5, 14], "texture": "#grill", "cullface": "north", "rotation": 90 }
            }
        },
        
        {
            "comment": "grill bar #6",
            "from": [12.5, 7, 2],
            "to": [13.5, 8, 14],
            "faces": {
                "down":  { "uv": [6, 2, 7, 14], "texture": "#grill", "cullface": "north" },
                "up":    { "uv": [6, 2, 7, 14], "texture": "#grill", "cullface": "north" },
                "west":  { "uv": [6, 2, 7, 14], "texture": "#grill", "cullface": "north", "rotation": 90 },
                "east":  { "uv": [6, 2, 7, 14], "texture": "#grill", "cullface": "north", "rotation": 90 }
            }
        },
        
        {
            "comment": "front top bar",
            "from": [0, 12, 0],
            "to": [16, 16, 1],
            "faces": {
                "north":  { "texture": "#front", "cullface": "north" },
                "south":  { "texture": "#inside", "cullface": "north" }
            }
        },
        
        {
            "comment": "front top upper lip",
            "from": [5, 12, 0],
            "to": [11, 16, 1],
            "faces": {
                "down":  { "texture": "#top", "cullface": "north" }
            }
        },
        
        {
            "comment": "front top east",
            "from": [0, 7, 0],
            "to": [4, 12, 1],
            "faces": {
                "north":  { "uv": [12, 4, 16, 9], "texture": "#front", "cullface": "north" },
                "south":  { "texture": "#inside", "cullface": "north" },
                "east":   { "texture": "#top", "cullface": "north" }
            }
        },
        
        {
            "comment": "front top west",
            "from": [12, 7, 0],
            "to": [16, 12, 1],
            "faces": {
                "north":  { "uv": [0, 4, 4, 9], "texture": "#front", "cullface": "north" },
                "south":  { "texture": "#inside", "cullface": "north" },
                "west":   { "texture": "#top", "cullface": "north" }
            }
        },
        
        {
            "comment": "front top east corner",
            "from": [4, 11, 0],
            "to": [5, 12, 1],
            "faces": {
                "north":  { "uv": [11, 11, 12, 12], "texture": "#front", "cullface": "north" },
                "south":  { "uv": [11, 11, 12, 12], "texture": "#front", "cullface": "north" },
                "east":   { "uv": [11, 11, 12, 12], "texture": "#front", "cullface": "north" },
                "down":   { "uv": [11, 11, 12, 12], "texture": "#front", "cullface": "north" }
            }
        },
        
        {
            "comment": "front top west corner",
            "from": [11, 11, 0],
            "to": [12, 12, 1],
            "faces": {
                "north":  { "uv": [11, 4, 12, 5], "texture": "#front", "cullface": "north" },
                "south":  { "uv": [11, 4, 12, 5], "texture": "#front", "cullface": "north" },
                "west":   { "uv": [11, 4, 12, 5], "texture": "#front", "cullface": "north" },
                "down":   { "uv": [11, 4, 12, 5], "texture": "#front", "cullface": "north" }
            }
        },
        
        {
            "comment": "front top lower lip",
            "from": [4, 7, 0],
            "to": [12, 8, 1],
            "faces": {
                "north":  { "texture": "#front", "cullface": "north" },
                "south":  { "texture": "#inside", "cullface": "north" },
                "up":     { "texture": "#top", "cullface": "north" }
            }
        },
        
        {
            "comment": "front bottom top bar",
            "from": [0, 5, 0],
            "to": [16, 7, 1],
            "faces": {
                "north":  { "texture": "#front", "cullface": "north" },
                "south":  { "texture": "#inside", "cullface": "north" }
            }
        },
        
        {
            "comment": "front bottom upper lip",
            "from": [5, 5, 0],
            "to": [11, 6, 1],
            "faces": {
                "down":  { "texture": "#top", "cullface": "north" }
            }
        },
        
        {
            "comment": "front bottom east strip",
            "from": [0, 4, 0],
            "to": [6, 5, 1],
            "faces": {
                "north":  { "uv": [10, 11, 16, 12], "texture": "#front", "cullface": "north" },
                "south":  { "texture": "#inside", "cullface": "north" },
                "east":   { "texture": "#top", "cullface": "north" }
            }
        },
        
        {
            "comment": "front bottom east strip lip",
            "from": [4, 4, 0],
            "to": [6, 5, 1],
            "faces": {
                "down":   { "texture": "#top", "cullface": "north" }
            }
        },
        
        {
            "comment": "front bottom west strip",
            "from": [10, 4, 0],
            "to": [16, 5, 1],
            "faces": {
                "north":  { "uv": [0, 11, 6, 12], "texture": "#front", "cullface": "north" },
                "south":  { "texture": "#inside", "cullface": "north" },
                "west":   { "texture": "#top", "cullface": "north" }
            }
        },
        
        {
            "comment": "front bottom west strip lip",
            "from": [10, 4, 0],
            "to": [12, 5, 1],
            "faces": {
                "down":   { "texture": "#top", "cullface": "north" }
            }
        },
        
        {
            "comment": "front bottom east",
            "from": [0, 1, 0],
            "to": [3, 4, 1],
            "faces": {
                "north":  { "uv": [13, 12, 16, 15], "texture": "#front", "cullface": "north" },
                "south":  { "texture": "#inside", "cullface": "north" },
                "east":   { "texture": "#top", "cullface": "north" }
            }
        },
        
        {
            "comment": "front bottom west",
            "from": [13, 1, 0],
            "to": [16, 4, 1],
            "faces": {
                "north":  { "uv": [0, 12, 3, 15], "texture": "#front", "cullface": "north" },
                "south":  { "texture": "#inside", "cullface": "north" },
                "west":   { "texture": "#top", "cullface": "north" }
            }
        },
        
                {
            "comment": "front bottom east corner",
            "from": [3, 3, 0],
            "to": [4, 4, 1],
            "faces": {
                "north":  { "uv": [3, 12, 4, 13], "texture": "#front", "cullface": "north" },
                "south":  { "uv": [3, 12, 4, 13], "texture": "#front", "cullface": "north" },
                "east":   { "uv": [3, 12, 4, 13], "texture": "#front", "cullface": "north" },
                "down":   { "uv": [3, 12, 4, 13], "texture": "#front", "cullface": "north" }
            }
        },
        
        {
            "comment": "front bottom west corner",
            "from": [12, 3, 0],
            "to": [13, 4, 1],
            "faces": {
                "north":  { "uv": [12, 12, 13, 13], "texture": "#front", "cullface": "north" },
                "south":  { "uv": [12, 12, 13, 13], "texture": "#front", "cullface": "north" },
                "west":   { "uv": [12, 12, 13, 13], "texture": "#front", "cullface": "north" },
                "down":   { "uv": [12, 12, 13, 13], "texture": "#front", "cullface": "north" }
            }
        },
        
        {
            "comment": "front bottom lower lip",
            "from": [0, 0, 0],
            "to": [16, 1, 1],
            "faces": {
                "north":  { "texture": "#top", "cullface": "north" }
            }
        },
        
        {
            "comment": "ore #1",
            "from": [3, 8, 4],
            "to": [6, 11, 7],
            "rotation": { "origin": [4.5, 0, 5.5], "axis": "y", "angle": -22.5 },
            "faces": {
                "north":  { "uv": [0, 0, 16, 16], "texture": "#ore", "cullface": "north" },
                "south":  { "uv": [0, 0, 16, 16], "texture": "#ore", "cullface": "north" },
                "east":   { "uv": [0, 0, 16, 16], "texture": "#ore", "cullface": "north" },
                "west":   { "uv": [0, 0, 16, 16], "texture": "#ore", "cullface": "north" },
                "up":     { "uv": [0, 0, 16, 16], "texture": "#ore", "cullface": "north" },
                "down":   { "uv": [0, 0, 16, 16], "texture": "#ore", "cullface": "north" }
            }
        },
        
        {
            "comment": "ore #2",
            "from": [5, 8, 7],
            "to": [8.5, 11.5, 10.5],
            "rotation": { "origin": [7.25, 0, 8.25], "axis": "y", "angle": 45 },
            "faces": {
                "north":  { "uv": [0, 0, 16, 16], "texture": "#ore", "cullface": "north" },
                "south":  { "uv": [0, 0, 16, 16], "texture": "#ore", "cullface": "north" },
                "east":   { "uv": [0, 0, 16, 16], "texture": "#ore", "cullface": "north" },
                "west":   { "uv": [0, 0, 16, 16], "texture": "#ore", "cullface": "north" },
                "up":     { "uv": [0, 0, 16, 16], "texture": "#ore", "cullface": "north" },
                "down":   { "uv": [0, 0, 16, 16], "texture": "#ore", "cullface": "north" }
            }
        },
        
        {
            "comment": "ingot",
            "from": [9, 8, 3.5],
            "to": [13, 9.5, 5.5],
            "rotation": { "origin": [12, 0, 4.5], "axis": "y", "angle": -22.5 },
            "faces": {
                "north":  { "texture": "#ingot", "cullface": "north" },
                "south":  { "texture": "#ingot", "cullface": "north" },
                "east":   { "texture": "#ingot", "cullface": "north" },
                "west":   { "texture": "#ingot", "cullface": "north" },
                "up":     { "texture": "#ingot", "cullface": "north" },
                "down":   { "texture": "#ingot", "cullface": "north" }
            }
        },
        
        {
            "comment": "fuel chunk",
            "from": [5, 1, 5],
            "to": [11, 3, 11],
            "rotation": { origin: [8, 0, 8], "axis": "y", "angle": 22.5 },
            "faces": {
                "north":  { "texture": "#fuel", "cullface": "north" },
                "south":  { "texture": "#fuel", "cullface": "north" },
                "east":   { "texture": "#fuel", "cullface": "north" },
                "west":   { "texture": "#fuel", "cullface": "north" },
                "up":     { "texture": "#fuel", "cullface": "north" }
            }
        },
        
        {
            "comment": "fuel chunk",
            "from": [4, 1, 5],
            "to": [7, 4, 9],
            "rotation": { origin: [5.5, 0, 7], "axis": "y", "angle": -22.5 },
            "faces": {
                "north":  { "texture": "#fuel", "cullface": "north" },
                "south":  { "texture": "#fuel", "cullface": "north" },
                "east":   { "texture": "#fuel", "cullface": "north" },
                "west":   { "texture": "#fuel", "cullface": "north" },
                "up":     { "texture": "#fuel", "cullface": "north" }
            }
        },
        
        {
            "comment": "fuel chunk",
            "from": [14, 1, 13],
            "to": [9, 5, 6],
            "rotation": { origin: [11.5, 0, 9.5], "axis": "y", "angle": 45 },
            "faces": {
                "north":  { "texture": "#fuel", "cullface": "north" },
                "south":  { "texture": "#fuel", "cullface": "north" },
                "east":   { "texture": "#fuel", "cullface": "north" },
                "west":   { "texture": "#fuel", "cullface": "north" },
                "up":     { "texture": "#fuel", "cullface": "north" }
            }
        }
    ]
}
