{
    "elements": [
        {
            "from": [ -0.45000000000000107, -0.45000000000000107, -0.45000000000000107 ],
            "to": [ 16.450000000000003, 16.450000000000003, 16.450000000000003 ],
            "faces": {
                "north": { "uv": [ 3.0, 3.0, 13.0, 13.0 ], "texture": "#material" },
                "south": { "uv": [ 3.0, 3.0, 13.0, 13.0 ], "texture": "#material" },
                "east":  { "uv": [ 3.0, 3.0, 13.0, 13.0 ], "texture": "#material" },
                "west":  { "uv": [ 3.0, 3.0, 13.0, 13.0 ], "texture": "#material" },
                "up":    { "uv": [ 3.0, 3.0, 13.0, 13.0 ], "texture": "#material" },
                "down":  { "uv": [ 3.0, 3.0, 13.0, 13.0 ], "texture": "#material" }
            }
        },
        {
            "from": [ 2.9299999999999997, -2.1400000000000006, 2.9299999999999997 ],
            "to": [ 13.07, 18.14, 13.07 ],
            "faces": {
                "north": { "uv": [ 5.0, 2.0, 11.0, 14.0 ], "texture": "#material" },
                "south": { "uv": [ 5.0, 2.0, 11.0, 14.0 ], "texture": "#material" },
                "east":  { "uv": [ 5.0, 2.0, 11.0, 14.0 ], "texture": "#material" },
                "west":  { "uv": [ 5.0, 2.0, 11.0, 14.0 ], "texture": "#material" },
                "up":    { "uv": [ 5.0, 5.0, 11.0, 11.0 ], "texture": "#material" },
                "down":  { "uv": [ 5.0, 5.0, 11.0, 11.0 ], "texture": "#material" }
            }
        },
        {
            "from": [ -2.1400000000000006, 2.9299999999999997, 2.9299999999999997 ],
            "to": [ 18.14, 13.07, 13.07 ],
            "faces": {
                "north": { "uv": [ 2.0, 5.0, 11.0, 11.0 ], "texture": "#material" },
                "south": { "uv": [ 2.0, 5.0, 11.0, 11.0 ], "texture": "#material" },
                "east":  { "uv": [ 5.0, 5.0, 11.0, 11.0 ], "texture": "#material" },
                "west":  { "uv": [ 5.0, 5.0, 11.0, 11.0 ], "texture": "#material" },
                "up":    { "uv": [ 2.0, 5.0, 14.0, 11.0 ], "texture": "#material" },
                "down":  { "uv": [ 2.0, 5.0, 14.0, 11.0 ], "texture": "#material" }
            }
        },
        {
            "from": [ 2.9299999999999997, 2.9299999999999997, -2.1400000000000006 ],
            "to": [ 13.07, 13.07, 18.14 ],
            "faces": {
                "north": { "uv": [ 5.0, 5.0, 14.0, 11.0 ], "texture": "#material" },
                "south": { "uv": [ 5.0, 5.0, 14.0, 11.0 ], "texture": "#material" },
                "east":  { "uv": [ 2.0, 5.0, 14.0, 11.0 ], "texture": "#material" },
                "west":  { "uv": [ 2.0, 5.0, 14.0, 11.0 ], "texture": "#material" },
                "up":    { "uv": [ 5.0, 2.0, 11.0, 14.0 ], "texture": "#material" },
                "down":  { "uv": [ 5.0, 2.0, 11.0, 14.0 ], "texture": "#material" }
            }
        }
    ]
}