{
    "textures": {
        "material": "items/misc/bone",
        "particle": "items/misc/bone"
    },
    "elements": [
        {
            "comment": "rod",
            "from": [ 6.0875, -6.535, 6.0875 ],
            "to": [ 9.9125, 23.299999999999997, 9.9125 ],
            "faces": {
                "up":    { "uv": [ 7.25, 7.25, 8.75, 8.75 ], "texture": "material" },
                "down":  { "uv": [ 7.25, 7.25, 8.75, 8.75 ], "texture": "material" },
                "east":  { "uv": [ 7.25, 2.3, 8.75, 14.0 ], "texture": "material" },
                "west":  { "uv": [ 7.25, 2.3, 8.75, 14.0 ], "texture": "material" },
                "north": { "uv": [ 7.25, 2.3, 8.75, 14.0 ], "texture": "material" },
                "south": { "uv": [ 7.25, 2.3, 8.75, 14.0 ], "texture": "material" }
            }
        },
        {
            "comment": "top left tip",
            "from": [ 4.175000000000001, 21.3875, 5.9545 ],
            "to": [ 8.0, 25.2125, 10.0555 ],
            "rotation": { "origin": [ 6.0875, 23.299999999999997, 8.0 ], "axis": "z", "angle": -45 },
            "faces": {
                "up":    { "uv": [ 7, 0, 9, 2 ], "texture": "material" },
                "down":  { "uv": [ 7, 0, 9, 2 ], "texture": "material" },
                "east":  { "uv": [ 7, 0, 9, 2 ], "texture": "material" },
                "west":  { "uv": [ 7, 0, 9, 2 ], "texture": "material" },
                "north": { "uv": [ 7, 0, 9, 2 ], "texture": "material" },
                "south": { "uv": [ 7, 0, 9, 2 ], "texture": "material" }
            }
        },
        {
            "comment": "top right tip",
            "from": [ 8.0, 21.3875, 5.960000000000001 ],
            "to": [ 11.825, 25.2125, 10.040000000000003 ],
            "rotation": { "origin": [ 9.9125, 23.299999999999997, 8.0 ], "axis": "z", "angle": 45 },
            "faces": {
                "up":    { "uv": [ 9, 0, 7, 2 ], "texture": "material" },
                "down":  { "uv": [ 9, 0, 7, 2 ], "texture": "material" },
                "east":  { "uv": [ 9, 0, 7, 2 ], "texture": "material" },
                "west":  { "uv": [ 9, 0, 7, 2 ], "texture": "material" },
                "north": { "uv": [ 9, 0, 7, 2 ], "texture": "material" },
                "south": { "uv": [ 9, 0, 7, 2 ], "texture": "material" }
            }
        },
        {
            "comment": "bottom left tip",
            "from": [ 4.175000000000001, -7.9375, 5.9545 ],
            "to": [ 8.0, -4.112499999999999, 10.0555 ],
            "rotation": { "origin": [ 6.0875, -6.025, 8.0 ], "axis": "z", "angle": -45 },
            "faces": {
                "up":    { "uv": [ 7, 14, 9, 16 ], "texture": "material" },
                "down":  { "uv": [ 7, 14, 9, 16 ], "texture": "material" },
                "east":  { "uv": [ 7, 14, 9, 16 ], "texture": "material" },
                "west":  { "uv": [ 7, 14, 9, 16 ], "texture": "material" },
                "north": { "uv": [ 7, 14, 9, 16 ], "texture": "material" },
                "south": { "uv": [ 7, 14, 9, 16 ], "texture": "material" }
            }
        },
        {
            "comment": "bottom right tip",
            "from": [ 8.0, -7.9375, 5.960000000000001 ],
            "to": [ 11.825, -4.112499999999999, 10.040000000000003 ],
            "rotation": { "origin": [ 9.9125, -6.025, 8.0 ], "axis": "z", "angle": 45 },
            "faces": {
                "up":    { "uv": [ 9, 14, 7, 16 ], "texture": "material" },
                "down":  { "uv": [ 9, 14, 7, 16 ], "texture": "material" },
                "east":  { "uv": [ 9, 14, 7, 16 ], "texture": "material" },
                "west":  { "uv": [ 9, 14, 7, 16 ], "texture": "material" },
                "north": { "uv": [ 9, 14, 7, 16 ], "texture": "material" },
                "south": { "uv": [ 9, 14, 7, 16 ], "texture": "material" }
            }
        }
    ]
}