{
    "textures": {
        "book": "items/misc/book_ench",
        "lock": "items/mineral/gold_rough"
    },
    "elements": [
        {
            "comment": "cover",
            "from": [ -3.1999999999999993, -6.0, 4.5 ],
            "to": [ 19.2, 22.0, 5.9 ],
            "faces": {
                "north": { "uv": [ 0, 0, 8, 10 ], "texture": "#book" },
                "south": { "uv": [ 8, 0, 0, 10 ], "texture": "#book" },
                "east":  { "uv": [ 0, 10, 10, 10.5 ], "texture": "#book", "rotation": 90 },
                "west":  { "uv": [ 7.5, 0, 8, 10 ], "texture": "#book" },
                "up":    { "uv": [ 0, 0, 8, 0.5 ], "texture": "#book", "rotation": 180 },
                "down":  { "uv": [ 0, 9.5, 8, 10 ], "texture": "#book", "rotation": 180 }
            }
        },
        {
            "comment": "cover",
            "from": [ -3.1999999999999993, -6.0, 10.1 ],
            "to": [ 19.2, 22.0, 11.5 ],
            "faces": {
                "north": { "uv": [ 16, 0, 8, 10 ], "texture": "#book" },
                "south": { "uv": [ 8, 0, 16, 10 ], "texture": "#book" },
                "east":  { "uv": [ 0, 12, 10, 12.5 ], "texture": "#book", "rotation": 90 },
                "west":  { "uv": [ 8, 0, 8.5, 10 ], "texture": "#book" },
                "up":    { "uv": [ 8, 0, 16, 0.5 ], "texture": "#book" },
                "down":  { "uv": [ 8, 9.5, 16, 10 ], "texture": "#book" }
            }
        },
        {
            "comment": "spine",
            "from": [ 17.799999999999997, -6.0, 5.9 ],
            "to": [ 19.2, 22.0, 10.1 ],
            "faces": {
                "east":  { "uv": [ 0, 10.5, 10, 12 ], "texture": "#book", "rotation": 90 },
                "west":  { "uv": [ 0, 10.5, 10, 12 ], "texture": "#book", "rotation": 90 },
                "up":    { "uv": [ 0, 10.5, 0.5, 12 ], "texture": "#book", "rotation": 90 },
                "down":  { "uv": [ 9.5, 10.5, 10, 12 ], "texture": "#book", "rotation": 90 }
            }
        },
        {
            "comment": "pages",
            "from": [ -1.799999999999999, -4.6, 5.9 ],
            "to": [ 17.799999999999997, 20.6, 10.1 ],
            "faces": {
                "west":  { "uv": [ 0, 12.5, 9, 16 ], "texture": "#book", "rotation": 90 },
                "up":    { "uv": [ 0, 12.5, 7, 16 ], "texture": "#book", "rotation": 0 },
                "down":  { "uv": [ 0, 12.5, 7, 16 ], "texture": "#book", "rotation": 0 }
            }
        },
        {
            "comment": "ribbon",
            "from": [ -3.8999999999999986, 5.2, 3.8000000000000007 ],
            "to": [ 19.9, 10.8, 12.2 ],
            "faces": {
                "north": { "uv": [ 10, 10, 16, 11.4 ], "texture": "#book" },
                "south": { "uv": [ 10, 10, 16, 11.4 ], "texture": "#book" },
                "west":  { "uv": [ 10, 10, 11.5, 11.4 ], "texture": "#book" },
                "east":  { "uv": [ 10, 10, 11.5, 11.4 ], "texture": "#book" }
            }
        },
        {
            "comment": "ribbon",
            "to": [ -3.76, 5.2, 3.9399999999999995 ],
            "from": [ 19.759999999999998, 10.8, 12.06 ],
            "faces": {
                "north": { "uv": [ 10, 10, 16, 11.4 ], "texture": "#book" },
                "south": { "uv": [ 10, 10, 16, 11.4 ], "texture": "#book" },
                "west":  { "uv": [ 10, 10, 11.5, 11.4 ], "texture": "#book" },
                "east":  { "uv": [ 10, 10, 11.5, 11.4 ], "texture": "#book" }
            }
        },
        {
            "comment": "lock",
            "from": [ -4.32, 4.5, 6.32 ],
            "to": [ -3.4799999999999986, 11.5, 9.68 ],
            "faces": {
                "up":    { "uv": [ 0, 0, 4, 4 ], "texture": "#lock" },
                "down":  { "uv": [ 0, 0, 4, 4 ], "texture": "#lock" },
                "east":  { "uv": [ 0, 0, 4, 4 ], "texture": "#lock" },
                "west":  { "uv": [ 0, 0, 4, 4 ], "texture": "#lock" },
                "north": { "uv": [ 0, 0, 4, 4 ], "texture": "#lock" },
                "south": { "uv": [ 0, 0, 4, 4 ], "texture": "#lock" }
            }
        }
    ]
}