{
    "textures": {
        "book": "items/misc/book_written"
    },
    "elements": [
        {
            "comment": "cover",
            "from": [ -3.1999999999999993, -6.0, 4.5 ],
            "to": [ 19.2, 22.0, 5.9 ],
            "faces": {
                "north": { "uv": [ 0, 0, 8, 10 ], "texture": "#book" },
                "south": { "uv": [ 8, 0, 0, 10 ], "texture": "#book" },
                "east":  { "uv": [ 0, 10, 10, 10.5 ], "texture": "#book", "rotation": 90 },
                "west":  { "uv": [ 7.5, 0, 8, 10 ], "texture": "#book" },
                "up":    { "uv": [ 0, 0, 8, 0.5 ], "texture": "#book", "rotation": 180 },
                "down":  { "uv": [ 0, 9.5, 8, 10 ], "texture": "#book", "rotation": 180 }
            }
        },
        {
            "comment": "cover",
            "from": [ -3.1999999999999993, -6.0, 10.1 ],
            "to": [ 19.2, 22.0, 11.5 ],
            "faces": {
                "north": { "uv": [ 16, 0, 8, 10 ], "texture": "#book" },
                "south": { "uv": [ 8, 0, 16, 10 ], "texture": "#book" },
                "east":  { "uv": [ 0, 12, 10, 12.5 ], "texture": "#book", "rotation": 90 },
                "west":  { "uv": [ 8, 0, 8.5, 10 ], "texture": "#book" },
                "up":    { "uv": [ 8, 0, 16, 0.5 ], "texture": "#book" },
                "down":  { "uv": [ 8, 9.5, 16, 10 ], "texture": "#book" }
            }
        },
        {
            "comment": "spine",
            "from": [ 17.799999999999997, -6.0, 5.9 ],
            "to": [ 19.2, 22.0, 10.1 ],
            "faces": {
                "east":  { "uv": [ 0, 10.5, 10, 12 ], "texture": "#book", "rotation": 90 },
                "west":  { "uv": [ 0, 10.5, 10, 12 ], "texture": "#book", "rotation": 90 },
                "up":    { "uv": [ 0, 10.5, 0.5, 12 ], "texture": "#book", "rotation": 90 },
                "down":  { "uv": [ 9.5, 10.5, 10, 12 ], "texture": "#book", "rotation": 90 }
            }
        },
        {
            "comment": "pages",
            "from": [ -1.799999999999999, -4.6, 5.9 ],
            "to": [ 17.799999999999997, 20.6, 10.1 ],
            "faces": {
                "west":  { "uv": [ 0, 12.5, 9, 16 ], "texture": "#book", "rotation": 90 },
                "up":    { "uv": [ 0, 12.5, 7, 16 ], "texture": "#book", "rotation": 0 },
                "down":  { "uv": [ 0, 12.5, 7, 16 ], "texture": "#book", "rotation": 0 }
            }
        },
        {
            "comment": "ribbon",
            "from": [ 9.4, 20.6, 6.6 ],
            "to": [ 15.0, 22.279999999999998, 6.739999999999999 ],
            "faces": {
                "north": { "uv": [ 10, 10, 11, 11.4 ], "texture": "#book", "rotation": 90 },
                "south": { "uv": [ 10, 10, 11, 11.4 ], "texture": "#book", "rotation": 90 }
            }
        },
        {
            "comment": "ribbon",
            "from": [ 9.4, 22.0, 4.08 ],
            "to": [ 15.0, 22.279999999999998, 6.739999999999999 ],
            "faces": {
                "up":    { "uv": [ 10, 10, 11, 11.4 ], "texture": "#book", "rotation": 90 },
                "down":  { "uv": [ 10, 10, 11, 11.4 ], "texture": "#book", "rotation": 90 }
            }
        },
        {
            "comment": "ribbon",
            "from": [ 9.4, 6.6, 4.08 ],
            "to": [ 15.0, 22.279999999999998, 4.220000000000001 ],
            "faces": {
                "north": { "uv": [ 10, 10, 14.5, 11.4 ], "texture": "#book", "rotation": 90 },
                "south": { "uv": [ 10, 10, 14.5, 11.4 ], "texture": "#book", "rotation": 90 }
            }
        }
    ]
}