{
    "textures": {
        "bucket": "items/misc/bucket",
        "particle": "items/misc/bucket",
        "contents": "null"
    },
    "elements": [
        {
            "comment": "outside",
            "from": [ 12.4, 2.0, 2.4000000000000004 ],
            "to": [ 15.6, 6.0, 5.6 ],
            "faces": {
                "up":    { "uv": [ 8, 0, 16, 8 ], "texture": "#bucket" },
                "down":  { "uv": [ 8, 8, 16, 16 ], "texture": "#bucket" },
                "east":  { "uv": [ 0, 0, 8, 10 ], "texture": "#bucket" },
                "west":  { "uv": [ 0, 0, 8, 10 ], "texture": "#bucket" },
                "north": { "uv": [ 0, 0, 8, 10 ], "texture": "#bucket" },
                "south": { "uv": [ 0, 0, 8, 10 ], "texture": "#bucket" }
            }
        },
        {
            "comment": "inside",
            "from": [ 15.2, 6.0, 5.199999999999999 ],
            "to": [ 12.8, 2.4000000000000004, 2.8 ],
            "faces": {
                "up":    { "uv": [ 9, 9, 15, 15 ], "texture": "#bucket" },
                "east":  { "uv": [ 1, 9, 7, 0 ], "texture": "#bucket" },
                "west":  { "uv": [ 1, 9, 7, 0 ], "texture": "#bucket" },
                "north": { "uv": [ 1, 9, 7, 0 ], "texture": "#bucket" },
                "south": { "uv": [ 1, 9, 7, 0 ], "texture": "#bucket" }
            }
        },
        {
            "comment": "contents",
            "from": [ 12.8, 5.4, 2.8 ],
            "to": [ 15.2, 5.4, 5.199999999999999 ],
            "faces": {
                "up":    { "uv": [ 5.0, 5.0, 11.0, 11.0 ], "texture": "#contents" }
            }
        },
        {
            "comment": "handle",
            "from": [ 12.1853297, 5.199999999999999, 2.0 ],
            "to": [ 14.2, 5.6, 2.4000000000000004 ],
            "rotation": { "origin": [ 14.0, 5.4, 0.7999999999999998 ], "axis": "z", "angle": 22.5 },
            "faces": {
                "up":    { "uv": [ 0, 10, 5, 11 ], "texture": "#bucket" },
                "down":  { "uv": [ 0, 10, 5, 11 ], "texture": "#bucket" },
                "north": { "uv": [ 0, 10, 5, 11 ], "texture": "#bucket" },
                "south": { "uv": [ 0, 10, 5, 11 ], "texture": "#bucket" },
                "east":  { "uv": [ 0, 10, 1, 11 ], "texture": "#bucket" },
                "west":  { "uv": [ 0, 10, 1, 11 ], "texture": "#bucket" }
            }
        },
        {
            "comment": "handle",
            "from": [ 12.1853297, 5.199999999999999, 5.6 ],
            "to": [ 14.2, 5.6, 6.0 ],
            "rotation": { "origin": [ 14.0, 5.4, 0.7999999999999998 ], "axis": "z", "angle": 22.5 },
            "faces": {
                "up":    { "uv": [ 0, 10, 5, 11 ], "texture": "#bucket" },
                "down":  { "uv": [ 0, 10, 5, 11 ], "texture": "#bucket" },
                "north": { "uv": [ 0, 10, 5, 11 ], "texture": "#bucket" },
                "south": { "uv": [ 0, 10, 5, 11 ], "texture": "#bucket" },
                "east":  { "uv": [ 0, 10, 1, 11 ], "texture": "#bucket" },
                "west":  { "uv": [ 0, 10, 1, 11 ], "texture": "#bucket" }
            }
        },
        {
            "comment": "handle",
            "from": [ 11.7853297, 5.199999999999999, 2.0 ],
            "to": [ 12.1853297, 5.6, 6.0 ],
            "rotation": { "origin": [ 14.0, 5.4, 0.7999999999999998 ], "axis": "z", "angle": 22.5 },
            "faces": {
                "up":    { "uv": [ 0, 10, 6, 11 ], "texture": "#bucket", "rotation": 90 },
                "down":  { "uv": [ 0, 10, 6, 11 ], "texture": "#bucket", "rotation": 90 },
                "east":  { "uv": [ 0, 10, 6, 11 ], "texture": "#bucket" },
                "west":  { "uv": [ 0, 10, 6, 11 ], "texture": "#bucket" },
                "north": { "uv": [ 0, 10, 1, 11 ], "texture": "#bucket" },
                "south": { "uv": [ 0, 10, 1, 11 ], "texture": "#bucket" }
            }
        }
    ]
}