{
    "textures": {
        "feather": "items/misc/feather"
    },
    "elements": [
        {
            "comment": "stalk",
            "from": [ 3.5, 0.0, 3.5 ],
            "to": [ 4.5, 13.0, 4.5 ],
            "faces": {
                "up":    { "uv": [ 1.01, 3.01, 1.99, 4 ], "texture": "#feather" },
                "down":  { "uv": [ 1.01, 15, 1.99, 16 ], "texture": "#feather" },
                "east":  { "uv": [ 1.01, 3.01, 1.99, 16 ], "texture": "#feather" },
                "west":  { "uv": [ 1.01, 3.01, 1.99, 16 ], "texture": "#feather" },
                "north": { "uv": [ 1.01, 3.01, 1.99, 16 ], "texture": "#feather" },
                "south": { "uv": [ 1.01, 3.01, 1.99, 16 ], "texture": "#feather" }
            }
        },
        {
            "comment": "fibers",
            "from": [ -7.0, 1.0, 3.9000000000000004 ],
            "to": [ 4.0, 12.0, 4.1 ],
            "rotation": { "origin": [ 4.0, 1.5, -4.0 ], "axis": "z", "angle": -45 },
            "faces": {
                "north": { "uv": [ 15, 1, 4, 12 ], "texture": "#feather" },
                "south": { "uv": [ 4, 1, 15, 12 ], "texture": "#feather" }
            }
        },
        {
            "comment": "fibers",
            "from": [ 4.0, 1.0, 3.9000000000000004 ],
            "to": [ 15.0, 12.0, 4.1 ],
            "rotation": { "origin": [ 4.0, 1.5, -4.0 ], "axis": "z", "angle": 45 },
            "faces": {
                "north": { "uv": [ 4, 1, 15, 12 ], "texture": "#feather" },
                "south": { "uv": [ 15, 1, 4, 12 ], "texture": "#feather" }
            }
        },
        {
            "comment": "tip",
            "from": [ 3.0, 13.5, 3.8 ],
            "to": [ 5.0, 15.5, 4.199999999999999 ],
            "rotation": { "origin": [ 4.0, 14.5, -4.0 ], "axis": "z", "angle": 45 },
            "faces": {
                "north": { "uv": [ 3, 13, 5, 15 ], "texture": "#feather" },
                "south": { "uv": [ 3, 13, 5, 15 ], "texture": "#feather" }
            }
        }
    ]
}