{
    "textures": {
        "front": "items/misc/paper_map_drawn",
        "back": "items/misc/paper_map",

        "compass": "items/misc/compass/compass",
        "d0": "items/misc/compass/d0",
        "d1": "items/misc/compass/d1",
        "d2": "items/misc/compass/d2",
        "d3": "items/misc/compass/d3",
        "d4": "items/misc/compass/d4",
        "d5": "items/misc/compass/d5",
        "d6": "items/misc/compass/d6",
        "d7": "items/misc/compass/d7",
        "d8": "items/misc/compass/d8",
        "d9": "items/misc/compass/d9",
        "d10": "items/misc/compass/d10",
        "d11": "items/misc/compass/d11",
        "d12": "items/misc/compass/d12",
        "d13": "items/misc/compass/d13",
        "d14": "items/misc/compass/d14",
        "d15": "items/misc/compass/d15",
        "d16": "items/misc/compass/d16",
        "d17": "items/misc/compass/d17",
        "d18": "items/misc/compass/d18",
        "d19": "items/misc/compass/d19",

        "angle": "items/misc/dark_iron",

        "feather": "items/misc/quill"
    },
    "elements": [
        {
            "comment": "sheet",
            "from": [ -2.3000000000000007, -2.9000000000000004, 8.775 ],
            "to": [ 16.3, 21.9, 8.775 ],
            "faces": {
                "north": { "uv": [ 0, 0, 12, 16 ], "texture": "#front" }
            }
        },
        {
            "comment": "sheet",
            "from": [ -3.8499999999999996, -6.0, 8.0 ],
            "to": [ 14.75, 18.8, 8.0 ],
            "rotation": { "origin": [ 7.0, 9.5, 8.0 ], "axis": "z", "angle": 22.5 },
            "faces": {
                "north": { "uv": [ 0, 0, 12, 16 ], "texture": "#front" }
            }
        },
        {
            "comment": "sheet",
            "from": [ 0.7999999999999998, -1.3499999999999996, 7.225 ],
            "to": [ 19.4, 23.450000000000003, 7.225 ],
            "rotation": { "origin": [ 7.0, 9.5, 8.0 ], "axis": "z", "angle": -22.5 },
            "faces": {
                "north": { "uv": [ 0, 0, 12, 16 ], "texture": "#front" }
            }
        },
        {
            "comment": "sheet",
            "from": [ -2.3000000000000007, -2.9000000000000004, 8.785 ],
            "to": [ 16.3, 21.9, 8.785 ],
            "faces": {
                "south": { "uv": [ 0, 0, 12, 16 ], "texture": "#back" }
            }
        },
        {
            "comment": "sheet",
            "from": [ -3.8499999999999996, -6.0, 8.01 ],
            "to": [ 14.75, 18.8, 8.01 ],
            "rotation": { "origin": [ 7.0, 9.5, 8.0 ], "axis": "z", "angle": 22.5 },
            "faces": {
                "south": { "uv": [ 0, 0, 12, 16 ], "texture": "#back" }
            }
        },
        {
            "comment": "sheet",
            "from": [ 0.7999999999999998, -1.3499999999999996, 7.235 ],
            "to": [ 19.4, 23.450000000000003, 7.235 ],
            "rotation": { "origin": [ 7.0, 9.5, 8.0 ], "axis": "z", "angle": -22.5 },
            "faces": {
                "south": { "uv": [ 0, 0, 12, 16 ], "texture": "#back" }
            }
        },

        {
            "comment": "face",
            "from": [ -0.5200000000000005, 8.48, 6.0 ],
            "to": [ 6.52, 15.52, 6.0 ],
            "faces": {
                "north": { "uv": [ 0, 5, 7, 12 ], "texture": "#compass" }
            }
        },
        {
            "comment": "face",
            "from": [ -0.5200000000000005, 8.48, 6.008800000000001 ],
            "to": [ 6.52, 15.52, 6.008800000000001 ],
            "rotation": { "origin": [ 3.0, 12.0, -1.040000000000001 ], "axis": "z", "angle": 45 },
            "faces": {
                "north": { "uv": [ 0, 5, 7, 12 ], "texture": "#compass" }
            }
        },
        {
            "comment": "inside",
            "from": [ 2.12, 11.120000000000001, 6.0440000000000005 ],
            "to": [ 3.879999999999999, 12.879999999999999, 6.0440000000000005 ],
            "faces": {
                "north": { "uv": [ 8, 8, 16, 16 ], "texture": "#compass" }
            }
        },
        {
            "comment": "back",
            "from": [ -0.5200000000000005, 8.48, 6.879999999999999 ],
            "to": [ 6.52, 15.52, 6.879999999999999 ],
            "faces": {
                "south": { "uv": [ 8, 0, 16, 8 ], "texture": "#compass" }
            }
        },
        {
            "comment": "back",
            "from": [ -0.5200000000000005, 8.48, 6.8712 ],
            "to": [ 6.52, 15.52, 6.8712 ],
            "rotation": { "origin": [ 3.0, 12.0, -1.040000000000001 ], "axis": "z", "angle": 45 },
            "faces": {
                "south": { "uv": [ 8, 0, 16, 8 ], "texture": "#compass" }
            }
        },
        {
            "comment": "edge",
            "from": [ 1.2400000000000002, 15.52, 5.384 ],
            "to": [ 4.76, 16.4, 7.055999999999999 ],
            "faces": {
                "north": { "uv": [ 4, 0, 8, 1 ], "texture": "#compass" },
                "south": { "uv": [ 4, 0, 8, 1 ], "texture": "#compass" },
                "up":    { "uv": [ 4, 0, 8, 1 ], "texture": "#compass" },
                "down":  { "uv": [ 4, 0, 8, 1 ], "texture": "#compass" }
            }
        },
        {
            "comment": "edge",
            "from": [ -1.4000000000000004, 10.24, 5.384 ],
            "to": [ -0.5200000000000005, 13.76, 7.055999999999999 ],
            "faces": {
                "north": { "uv": [ 4, 1, 8, 2 ], "texture": "#compass", "rotation": 90 },
                "south": { "uv": [ 4, 1, 8, 2 ], "texture": "#compass", "rotation": 90 },
                "east":  { "uv": [ 4, 1, 8, 2 ], "texture": "#compass", "rotation": 90 },
                "west":  { "uv": [ 4, 1, 8, 2 ], "texture": "#compass", "rotation": 90 }
            }
        },
        {
            "comment": "edge",
            "from": [ 1.2400000000000002, 7.6, 5.384 ],
            "to": [ 4.76, 8.48, 7.055999999999999 ],
            "faces": {
                "north": { "uv": [ 4, 2, 8, 3 ], "texture": "#compass", "rotation": 180 },
                "south": { "uv": [ 4, 2, 8, 3 ], "texture": "#compass", "rotation": 180 },
                "up":    { "uv": [ 4, 2, 8, 3 ], "texture": "#compass", "rotation": 180 },
                "down":  { "uv": [ 4, 2, 8, 3 ], "texture": "#compass", "rotation": 180 }
            }
        },
        {
            "comment": "edge",
            "from": [ 6.52, 10.24, 5.384 ],
            "to": [ 7.4, 13.76, 7.055999999999999 ],
            "faces": {
                "north": { "uv": [ 4, 3, 8, 4 ], "texture": "#compass", "rotation": 270 },
                "south": { "uv": [ 4, 3, 8, 4 ], "texture": "#compass", "rotation": 270 },
                "east":  { "uv": [ 4, 3, 8, 4 ], "texture": "#compass", "rotation": 270 },
                "west":  { "uv": [ 4, 3, 8, 4 ], "texture": "#compass", "rotation": 270 }
            }
        },
        {
            "comment": "edge",
            "from": [ -2.4935238046649717, 15.52, 5.392799999999999 ],
            "to": [ 1.2400000000000002, 16.4, 7.0472 ],
            "rotation": { "origin": [ 1.2400000000000002, 16.4, -1.040000000000001 ], "axis": "z", "angle": 45 },
            "faces": {
                "north": { "uv": [ 0, 1, 4, 2 ], "texture": "#compass" },
                "south": { "uv": [ 0, 1, 4, 2 ], "texture": "#compass" },
                "up":    { "uv": [ 0, 1, 4, 2 ], "texture": "#compass" },
                "down":  { "uv": [ 0, 1, 4, 2 ], "texture": "#compass" }
            }
        },
        {
            "comment": "edge",
            "from": [ -1.4000000000000004, 6.506476195335028, 5.392799999999999 ],
            "to": [ -0.5200000000000005, 10.24, 7.0472 ],
            "rotation": { "origin": [ -1.4000000000000004, 10.24, -1.040000000000001 ], "axis": "z", "angle": 45 },
            "faces": {
                "north": { "uv": [ 0, 2, 4, 3 ], "texture": "#compass", "rotation": 90 },
                "south": { "uv": [ 0, 2, 4, 3 ], "texture": "#compass", "rotation": 90 },
                "east":  { "uv": [ 0, 2, 4, 3 ], "texture": "#compass", "rotation": 90 },
                "west":  { "uv": [ 0, 2, 4, 3 ], "texture": "#compass", "rotation": 90 }
            }
        },
        {
            "comment": "edge",
            "from": [ 4.76, 7.6, 5.392799999999999 ],
            "to": [ 8.49352380466497, 8.48, 7.0472 ],
            "rotation": { "origin": [ 4.76, 7.6, -1.040000000000001 ], "axis": "z", "angle": 45 },
            "faces": {
                "north": { "uv": [ 0, 3, 4, 4 ], "texture": "#compass", "rotation": 180 },
                "south": { "uv": [ 0, 3, 4, 4 ], "texture": "#compass", "rotation": 180 },
                "up":    { "uv": [ 0, 3, 4, 4 ], "texture": "#compass", "rotation": 180 },
                "down":  { "uv": [ 0, 3, 4, 4 ], "texture": "#compass", "rotation": 180 }
            }
        },
        {
            "comment": "edge",
            "from": [ 6.52, 13.76, 5.392799999999999 ],
            "to": [ 7.4, 17.49352380466497, 7.0472 ],
            "rotation": { "origin": [ 7.4, 13.76, -1.040000000000001 ], "axis": "z", "angle": 45 },
            "faces": {
                "north": { "uv": [ 0, 0, 4, 1 ], "texture": "#compass", "rotation": 270 },
                "south": { "uv": [ 0, 0, 4, 1 ], "texture": "#compass", "rotation": 270 },
                "east":  { "uv": [ 0, 0, 4, 1 ], "texture": "#compass", "rotation": 270 },
                "west":  { "uv": [ 0, 0, 4, 1 ], "texture": "#compass", "rotation": 270 }
            }
        },
        {
            "comment": "back panel",
            "from": [ 0.35999999999999943, 9.36, 6.4399999999999995 ],
            "to": [ 5.640000000000001, 14.64, 7.0120000000000005 ],
            "rotation": { "origin": [ 3.0, 12.0, -1.040000000000001 ], "axis": "z", "angle": 45 },
            "faces": {
                "south": { "uv": [ 0, 12.01, 4, 16 ], "texture": "#compass" },
                "up":    { "uv": [ 0, 12, 4, 13 ], "texture": "#compass" },
                "down":  { "uv": [ 0, 15, 4, 16 ], "texture": "#compass" },
                "east":  { "uv": [ 0, 12, 1, 16 ], "texture": "#compass" },
                "west":  { "uv": [ 3, 12, 4, 16 ], "texture": "#compass" }
            }
        },
        {
            "comment": "gears",
            "from": [ 1.1520000000000001, 10.152000000000001, 6.4399999999999995 ],
            "to": [ 4.847999999999999, 13.847999999999999, 7.0032 ],
            "faces": {
                "south": { "uv": [ 8, 8, 16, 16 ], "texture": "#compass" }
            }
        },
        {
            "comment": "number",
            "from": [ 2.7800000000000002, 14.42, 5.780000000000001 ],
            "to": [ 3.2200000000000006, 15.3, 6.0 ],
            "faces": {
                "north": { "uv": [ 1, 4, 2, 5 ], "texture": "#compass" },
                "east":  { "uv": [ 1, 4, 2, 5 ], "texture": "#compass" },
                "west":  { "uv": [ 1, 4, 2, 5 ], "texture": "#compass" },
                "up":    { "uv": [ 1, 4, 2, 5 ], "texture": "#compass" },
                "down":  { "uv": [ 1, 4, 2, 5 ], "texture": "#compass" }
            }
        },
        {
            "comment": "number",
            "from": [ 2.7800000000000002, 8.92, 5.780000000000001 ],
            "to": [ 3.2200000000000006, 9.36, 6.0 ],
            "faces": {
                "north": { "uv": [ 0, 4, 1, 5 ], "texture": "#compass" },
                "east":  { "uv": [ 0, 4, 1, 5 ], "texture": "#compass" },
                "west":  { "uv": [ 0, 4, 1, 5 ], "texture": "#compass" },
                "up":    { "uv": [ 0, 4, 1, 5 ], "texture": "#compass" },
                "down":  { "uv": [ 0, 4, 1, 5 ], "texture": "#compass" }
            }
        },
        {
            "comment": "number",
            "from": [ 5.640000000000001, 11.780000000000001, 5.780000000000001 ],
            "to": [ 6.08, 12.22, 6.0 ],
            "faces": {
                "north": { "uv": [ 0, 4, 1, 5 ], "texture": "#compass" },
                "east":  { "uv": [ 0, 4, 1, 5 ], "texture": "#compass" },
                "west":  { "uv": [ 0, 4, 1, 5 ], "texture": "#compass" },
                "up":    { "uv": [ 0, 4, 1, 5 ], "texture": "#compass" },
                "down":  { "uv": [ 0, 4, 1, 5 ], "texture": "#compass" }
            }
        },
        {
            "comment": "number",
            "from": [ -0.08000000000000007, 11.780000000000001, 5.780000000000001 ],
            "to": [ 0.35999999999999943, 12.22, 6.0 ],
            "faces": {
                "north": { "uv": [ 0, 4, 1, 5 ], "texture": "#compass" },
                "east":  { "uv": [ 0, 4, 1, 5 ], "texture": "#compass" },
                "west":  { "uv": [ 0, 4, 1, 5 ], "texture": "#compass" },
                "up":    { "uv": [ 0, 4, 1, 5 ], "texture": "#compass" },
                "down":  { "uv": [ 0, 4, 1, 5 ], "texture": "#compass" }
            }
        },
        {
            "comment": "top",
            "from": [ 2.5600000000000005, 16.4, 5.5600000000000005 ],
            "to": [ 3.4399999999999995, 17.28, 6.4399999999999995 ],
            "faces": {
                "north": { "uv": [ 0, 0, 1, 1 ], "texture": "#compass" },
                "east":  { "uv": [ 0, 0, 1, 1 ], "texture": "#compass" },
                "west":  { "uv": [ 0, 0, 1, 1 ], "texture": "#compass" },
                "up":    { "uv": [ 0, 0, 1, 1 ], "texture": "#compass" },
                "south": { "uv": [ 0, 0, 1, 1 ], "texture": "#compass" }
            }
        },
        {
            "comment": "dial stick",
            "from": [ 2.7359999999999998, 11.736, 5.120000000000001 ],
            "to": [ 3.264000000000001, 12.264000000000001, 6.4399999999999995 ],
            "faces": {
                "north": { "uv": [ 0, 4, 1, 5 ], "texture": "#compass" },
                "east":  { "uv": [ 0, 4, 1, 5 ], "texture": "#compass" },
                "west":  { "uv": [ 0, 4, 1, 5 ], "texture": "#compass" },
                "up":    { "uv": [ 0, 4, 1, 5 ], "texture": "#compass" },
                "down":  { "uv": [ 0, 4, 1, 5 ], "texture": "#compass" }
            }
        },
        {
            "comment": "dial",
            "from": [ 2.824, 9.14, 5.208 ],
            "to": [ 3.1759999999999984, 14.86, 5.5600000000000005 ],
            "faces": {
                "north": { "uv": [ 0, 0, 2, 16 ], "texture": "#d0" },
                "south": { "uv": [ 0, 0, 2, 16 ], "texture": "#d0" },
                "east":  { "uv": [ 0, 0, 2, 16 ], "texture": "#d0" },
                "west":  { "uv": [ 0, 0, 2, 16 ], "texture": "#d0" },
                "up":    { "uv": [ 0, 0, 2, 2 ], "texture": "#d0" },
                "down":  { "uv": [ 0, 14, 2, 16 ], "texture": "#d0" }
            }
        },
        {
            "comment": "dial",
            "from": [ 2.824, 9.14, 5.208 ],
            "to": [ 3.1759999999999984, 14.86, 5.5600000000000005 ],
            "rotation": { "origin": [ 3.0, 12.0, 6.0 ], "axis": "z", "angle": 22.5 },
            "faces": {
                "north": { "uv": [ 0, 0, 2, 16 ], "texture": "#d1" },
                "south": { "uv": [ 0, 0, 2, 16 ], "texture": "#d1" },
                "east":  { "uv": [ 0, 0, 2, 16 ], "texture": "#d1" },
                "west":  { "uv": [ 0, 0, 2, 16 ], "texture": "#d1" },
                "up":    { "uv": [ 0, 0, 2, 2 ], "texture": "#d1" },
                "down":  { "uv": [ 0, 14, 2, 16 ], "texture": "#d1" }
            }
        },
        {
            "comment": "dial",
            "from": [ 2.824, 9.14, 5.208 ],
            "to": [ 3.1759999999999984, 14.86, 5.5600000000000005 ],
            "rotation": { "origin": [ 3.0, 12.0, 6.0 ], "axis": "z", "angle": 45 },
            "faces": {
                "north": { "uv": [ 0, 0, 2, 16 ], "texture": "#d2" },
                "south": { "uv": [ 0, 0, 2, 16 ], "texture": "#d2" },
                "east":  { "uv": [ 0, 0, 2, 16 ], "texture": "#d2" },
                "west":  { "uv": [ 0, 0, 2, 16 ], "texture": "#d2" },
                "up":    { "uv": [ 0, 0, 2, 2 ], "texture": "#d2" },
                "down":  { "uv": [ 0, 14, 2, 16 ], "texture": "#d2" }
            }
        },
        {
            "comment": "dial",
            "from": [ 0.13999999999999968, 11.824, 5.208 ],
            "to": [ 5.859999999999999, 12.175999999999998, 5.5600000000000005 ],
            "rotation": { "origin": [ 3.0, 12.0, 6.0 ], "axis": "z", "angle": -22.5 },
            "faces": {
                "north": { "uv": [ 0, 0, 2, 16 ], "texture": "#d3", "rotation": 90 },
                "south": { "uv": [ 0, 0, 2, 16 ], "texture": "#d3", "rotation": 90 },
                "up":    { "uv": [ 0, 0, 2, 16 ], "texture": "#d3", "rotation": 270 },
                "down":  { "uv": [ 0, 0, 2, 16 ], "texture": "#d3", "rotation": 270 },
                "west":  { "uv": [ 0, 0, 2, 2 ], "texture": "#d3", "rotation": 90 },
                "east":  { "uv": [ 0, 14, 2, 16 ], "texture": "#d3", "rotation": 90 }
            }
        },
        {
            "comment": "dial",
            "from": [ 2.824, 9.14, 5.208 ],
            "to": [ 3.1759999999999984, 14.86, 5.5600000000000005 ],
            "rotation": { "origin": [ 3.0, 12.0, 6.0 ], "axis": "z", "angle": 45 },
            "faces": {
                "north": { "uv": [ 0, 0, 2, 16 ], "texture": "#d4" },
                "south": { "uv": [ 0, 0, 2, 16 ], "texture": "#d4" },
                "east":  { "uv": [ 0, 0, 2, 16 ], "texture": "#d4" },
                "west":  { "uv": [ 0, 0, 2, 16 ], "texture": "#d4" },
                "up":    { "uv": [ 0, 0, 2, 2 ], "texture": "#d4" },
                "down":  { "uv": [ 0, 14, 2, 16 ], "texture": "#d4" }
            }
        },
        {
            "comment": "dial",
            "from": [ 0.13999999999999968, 11.824, 5.208 ],
            "to": [ 5.859999999999999, 12.175999999999998, 5.5600000000000005 ],
            "rotation": { "origin": [ 3.0, 12.0, 6.0 ], "axis": "z", "angle": -22.5 },
            "faces": {
                "north": { "uv": [ 0, 0, 2, 16 ], "texture": "#d5", "rotation": 90 },
                "south": { "uv": [ 0, 0, 2, 16 ], "texture": "#d5", "rotation": 90 },
                "up":    { "uv": [ 0, 0, 2, 16 ], "texture": "#d5", "rotation": 270 },
                "down":  { "uv": [ 0, 0, 2, 16 ], "texture": "#d5", "rotation": 270 },
                "west":  { "uv": [ 0, 0, 2, 2 ], "texture": "#d5", "rotation": 90 },
                "east":  { "uv": [ 0, 14, 2, 16 ], "texture": "#d5", "rotation": 90 }
            }
        },
        {
            "comment": "dial",
            "from": [ 2.824, 9.14, 5.208 ],
            "to": [ 3.1759999999999984, 14.86, 5.5600000000000005 ],
            "rotation": { "origin": [ 3.0, 12.0, 6.0 ], "axis": "z", "angle": 45 },
            "faces": {
                "north": { "uv": [ 0, 0, 2, 16 ], "texture": "#d6" },
                "south": { "uv": [ 0, 0, 2, 16 ], "texture": "#d6" },
                "east":  { "uv": [ 0, 0, 2, 16 ], "texture": "#d6" },
                "west":  { "uv": [ 0, 0, 2, 16 ], "texture": "#d6" },
                "up":    { "uv": [ 0, 0, 2, 2 ], "texture": "#d6" },
                "down":  { "uv": [ 0, 14, 2, 16 ], "texture": "#d6" }
            }
        },
        {
            "comment": "dial",
            "from": [ 0.13999999999999968, 11.824, 5.208 ],
            "to": [ 5.859999999999999, 12.175999999999998, 5.5600000000000005 ],
            "rotation": { "origin": [ 3.0, 12.0, 6.0 ], "axis": "z", "angle": -22.5 },
            "faces": {
                "north": { "uv": [ 0, 0, 2, 16 ], "texture": "#d7", "rotation": 90 },
                "south": { "uv": [ 0, 0, 2, 16 ], "texture": "#d7", "rotation": 90 },
                "up":    { "uv": [ 0, 0, 2, 16 ], "texture": "#d7", "rotation": 270 },
                "down":  { "uv": [ 0, 0, 2, 16 ], "texture": "#d7", "rotation": 270 },
                "west":  { "uv": [ 0, 0, 2, 2 ], "texture": "#d7", "rotation": 90 },
                "east":  { "uv": [ 0, 14, 2, 16 ], "texture": "#d7", "rotation": 90 }
            }
        },
        {
            "comment": "dial",
            "from": [ 0.13999999999999968, 11.824, 5.208 ],
            "to": [ 5.859999999999999, 12.175999999999998, 5.5600000000000005 ],
            "faces": {
                "north": { "uv": [ 0, 0, 2, 16 ], "texture": "#d8", "rotation": 90 },
                "south": { "uv": [ 0, 0, 2, 16 ], "texture": "#d8", "rotation": 90 },
                "up":    { "uv": [ 0, 0, 2, 16 ], "texture": "#d8", "rotation": 270 },
                "down":  { "uv": [ 0, 0, 2, 16 ], "texture": "#d8", "rotation": 270 },
                "west":  { "uv": [ 0, 0, 2, 2 ], "texture": "#d8", "rotation": 90 },
                "east":  { "uv": [ 0, 14, 2, 16 ], "texture": "#d8", "rotation": 90 }
            }
        },
        {
            "comment": "dial",
            "from": [ 0.13999999999999968, 11.824, 5.208 ],
            "to": [ 5.859999999999999, 12.175999999999998, 5.5600000000000005 ],
            "rotation": { "origin": [ 3.0, 12.0, 6.0 ], "axis": "z", "angle": 22.5 },
            "faces": {
                "north": { "uv": [ 0, 0, 2, 16 ], "texture": "#d9", "rotation": 90 },
                "south": { "uv": [ 0, 0, 2, 16 ], "texture": "#d9", "rotation": 90 },
                "up":    { "uv": [ 0, 0, 2, 16 ], "texture": "#d9", "rotation": 270 },
                "down":  { "uv": [ 0, 0, 2, 16 ], "texture": "#d9", "rotation": 270 },
                "west":  { "uv": [ 0, 0, 2, 2 ], "texture": "#d9", "rotation": 90 },
                "east":  { "uv": [ 0, 14, 2, 16 ], "texture": "#d9", "rotation": 90 }
            }
        },
        {
            "comment": "dial",
            "from": [ 0.13999999999999968, 11.824, 5.208 ],
            "to": [ 5.859999999999999, 12.175999999999998, 5.5600000000000005 ],
            "rotation": { "origin": [ 3.0, 12.0, 6.0 ], "axis": "z", "angle": 45 },
            "faces": {
                "north": { "uv": [ 0, 0, 2, 16 ], "texture": "#d10", "rotation": 90 },
                "south": { "uv": [ 0, 0, 2, 16 ], "texture": "#d10", "rotation": 90 },
                "up":    { "uv": [ 0, 0, 2, 16 ], "texture": "#d10", "rotation": 270 },
                "down":  { "uv": [ 0, 0, 2, 16 ], "texture": "#d10", "rotation": 270 },
                "west":  { "uv": [ 0, 0, 2, 2 ], "texture": "#d10", "rotation": 90 },
                "east":  { "uv": [ 0, 14, 2, 16 ], "texture": "#d10", "rotation": 90 }
            }
        },
        {
            "comment": "dial",
            "from": [ 2.824, 9.14, 5.208 ],
            "to": [ 3.1759999999999984, 14.86, 5.5600000000000005 ],
            "rotation": { "origin": [ 3.0, 12.0, 6.0 ], "axis": "z", "angle": -22.5 },
            "faces": {
                "north": { "uv": [ 0, 0, 2, 16 ], "texture": "#d11", "rotation": 180 },
                "south": { "uv": [ 0, 0, 2, 16 ], "texture": "#d11", "rotation": 180 },
                "east":  { "uv": [ 0, 0, 2, 16 ], "texture": "#d11", "rotation": 180 },
                "west":  { "uv": [ 0, 0, 2, 16 ], "texture": "#d11", "rotation": 180 },
                "down":  { "uv": [ 0, 0, 2, 2 ], "texture": "#d11" },
                "up":    { "uv": [ 0, 14, 2, 16 ], "texture": "#d11" }
            }
        },
        {
            "comment": "dial",
            "from": [ 2.824, 9.14, 5.208 ],
            "to": [ 3.1759999999999984, 14.86, 5.5600000000000005 ],
            "faces": {
                "north": { "uv": [ 0, 0, 2, 16 ], "texture": "#d12", "rotation": 180 },
                "south": { "uv": [ 0, 0, 2, 16 ], "texture": "#d12", "rotation": 180 },
                "east":  { "uv": [ 0, 0, 2, 16 ], "texture": "#d12", "rotation": 180 },
                "west":  { "uv": [ 0, 0, 2, 16 ], "texture": "#d12", "rotation": 180 },
                "down":  { "uv": [ 0, 0, 2, 2 ], "texture": "#d12" },
                "up":    { "uv": [ 0, 14, 2, 16 ], "texture": "#d12" }
            }
        },
        {
            "comment": "dial",
            "from": [ 2.824, 9.14, 5.208 ],
            "to": [ 3.1759999999999984, 14.86, 5.5600000000000005 ],
            "rotation": { "origin": [ 3.0, 12.0, 6.0 ], "axis": "z", "angle": 22.5 },
            "faces": {
                "north": { "uv": [ 0, 0, 2, 16 ], "texture": "#d13", "rotation": 180 },
                "south": { "uv": [ 0, 0, 2, 16 ], "texture": "#d13", "rotation": 180 },
                "east":  { "uv": [ 0, 0, 2, 16 ], "texture": "#d13", "rotation": 180 },
                "west":  { "uv": [ 0, 0, 2, 16 ], "texture": "#d13", "rotation": 180 },
                "down":  { "uv": [ 0, 0, 2, 2 ], "texture": "#d13" },
                "up":    { "uv": [ 0, 14, 2, 16 ], "texture": "#d13" }
            }
        },
        {
            "comment": "dial",
            "from": [ 2.824, 9.14, 5.208 ],
            "to": [ 3.1759999999999984, 14.86, 5.5600000000000005 ],
            "rotation": { "origin": [ 3.0, 12.0, 6.0 ], "axis": "z", "angle": 45 },
            "faces": {
                "north": { "uv": [ 0, 0, 2, 16 ], "texture": "#d14", "rotation": 180 },
                "south": { "uv": [ 0, 0, 2, 16 ], "texture": "#d14", "rotation": 180 },
                "east":  { "uv": [ 0, 0, 2, 16 ], "texture": "#d14", "rotation": 180 },
                "west":  { "uv": [ 0, 0, 2, 16 ], "texture": "#d14", "rotation": 180 },
                "down":  { "uv": [ 0, 0, 2, 2 ], "texture": "#d14" },
                "up":    { "uv": [ 0, 14, 2, 16 ], "texture": "#d14" }
            }
        },
        {
            "comment": "dial",
            "from": [ 0.13999999999999968, 11.824, 5.208 ],
            "to": [ 5.859999999999999, 12.175999999999998, 5.5600000000000005 ],
            "rotation": { "origin": [ 3.0, 12.0, 6.0 ], "axis": "z", "angle": -22.5 },
            "faces": {
                "north": { "uv": [ 0, 0, 2, 16 ], "texture": "#d15", "rotation": 270 },
                "south": { "uv": [ 0, 0, 2, 16 ], "texture": "#d15", "rotation": 270 },
                "up":    { "uv": [ 0, 0, 2, 16 ], "texture": "#d15", "rotation": 90 },
                "down":  { "uv": [ 0, 0, 2, 16 ], "texture": "#d15", "rotation": 90 },
                "east":  { "uv": [ 0, 0, 2, 2 ], "texture": "#d15", "rotation": 270 },
                "west":  { "uv": [ 0, 14, 2, 16 ], "texture": "#d15", "rotation": 270 }
            }
        },
        {
            "comment": "dial",
            "from": [ 0.13999999999999968, 11.824, 5.208 ],
            "to": [ 5.859999999999999, 12.175999999999998, 5.5600000000000005 ],
            "faces": {
                "north": { "uv": [ 0, 0, 2, 16 ], "texture": "#d16", "rotation": 270 },
                "south": { "uv": [ 0, 0, 2, 16 ], "texture": "#d16", "rotation": 270 },
                "up":    { "uv": [ 0, 0, 2, 16 ], "texture": "#d16", "rotation": 90 },
                "down":  { "uv": [ 0, 0, 2, 16 ], "texture": "#d16", "rotation": 90 },
                "east":  { "uv": [ 0, 0, 2, 2 ], "texture": "#d16", "rotation": 270 },
                "west":  { "uv": [ 0, 14, 2, 16 ], "texture": "#d16", "rotation": 270 }
            }
        },
        {
            "comment": "dial",
            "from": [ 0.13999999999999968, 11.824, 5.208 ],
            "to": [ 5.859999999999999, 12.175999999999998, 5.5600000000000005 ],
            "rotation": { "origin": [ 3.0, 12.0, 6.0 ], "axis": "z", "angle": 22.5 },
            "faces": {
                "north": { "uv": [ 0, 0, 2, 16 ], "texture": "#d17", "rotation": 270 },
                "south": { "uv": [ 0, 0, 2, 16 ], "texture": "#d17", "rotation": 270 },
                "up":    { "uv": [ 0, 0, 2, 16 ], "texture": "#d17", "rotation": 90 },
                "down":  { "uv": [ 0, 0, 2, 16 ], "texture": "#d17", "rotation": 90 },
                "east":  { "uv": [ 0, 0, 2, 2 ], "texture": "#d17", "rotation": 270 },
                "west":  { "uv": [ 0, 14, 2, 16 ], "texture": "#d17", "rotation": 270 }
            }
        },
        {
            "comment": "dial",
            "from": [ 0.13999999999999968, 11.824, 5.208 ],
            "to": [ 5.859999999999999, 12.175999999999998, 5.5600000000000005 ],
            "rotation": { "origin": [ 3.0, 12.0, 6.0 ], "axis": "z", "angle": 45 },
            "faces": {
                "north": { "uv": [ 0, 0, 2, 16 ], "texture": "#d18", "rotation": 270 },
                "south": { "uv": [ 0, 0, 2, 16 ], "texture": "#d18", "rotation": 270 },
                "up":    { "uv": [ 0, 0, 2, 16 ], "texture": "#d18", "rotation": 90 },
                "down":  { "uv": [ 0, 0, 2, 16 ], "texture": "#d18", "rotation": 90 },
                "east":  { "uv": [ 0, 0, 2, 2 ], "texture": "#d18", "rotation": 270 },
                "west":  { "uv": [ 0, 14, 2, 16 ], "texture": "#d18", "rotation": 270 }
            }
        },
        {
            "comment": "dial",
            "from": [ 2.824, 9.14, 5.208 ],
            "to": [ 3.1759999999999984, 14.86, 5.5600000000000005 ],
            "rotation": { "origin": [ 3.0, 12.0, 6.0 ], "axis": "z", "angle": -22.5 },
            "faces": {
                "north": { "uv": [ 0, 0, 2, 16 ], "texture": "#d19" },
                "south": { "uv": [ 0, 0, 2, 16 ], "texture": "#d19" },
                "east":  { "uv": [ 0, 0, 2, 16 ], "texture": "#d19" },
                "west":  { "uv": [ 0, 0, 2, 16 ], "texture": "#d19" },
                "up":    { "uv": [ 0, 0, 2, 2 ], "texture": "#d19" },
                "down":  { "uv": [ 0, 14, 2, 16 ], "texture": "#d19" }
            }
        },
        {
            "comment": "angle",
            "from": [ 17.0, 9.0, 6.0 ],
            "to": [ 18.0, 17.0, 7.0 ],
            "rotation": { "origin": [ 17.0, 17.0, 0.0 ], "axis": "z", "angle": -22.5 },
            "faces": {
                "north": { "uv": [ 15.0, 1.0, 16.0, 9.0 ], "texture": "#angle" },
                "south": { "uv": [ 15.0, 1.0, 16.0, 9.0 ], "texture": "#angle" },
                "east":  { "uv": [ 15.0, 1.0, 16.0, 9.0 ], "texture": "#angle" },
                "west":  { "uv": [ 15.0, 1.0, 16.0, 9.0 ], "texture": "#angle" },
                "down":  { "uv": [ 15.0, 6.0, 16.0, 7.0 ], "texture": "#angle" },
                "up":    { "uv": [ 15.0, 6.0, 16.0, 7.0 ], "texture": "#angle" }
            }
        },
        {
            "comment": "angle",
            "from": [ 9.0, 17.0, 6.0 ],
            "to": [ 17.0, 18.0, 7.0 ],
            "rotation": { "origin": [ 17.0, 17.0, 0.0 ], "axis": "z", "angle": 22.5 },
            "faces": {
                "north": { "uv": [ 15.0, 0.0, 7.0, 1.0 ], "texture": "#angle" },
                "south": { "uv": [ 15.0, 0.0, 7.0, 1.0 ], "texture": "#angle" },
                "east":  { "uv": [ 6.0, 0.0, 7.0, 1.0 ], "texture": "#angle" },
                "west":  { "uv": [ 6.0, 0.0, 7.0, 1.0 ], "texture": "#angle" },
                "down":  { "uv": [ 15.0, 0.0, 7.0, 1.0 ], "texture": "#angle" },
                "up":    { "uv": [ 15.0, 0.0, 7.0, 1.0 ], "texture": "#angle" }
            }
        },
        {
            "comment": "connector",
            "from": [ 16.5, 16.0, 5.75 ],
            "to": [ 17.5, 18.0, 7 ],
            "rotation": { "origin": [ 17.0, 17.0, 0.0 ], "axis": "z", "angle": 45 },
            "faces": {
                "north": { "uv": [ 14.5, 0.0, 12.5, 2.0 ], "texture": "#angle" },
                "south": { "uv": [ 14.5, 0.0, 7.25, 2.0 ], "texture": "#angle" },
                "east":  { "uv": [ 5.75, 0.0, 7.25, 2.0 ], "texture": "#angle" },
                "west":  { "uv": [ 5.75, 0.0, 7.25, 2.0 ], "texture": "#angle" },
                "down":  { "uv": [ 14.5, 5.75, 15.5, 7.25 ], "texture": "#angle" },
                "up":    { "uv": [ 14.5, 5.75, 15.5, 7.25 ], "texture": "#angle" }
            }
        },
        {
            "comment": "stalk",
            "from": [ 2.879999999999999, 1.2400000000000002, 5.12 ],
            "to": [ 11.2, 1.88, 5.76 ],
            "rotation": { "origin": [ 3.84, 1.5599999999999996, 0.3199999999999985 ], "axis": "z", "angle": -22.5 },
            "faces": {
                "north": { "uv": [ 1.01, 3.01, 1.99, 16 ], "texture": "#feather", "rotation": 270 },
                "up":    { "uv": [ 1.01, 3.01, 1.99, 16 ], "texture": "#feather", "rotation": 90 },
                "west":  { "uv": [ 1.01, 15, 1.99, 16 ], "texture": "#feather" },
                "down":  { "uv": [ 1.01, 3.01, 1.99, 16 ], "texture": "#feather", "rotation": 90 },
                "east":  { "uv": [ 1.01, 3.01, 1.99, 4 ], "texture": "#feather" },
                "south": { "uv": [ 1.01, 3.01, 1.99, 16 ], "texture": "#feather", "rotation": 270 }
            }
        },
        {
            "comment": "fibers",
            "from": [ 3.84, -5.16, 5.376 ],
            "to": [ 10.879999999999999, 1.88, 5.504 ],
            "rotation": { "origin": [ 3.84, 1.5599999999999996, 0.3199999999999985 ], "axis": "z", "angle": 22.5 },
            "faces": {
                "north": { "uv": [ 15, 1, 4, 12 ], "texture": "#feather", "rotation": 180 },
                "south": { "uv": [ 4, 1, 15, 12 ], "texture": "#feather", "rotation": 0 }
            }
        },
        {
            "comment": "fibers",
            "from": [ 3.5199999999999996, -5.480000000000002, 5.376 ],
            "to": [ 10.559999999999999, 1.5599999999999996, 5.504 ],
            "rotation": { "origin": [ 3.84, 1.5599999999999996, 0.3199999999999985 ], "axis": "z", "angle": 22.5 },
            "faces": {
                "south": { "uv": [ 15, 1, 4, 12 ], "texture": "#feather", "rotation": 270 },
                "north": { "uv": [ 4, 1, 15, 12 ], "texture": "#feather", "rotation": 270 }
            }
        }
    ]
}