{
    "textures": {
        "tag": "items/misc/nametag"
    },
    "elements": [
        {
            "comment": "tag",
            "from": [ 3.6800000000000006, -9.279999999999998, 8.0 ],
            "to": [ 12.32, 20.959999999999994, 8.143999999999998 ],
            "faces": {
                "north": { "uv": [ 0, 0, 4, 14 ], "texture": "#tag" },
                "south": { "uv": [ 4, 0, 8, 14 ], "texture": "#tag" }
            }
        },
        {
            "comment": "ring",
            "from": [ 7.4239999999999995, 18.08, 2.24 ],
            "to": [ 8.576, 23.839999999999996, 8.0 ],
            "rotation": { "origin": [ -3.5199999999999996, 18.08, 8.0 ], "axis": "x", "angle": 45 },
            "faces": {
                "east":  { "uv": [ 8, 1.5, 11, 4.5 ], "texture": "#tag" },
                "west":  { "uv": [ 8, 1.5, 11, 4.5 ], "texture": "#tag", "rotation": 270 },
                "down":  { "uv": [ 8, 1.51, 11, 1.99 ], "texture": "#tag", "rotation": 90 },
                "north": { "uv": [ 8, 1.5, 8.5, 4.5 ], "texture": "#tag" },
                "up":    { "uv": [ 8, 4, 11, 4.5 ], "texture": "#tag", "rotation": 270 },
                "south": { "uv": [ 10.5, 1.5, 11, 4.5 ], "texture": "#tag", "rotation": 180 }
            }
        },
        {
            "comment": "inner ring",
            "from": [ 8.576, 19.0304, 3.1904000000000003 ],
            "to": [ 7.4239999999999995, 23.062399999999997, 7.0352 ],
            "rotation": { "origin": [ -3.5199999999999996, 18.08, 8.0 ], "axis": "x", "angle": 45 },
            "faces": {
                "up":    { "uv": [ 8.5, 1.51, 10.5, 1.99 ], "texture": "#tag", "rotation": 270 },
                "north": { "uv": [ 8, 2, 8.5, 4 ], "texture": "#tag" },
                "down":  { "uv": [ 8.5, 4, 10.5, 4.5 ], "texture": "#tag", "rotation": 90 },
                "south": { "uv": [ 10.5, 2, 11, 4 ], "texture": "#tag", "rotation": 180 }
            }
        },
        {
            "comment": "wax",
            "from": [ 7.136, 18.08, 7.5680000000000005 ],
            "to": [ 8.863999999999999, 20.384, 8.576 ],
            "faces": {
                "north": { "uv": [ 8, 0, 9.5, 1.5 ], "texture": "#tag" },
                "south": { "uv": [ 8, 0, 9.5, 1.5 ], "texture": "#tag" },
                "east":  { "uv": [ 8, 0, 9.5, 1.5 ], "texture": "#tag" },
                "west":  { "uv": [ 8, 0, 9.5, 1.5 ], "texture": "#tag" },
                "up":    { "uv": [ 8, 0, 9.5, 1.5 ], "texture": "#tag" },
                "down":  { "uv": [ 8, 0, 9.5, 1.5 ], "texture": "#tag" }
            }
        }
    ]
}