{
    "textures": {
        "pupil": "null",
        "core_up": "#core",
        "core_down": "#core",
        "core_east": "#core",
        "core_west": "#core",
        "core_north": "#core",
        "core_south": "#core",
        "shell_0": "items/misc/ender/pearl_shell",  //shell_0",
        "shell_1": "items/misc/ender/shell_1",
        "shell_2": "items/misc/ender/shell_2",
        "shell_3": "items/misc/ender/shell_3"
    },
    "elements": [
        {
            "comment": "shell",
            "from": [ -4.0, -0.48528137423856954, -0.48528137423856954 ],
            "to": [ 20.0, 16.485281374238568, 16.485281374238568 ],
            "rotation": { "origin": [ 8.0, 8.0, 8.0 ], "axis": "x", "angle": 45 },
            "faces": {
                "east":  { "uv": [ 0, 0, 16, 16 ], "texture": "#shell_0" },
                "west":  { "uv": [ 0, 0, 16, 16 ], "texture": "#shell_0" }
            }
        },
        {
            "comment": "shell",
            "from": [ -0.48528137423856954, -4.0, -0.48528137423856954 ],
            "to": [ 16.485281374238568, 20.0, 16.485281374238568 ],
            "rotation": { "origin": [ 8.0, 8.0, 8.0 ], "axis": "y", "angle": 45 },
            "faces": {
                "up":    { "uv": [ 0, 0, 16, 16 ], "texture": "#shell_0" },
                "down":  { "uv": [ 0, 0, 16, 16 ], "texture": "#shell_0" }
            }
        },
        {
            "comment": "shell",
            "from": [ -0.48528137423856954, -0.48528137423856954, -4.0 ],
            "to": [ 16.485281374238568, 16.485281374238568, 20.0 ],
            "rotation": { "origin": [ 8.0, 8.0, 8.0 ], "axis": "z", "angle": 45 },
            "faces": {
                "north": { "uv": [ 0, 0, 16, 16 ], "texture": "#shell_0" },
                "south": { "uv": [ 0, 0, 16, 16 ], "texture": "#shell_0" }
            }
        },
        {
            "comment": "shell",
            "to": [ -3.8500000000000014, -0.48528137423856954, -0.48528137423856954 ],
            "from": [ 19.85, 16.485281374238568, 16.485281374238568 ],
            "rotation": { "origin": [ 8.0, 8.0, 8.0 ], "axis": "x", "angle": 45 },
            "faces": {
                "east":  { "uv": [ 0, 0, 16, 16 ], "texture": "#shell_0" },
                "west":  { "uv": [ 0, 0, 16, 16 ], "texture": "#shell_0" }
            }
        },
        {
            "comment": "shell",
            "to": [ -0.48528137423856954, -3.8500000000000014, -0.48528137423856954 ],
            "from": [ 16.485281374238568, 19.85, 16.485281374238568 ],
            "rotation": { "origin": [ 8.0, 8.0, 8.0 ], "axis": "y", "angle": 45 },
            "faces": {
                "up":    { "uv": [ 0, 0, 16, 16 ], "texture": "#shell_0" },
                "down":  { "uv": [ 0, 0, 16, 16 ], "texture": "#shell_0" }
            }
        },
        {
            "comment": "shell",
            "to": [ -0.48528137423856954, -0.48528137423856954, -3.8500000000000014 ],
            "from": [ 16.485281374238568, 16.485281374238568, 19.85 ],
            "rotation": { "origin": [ 8.0, 8.0, 8.0 ], "axis": "z", "angle": 45 },
            "faces": {
                "north": { "uv": [ 0, 0, 16, 16 ], "texture": "#shell_0" },
                "south": { "uv": [ 0, 0, 16, 16 ], "texture": "#shell_0" }
            }
        },
        /*{
            "comment": "shell",
            "from": [ -4.0, -0.48528137423856954, -0.48528137423856954 ],
            "to": [ 20.0, 16.485281374238568, 16.485281374238568 ],
            "rotation": { "origin": [ 8.0, 8.0, 8.0 ], "axis": "x", "angle": 22.5 },
            "faces": {
                "east":  { "uv": [ 0, 0, 16, 16 ], "texture": "#shell_1" },
                "west":  { "uv": [ 0, 0, 16, 16 ], "texture": "#shell_1" }
            }
        },
        {
            "comment": "shell",
            "from": [ -0.48528137423856954, -4.0, -0.48528137423856954 ],
            "to": [ 16.485281374238568, 20.0, 16.485281374238568 ],
            "rotation": { "origin": [ 8.0, 8.0, 8.0 ], "axis": "y", "angle": 22.5 },
            "faces": {
                "up":    { "uv": [ 0, 0, 16, 16 ], "texture": "#shell_1" },
                "down":  { "uv": [ 0, 0, 16, 16 ], "texture": "#shell_1" }
            }
        },
        {
            "comment": "shell",
            "from": [ -0.48528137423856954, -0.48528137423856954, -4.0 ],
            "to": [ 16.485281374238568, 16.485281374238568, 20.0 ],
            "rotation": { "origin": [ 8.0, 8.0, 8.0 ], "axis": "z", "angle": 22.5 },
            "faces": {
                "north": { "uv": [ 0, 0, 16, 16 ], "texture": "#shell_1" },
                "south": { "uv": [ 0, 0, 16, 16 ], "texture": "#shell_1" }
            }
        },
        {
            "comment": "shell",
            "to": [ -3.8500000000000014, -0.48528137423856954, -0.48528137423856954 ],
            "from": [ 19.85, 16.485281374238568, 16.485281374238568 ],
            "rotation": { "origin": [ 8.0, 8.0, 8.0 ], "axis": "x", "angle": 22.5 },
            "faces": {
                "east":  { "uv": [ 0, 0, 16, 16 ], "texture": "#shell_1" },
                "west":  { "uv": [ 0, 0, 16, 16 ], "texture": "#shell_1" }
            }
        },
        {
            "comment": "shell",
            "to": [ -0.48528137423856954, -3.8500000000000014, -0.48528137423856954 ],
            "from": [ 16.485281374238568, 19.85, 16.485281374238568 ],
            "rotation": { "origin": [ 8.0, 8.0, 8.0 ], "axis": "y", "angle": 22.5 },
            "faces": {
                "up":    { "uv": [ 0, 0, 16, 16 ], "texture": "#shell_1" },
                "down":  { "uv": [ 0, 0, 16, 16 ], "texture": "#shell_1" }
            }
        },
        {
            "comment": "shell",
            "to": [ -0.48528137423856954, -0.48528137423856954, -3.8500000000000014 ],
            "from": [ 16.485281374238568, 16.485281374238568, 19.85 ],
            "rotation": { "origin": [ 8.0, 8.0, 8.0 ], "axis": "z", "angle": 22.5 },
            "faces": {
                "north": { "uv": [ 0, 0, 16, 16 ], "texture": "#shell_1" },
                "south": { "uv": [ 0, 0, 16, 16 ], "texture": "#shell_1" }
            }
        },
        {
            "comment": "shell",
            "from": [ -4.0, -0.48528137423856954, -0.48528137423856954 ],
            "to": [ 20.0, 16.485281374238568, 16.485281374238568 ],
            "rotation": { "origin": [ 8.0, 8.0, 8.0 ], "axis": "x", "angle": 0 },
            "faces": {
                "east":  { "uv": [ 0, 0, 16, 16 ], "texture": "#shell_2" },
                "west":  { "uv": [ 0, 0, 16, 16 ], "texture": "#shell_2" }
            }
        },
        {
            "comment": "shell",
            "from": [ -0.48528137423856954, -4.0, -0.48528137423856954 ],
            "to": [ 16.485281374238568, 20.0, 16.485281374238568 ],
            "rotation": { "origin": [ 8.0, 8.0, 8.0 ], "axis": "y", "angle": 0 },
            "faces": {
                "up":    { "uv": [ 0, 0, 16, 16 ], "texture": "#shell_2" },
                "down":  { "uv": [ 0, 0, 16, 16 ], "texture": "#shell_2" }
            }
        },
        {
            "comment": "shell",
            "from": [ -0.48528137423856954, -0.48528137423856954, -4.0 ],
            "to": [ 16.485281374238568, 16.485281374238568, 20.0 ],
            "rotation": { "origin": [ 8.0, 8.0, 8.0 ], "axis": "z", "angle": 0 },
            "faces": {
                "north": { "uv": [ 0, 0, 16, 16 ], "texture": "#shell_2" },
                "south": { "uv": [ 0, 0, 16, 16 ], "texture": "#shell_2" }
            }
        },
        {
            "comment": "shell",
            "to": [ -3.8500000000000014, -0.48528137423856954, -0.48528137423856954 ],
            "from": [ 19.85, 16.485281374238568, 16.485281374238568 ],
            "rotation": { "origin": [ 8.0, 8.0, 8.0 ], "axis": "x", "angle": 0 },
            "faces": {
                "east":  { "uv": [ 0, 0, 16, 16 ], "texture": "#shell_2" },
                "west":  { "uv": [ 0, 0, 16, 16 ], "texture": "#shell_2" }
            }
        },
        {
            "comment": "shell",
            "to": [ -0.48528137423856954, -3.8500000000000014, -0.48528137423856954 ],
            "from": [ 16.485281374238568, 19.85, 16.485281374238568 ],
            "rotation": { "origin": [ 8.0, 8.0, 8.0 ], "axis": "y", "angle": 0 },
            "faces": {
                "up":    { "uv": [ 0, 0, 16, 16 ], "texture": "#shell_2" },
                "down":  { "uv": [ 0, 0, 16, 16 ], "texture": "#shell_2" }
            }
        },
        {
            "comment": "shell",
            "to": [ -0.48528137423856954, -0.48528137423856954, -3.8500000000000014 ],
            "from": [ 16.485281374238568, 16.485281374238568, 19.85 ],
            "rotation": { "origin": [ 8.0, 8.0, 8.0 ], "axis": "z", "angle": 0 },
            "faces": {
                "north": { "uv": [ 0, 0, 16, 16 ], "texture": "#shell_2" },
                "south": { "uv": [ 0, 0, 16, 16 ], "texture": "#shell_2" }
            }
        },
        {
            "comment": "shell",
            "from": [ -4.0, -0.48528137423856954, -0.48528137423856954 ],
            "to": [ 20.0, 16.485281374238568, 16.485281374238568 ],
            "rotation": { "origin": [ 8.0, 8.0, 8.0 ], "axis": "x", "angle": -22.5 },
            "faces": {
                "east":  { "uv": [ 0, 0, 16, 16 ], "texture": "#shell_3" },
                "west":  { "uv": [ 0, 0, 16, 16 ], "texture": "#shell_3" }
            }
        },
        {
            "comment": "shell",
            "from": [ -0.48528137423856954, -4.0, -0.48528137423856954 ],
            "to": [ 16.485281374238568, 20.0, 16.485281374238568 ],
            "rotation": { "origin": [ 8.0, 8.0, 8.0 ], "axis": "y", "angle": -22.5 },
            "faces": {
                "up":    { "uv": [ 0, 0, 16, 16 ], "texture": "#shell_3" },
                "down":  { "uv": [ 0, 0, 16, 16 ], "texture": "#shell_3" }
            }
        },
        {
            "comment": "shell",
            "from": [ -0.48528137423856954, -0.48528137423856954, -4.0 ],
            "to": [ 16.485281374238568, 16.485281374238568, 20.0 ],
            "rotation": { "origin": [ 8.0, 8.0, 8.0 ], "axis": "z", "angle": -22.5 },
            "faces": {
                "north": { "uv": [ 0, 0, 16, 16 ], "texture": "#shell_3" },
                "south": { "uv": [ 0, 0, 16, 16 ], "texture": "#shell_3" }
            }
        },
        {
            "comment": "shell",
            "to": [ -3.8500000000000014, -0.48528137423856954, -0.48528137423856954 ],
            "from": [ 19.85, 16.485281374238568, 16.485281374238568 ],
            "rotation": { "origin": [ 8.0, 8.0, 8.0 ], "axis": "x", "angle": -22.5 },
            "faces": {
                "east":  { "uv": [ 0, 0, 16, 16 ], "texture": "#shell_3" },
                "west":  { "uv": [ 0, 0, 16, 16 ], "texture": "#shell_3" }
            }
        },
        {
            "comment": "shell",
            "to": [ -0.48528137423856954, -3.8500000000000014, -0.48528137423856954 ],
            "from": [ 16.485281374238568, 19.85, 16.485281374238568 ],
            "rotation": { "origin": [ 8.0, 8.0, 8.0 ], "axis": "y", "angle": -22.5 },
            "faces": {
                "up":    { "uv": [ 0, 0, 16, 16 ], "texture": "#shell_3" },
                "down":  { "uv": [ 0, 0, 16, 16 ], "texture": "#shell_3" }
            }
        },
        {
            "comment": "shell",
            "to": [ -0.48528137423856954, -0.48528137423856954, -3.8500000000000014 ],
            "from": [ 16.485281374238568, 16.485281374238568, 19.85 ],
            "rotation": { "origin": [ 8.0, 8.0, 8.0 ], "axis": "z", "angle": -22.5 },
            "faces": {
                "north": { "uv": [ 0, 0, 16, 16 ], "texture": "#shell_3" },
                "south": { "uv": [ 0, 0, 16, 16 ], "texture": "#shell_3" }
            }
        },*/
        {
            "comment": "core",
            "from": [ 0.5, 0.5, 0.5 ],
            "to": [ 15.5, 15.5, 15.5 ],
            "faces": {
                "up":    { "uv": [ 0, 0, 16, 16 ], "texture": "#core_up" },
                "down":  { "uv": [ 0, 0, 16, 16 ], "texture": "#core_down" },
                "north": { "uv": [ 0, 0, 16, 16 ], "texture": "#core_north" },
                "south": { "uv": [ 0, 0, 16, 16 ], "texture": "#core_south" },
                "east":  { "uv": [ 0, 0, 16, 16 ], "texture": "#core_east" },
                "west":  { "uv": [ 0, 0, 16, 16 ], "texture": "#core_west" }
            }
        },
        {
            "comment": "pupil",
            "from": [ 6.125, 5.75, 0.4250000000000007 ],
            "to": [ 9.875, 10.25, 0.4250000000000007 ],
            "faces": {
                "north": { "uv": [ 6.75, 6.5, 9.25, 9.5 ], "texture": "#pupil" }
            }
        },
        {
            "comment": "pupil",
            "from": [ 7.25, 3.5, 0.35000000000000053 ],
            "to": [ 8.75, 12.5, 0.35000000000000053 ],
            "faces": {
                "north": { "uv": [ 7.5, 5.0, 8.5, 11.0 ], "texture": "#pupil" }
            }
        }
    ]
}