{
    "elements": [
        {
            "comment": "plank",
            "from": [ -6.4, 3.5, -4.6 ],
            "to": [ 22.4, 5.3, 2.5999999999999996 ],
            "faces": {
                "north": { "uv": [ 0.0, 14.0, 5.0, 15.0 ], "texture": "#plank" },
                "south": { "uv": [ 0.0, 14.0, 5.0, 15.0 ], "texture": "#plank" },
                "east":  { "uv": [ 1.0, 14.0, 5.0, 15.0 ], "texture": "#plank" },
                "west":  { "uv": [ 1.0, 14.0, 5.0, 15.0 ], "texture": "#plank" },
                "up":    { "uv": [ 0.0, 1.0, 16.0, 5.0 ], "texture": "#plank" },
                "down":  { "uv": [ 0.0, 1.0, 16.0, 5.0 ], "texture": "#plank" }
            }
        },
        {
            "comment": "plank",
            "from": [ -6.4, 3.5, 4.4 ],
            "to": [ 22.4, 5.3, 11.6 ],
            "faces": {
                "north": { "uv": [ 0.0, 14.0, 10.0, 15.0 ], "texture": "#plank" },
                "south": { "uv": [ 0.0, 14.0, 10.0, 15.0 ], "texture": "#plank" },
                "east":  { "uv": [ 6.0, 14.0, 10.0, 15.0 ], "texture": "#plank" },
                "west":  { "uv": [ 6.0, 14.0, 10.0, 15.0 ], "texture": "#plank" },
                "up":    { "uv": [ 0.0, 6.0, 16.0, 10.0 ], "texture": "#plank" },
                "down":  { "uv": [ 0.0, 6.0, 16.0, 10.0 ], "texture": "#plank" }
            }
        },
        {
            "comment": "plank",
            "from": [ -6.4, 3.5, 13.4 ],
            "to": [ 22.4, 5.3, 20.6 ],
            "faces": {
                "north": { "uv": [ 0.0, 14.0, 15.0, 15.0 ], "texture": "#plank" },
                "south": { "uv": [ 0.0, 14.0, 15.0, 15.0 ], "texture": "#plank" },
                "east":  { "uv": [ 11.0, 14.0, 15.0, 15.0 ], "texture": "#plank" },
                "west":  { "uv": [ 11.0, 14.0, 15.0, 15.0 ], "texture": "#plank" },
                "up":    { "uv": [ 0.0, 11.0, 16.0, 15.0 ], "texture": "#plank" },
                "down":  { "uv": [ 0.0, 11.0, 16.0, 15.0 ], "texture": "#plank" }
            }
        },
        {
            "comment": "plank",
            "from": [ -4.6, 5.3, -6.4 ],
            "to": [ 2.5999999999999996, 7.1, 22.4 ],
            "faces": {
                "north": { "uv": [ 1.0, 13.0, 16.0, 14.0 ], "texture": "#plank" },
                "south": { "uv": [ 1.0, 13.0, 16.0, 14.0 ], "texture": "#plank" },
                "east":  { "uv": [ 0.0, 13.0, 16.0, 14.0 ], "texture": "#plank" },
                "west":  { "uv": [ 0.0, 13.0, 16.0, 14.0 ], "texture": "#plank" },
                "up":    { "uv": [ 1.0, 0.0, 5.0, 16.0 ], "texture": "#plank" },
                "down":  { "uv": [ 1.0, 0.0, 5.0, 16.0 ], "texture": "#plank" }
            }
        },
        {
            "comment": "plank",
            "from": [ 4.4, 5.3, -6.4 ],
            "to": [ 11.6, 7.1, 22.4 ],
            "faces": {
                "north": { "uv": [ 6.0, 13.0, 16.0, 14.0 ], "texture": "#plank" },
                "south": { "uv": [ 6.0, 13.0, 16.0, 14.0 ], "texture": "#plank" },
                "east":  { "uv": [ 0.0, 13.0, 16.0, 14.0 ], "texture": "#plank" },
                "west":  { "uv": [ 0.0, 13.0, 16.0, 14.0 ], "texture": "#plank" },
                "up":    { "uv": [ 6.0, 0.0, 10.0, 16.0 ], "texture": "#plank" },
                "down":  { "uv": [ 6.0, 0.0, 10.0, 16.0 ], "texture": "#plank" }
            }
        },
        {
            "comment": "plank",
            "from": [ 13.4, 5.3, -6.4 ],
            "to": [ 20.6, 7.1, 22.4 ],
            "faces": {
                "north": { "uv": [ 11.0, 13.0, 16.0, 14.0 ], "texture": "#plank" },
                "south": { "uv": [ 11.0, 13.0, 16.0, 14.0 ], "texture": "#plank" },
                "east":  { "uv": [ 0.0, 13.0, 16.0, 14.0 ], "texture": "#plank" },
                "west":  { "uv": [ 0.0, 13.0, 16.0, 14.0 ], "texture": "#plank" },
                "up":    { "uv": [ 11.0, 0.0, 15.0, 16.0 ], "texture": "#plank" },
                "down":  { "uv": [ 11.0, 0.0, 15.0, 16.0 ], "texture": "#plank" }
            }
        },
        {
            "comment": "plank",
            "from": [ -6.4, 7.1, -4.6 ],
            "to": [ 22.4, 8.9, 2.5999999999999996 ],
            "faces": {
                "north": { "uv": [ 0.0, 12.0, 5.0, 13.0 ], "texture": "#plank" },
                "south": { "uv": [ 0.0, 12.0, 5.0, 13.0 ], "texture": "#plank" },
                "east":  { "uv": [ 1.0, 12.0, 5.0, 13.0 ], "texture": "#plank" },
                "west":  { "uv": [ 1.0, 12.0, 5.0, 13.0 ], "texture": "#plank" },
                "up":    { "uv": [ 0.0, 1.0, 16.0, 5.0 ], "texture": "#plank" },
                "down":  { "uv": [ 0.0, 1.0, 16.0, 5.0 ], "texture": "#plank" }
            }
        },
        {
            "comment": "plank",
            "from": [ -6.4, 7.1, 4.4 ],
            "to": [ 22.4, 8.9, 11.6 ],
            "faces": {
                "north": { "uv": [ 0.0, 12.0, 10.0, 13.0 ], "texture": "#plank" },
                "south": { "uv": [ 0.0, 12.0, 10.0, 13.0 ], "texture": "#plank" },
                "east":  { "uv": [ 6.0, 12.0, 10.0, 13.0 ], "texture": "#plank" },
                "west":  { "uv": [ 6.0, 12.0, 10.0, 13.0 ], "texture": "#plank" },
                "up":    { "uv": [ 0.0, 6.0, 16.0, 10.0 ], "texture": "#plank" },
                "down":  { "uv": [ 0.0, 6.0, 16.0, 10.0 ], "texture": "#plank" }
            }
        },
        {
            "comment": "plank",
            "from": [ -6.4, 7.1, 13.4 ],
            "to": [ 22.4, 8.9, 20.6 ],
            "faces": {
                "north": { "uv": [ 0.0, 12.0, 15.0, 13.0 ], "texture": "#plank" },
                "south": { "uv": [ 0.0, 12.0, 15.0, 13.0 ], "texture": "#plank" },
                "east":  { "uv": [ 11.0, 12.0, 15.0, 13.0 ], "texture": "#plank" },
                "west":  { "uv": [ 11.0, 12.0, 15.0, 13.0 ], "texture": "#plank" },
                "up":    { "uv": [ 0.0, 11.0, 16.0, 15.0 ], "texture": "#plank" },
                "down":  { "uv": [ 0.0, 11.0, 16.0, 15.0 ], "texture": "#plank" }
            }
        }
    ]
}