{
    "elements": [
        {
            "comment": "plank",
            "from": [ -6.4, -1.0, -4.6 ],
            "to": [ 22.4, 2.5999999999999996, 2.5999999999999996 ],
            "faces": {
                "north": { "uv": [ 0.0, 13.0, 5.0, 15.0 ], "texture": "#plank" },
                "south": { "uv": [ 0.0, 13.0, 5.0, 15.0 ], "texture": "#plank" },
                "east":  { "uv": [ 1.0, 13.0, 5.0, 15.0 ], "texture": "#plank" },
                "west":  { "uv": [ 1.0, 13.0, 5.0, 15.0 ], "texture": "#plank" },
                "up":    { "uv": [ 0.0, 1.0, 16.0, 5.0 ], "texture": "#plank" },
                "down":  { "uv": [ 0.0, 1.0, 16.0, 5.0 ], "texture": "#plank" }
            }
        },
        {
            "comment": "plank",
            "from": [ -6.4, -1.0, 4.4 ],
            "to": [ 22.4, 2.5999999999999996, 11.6 ],
            "faces": {
                "north": { "uv": [ 0.0, 13.0, 10.0, 15.0 ], "texture": "#plank" },
                "south": { "uv": [ 0.0, 13.0, 10.0, 15.0 ], "texture": "#plank" },
                "east":  { "uv": [ 6.0, 13.0, 10.0, 15.0 ], "texture": "#plank" },
                "west":  { "uv": [ 6.0, 13.0, 10.0, 15.0 ], "texture": "#plank" },
                "up":    { "uv": [ 0.0, 6.0, 16.0, 10.0 ], "texture": "#plank" },
                "down":  { "uv": [ 0.0, 6.0, 16.0, 10.0 ], "texture": "#plank" }
            }
        },
        {
            "comment": "plank",
            "from": [ -6.4, -1.0, 13.4 ],
            "to": [ 22.4, 2.5999999999999996, 20.6 ],
            "faces": {
                "north": { "uv": [ 0.0, 13.0, 15.0, 15.0 ], "texture": "#plank" },
                "south": { "uv": [ 0.0, 13.0, 15.0, 15.0 ], "texture": "#plank" },
                "east":  { "uv": [ 11.0, 13.0, 15.0, 15.0 ], "texture": "#plank" },
                "west":  { "uv": [ 11.0, 13.0, 15.0, 15.0 ], "texture": "#plank" },
                "up":    { "uv": [ 0.0, 11.0, 16.0, 15.0 ], "texture": "#plank" },
                "down":  { "uv": [ 0.0, 11.0, 16.0, 15.0 ], "texture": "#plank" }
            }
        },
        {
            "comment": "plank",
            "from": [ -4.6, 2.5999999999999996, -6.4 ],
            "to": [ 2.5999999999999996, 6.2, 17.0 ],
            "faces": {
                "north": { "uv": [ 1.0, 11.0, 13.0, 13.0 ], "texture": "#plank" },
                "south": { "uv": [ 1.0, 11.0, 13.0, 13.0 ], "texture": "#plank" },
                "east":  { "uv": [ 0.0, 11.0, 13.0, 13.0 ], "texture": "#plank" },
                "west":  { "uv": [ 0.0, 11.0, 13.0, 13.0 ], "texture": "#plank" },
                "up":    { "uv": [ 1.0, 0.0, 5.0, 13.0 ], "texture": "#plank" },
                "down":  { "uv": [ 1.0, 0.0, 5.0, 13.0 ], "texture": "#plank" }
            }
        },
        {
            "comment": "plank",
            "from": [ 4.4, 2.5999999999999996, -6.4 ],
            "to": [ 11.6, 6.2, 17.0 ],
            "faces": {
                "north": { "uv": [ 6.0, 11.0, 13.0, 13.0 ], "texture": "#plank" },
                "south": { "uv": [ 6.0, 11.0, 13.0, 13.0 ], "texture": "#plank" },
                "east":  { "uv": [ 0.0, 11.0, 13.0, 13.0 ], "texture": "#plank" },
                "west":  { "uv": [ 0.0, 11.0, 13.0, 13.0 ], "texture": "#plank" },
                "up":    { "uv": [ 6.0, 0.0, 10.0, 13.0 ], "texture": "#plank" },
                "down":  { "uv": [ 6.0, 0.0, 10.0, 13.0 ], "texture": "#plank" }
            }
        },
        {
            "comment": "plank",
            "from": [ 13.4, 2.5999999999999996, -6.4 ],
            "to": [ 20.6, 6.2, 17.0 ],
            "faces": {
                "north": { "uv": [ 11.0, 11.0, 13.0, 13.0 ], "texture": "#plank" },
                "south": { "uv": [ 11.0, 11.0, 13.0, 13.0 ], "texture": "#plank" },
                "east":  { "uv": [ 0.0, 11.0, 13.0, 13.0 ], "texture": "#plank" },
                "west":  { "uv": [ 0.0, 11.0, 13.0, 13.0 ], "texture": "#plank" },
                "up":    { "uv": [ 11.0, 0.0, 15.0, 13.0 ], "texture": "#plank" },
                "down":  { "uv": [ 11.0, 0.0, 15.0, 13.0 ], "texture": "#plank" }
            }
        },
        {
            "comment": "plank",
            "from": [ -6.4, 6.2, -4.6 ],
            "to": [ 22.4, 9.8, 2.5999999999999996 ],
            "faces": {
                "north": { "uv": [ 0.0, 9.0, 5.0, 11.0 ], "texture": "#plank" },
                "south": { "uv": [ 0.0, 9.0, 5.0, 11.0 ], "texture": "#plank" },
                "east":  { "uv": [ 1.0, 9.0, 5.0, 11.0 ], "texture": "#plank" },
                "west":  { "uv": [ 1.0, 9.0, 5.0, 11.0 ], "texture": "#plank" },
                "up":    { "uv": [ 0.0, 1.0, 16.0, 5.0 ], "texture": "#plank" },
                "down":  { "uv": [ 0.0, 1.0, 16.0, 5.0 ], "texture": "#plank" }
            }
        },
        {
            "comment": "plank",
            "from": [ -6.4, 6.2, 4.4 ],
            "to": [ 22.4, 9.8, 11.6 ],
            "faces": {
                "north": { "uv": [ 0.0, 9.0, 10.0, 11.0 ], "texture": "#plank" },
                "south": { "uv": [ 0.0, 9.0, 10.0, 11.0 ], "texture": "#plank" },
                "east":  { "uv": [ 6.0, 9.0, 10.0, 11.0 ], "texture": "#plank" },
                "west":  { "uv": [ 6.0, 9.0, 10.0, 11.0 ], "texture": "#plank" },
                "up":    { "uv": [ 0.0, 6.0, 16.0, 10.0 ], "texture": "#plank" },
                "down":  { "uv": [ 0.0, 6.0, 16.0, 10.0 ], "texture": "#plank" }
            }
        },
        {
            "comment": "plank",
            "from": [ -4.6, 9.8, -6.4 ],
            "to": [ 2.5999999999999996, 13.4, 8.0 ],
            "faces": {
                "north": { "uv": [ 1.0, 7.0, 8.0, 9.0 ], "texture": "#plank" },
                "south": { "uv": [ 1.0, 7.0, 8.0, 9.0 ], "texture": "#plank" },
                "east":  { "uv": [ 0.0, 7.0, 8.0, 9.0 ], "texture": "#plank" },
                "west":  { "uv": [ 0.0, 7.0, 8.0, 9.0 ], "texture": "#plank" },
                "up":    { "uv": [ 1.0, 0.0, 5.0, 8.0 ], "texture": "#plank" },
                "down":  { "uv": [ 1.0, 0.0, 5.0, 8.0 ], "texture": "#plank" }
            }
        },
        {
            "comment": "plank",
            "from": [ 4.4, 9.8, -6.4 ],
            "to": [ 11.6, 13.4, 8.0 ],
            "faces": {
                "north": { "uv": [ 6.0, 7.0, 8.0, 9.0 ], "texture": "#plank" },
                "south": { "uv": [ 6.0, 7.0, 8.0, 9.0 ], "texture": "#plank" },
                "east":  { "uv": [ 0.0, 7.0, 8.0, 9.0 ], "texture": "#plank" },
                "west":  { "uv": [ 0.0, 7.0, 8.0, 9.0 ], "texture": "#plank" },
                "up":    { "uv": [ 6.0, 0.0, 10.0, 8.0 ], "texture": "#plank" },
                "down":  { "uv": [ 6.0, 0.0, 10.0, 8.0 ], "texture": "#plank" }
            }
        },
        {
            "comment": "plank",
            "from": [ 13.4, 9.8, -6.4 ],
            "to": [ 20.6, 13.4, 8.0 ],
            "faces": {
                "north": { "uv": [ 11.0, 7.0, 8.0, 9.0 ], "texture": "#plank" },
                "south": { "uv": [ 11.0, 7.0, 8.0, 9.0 ], "texture": "#plank" },
                "east":  { "uv": [ 0.0, 7.0, 8.0, 9.0 ], "texture": "#plank" },
                "west":  { "uv": [ 0.0, 7.0, 8.0, 9.0 ], "texture": "#plank" },
                "up":    { "uv": [ 11.0, 0.0, 15.0, 8.0 ], "texture": "#plank" },
                "down":  { "uv": [ 11.0, 0.0, 15.0, 8.0 ], "texture": "#plank" }
            }
        },
        {
            "comment": "plank",
            "from": [ -6.4, 13.4, -4.6 ],
            "to": [ 22.4, 17.0, 2.5999999999999996 ],
            "faces": {
                "north": { "uv": [ 0.0, 5.0, 5.0, 7.0 ], "texture": "#plank" },
                "south": { "uv": [ 0.0, 5.0, 5.0, 7.0 ], "texture": "#plank" },
                "east":  { "uv": [ 1.0, 5.0, 5.0, 7.0 ], "texture": "#plank" },
                "west":  { "uv": [ 1.0, 5.0, 5.0, 7.0 ], "texture": "#plank" },
                "up":    { "uv": [ 0.0, 1.0, 16.0, 5.0 ], "texture": "#plank" },
                "down":  { "uv": [ 0.0, 1.0, 16.0, 5.0 ], "texture": "#plank" }
            }
        }
    ]
}