{
    "elements": [
        {
            "comment": "main bag body",
            "from": [ -0.45000000000000107, -2.1400000000000006, 1.2399999999999993 ],
            "to": [ 16.450000000000003, 18.14, 14.759999999999998 ],
            "faces": {
                "up":    { "uv": [ 0, 0, 10, 8 ], "texture": "#bag_rim" },
                "down":  { "uv": [ 3.0, 4.0, 13.0, 12.0 ], "texture": "#bag" },
                "east":  { "uv": [ 4.0, 0.0, 12.0, 12.0 ], "texture": "#bag" },
                "west":  { "uv": [ 4.0, 0.0, 12.0, 12.0 ], "texture": "#bag" },
                "north": { "uv": [ 3.0, 0.0, 13.0, 12.0 ], "texture": "#bag" },
                "south": { "uv": [ 3.0, 0.0, 13.0, 12.0 ], "texture": "#bag" }
            }
        },
        {
            "comment": "label",
            "from": [ 2.9299999999999997, -0.45000000000000107, 1.0709999999999997 ],
            "to": [ 13.07, 9.690000000000001, 1.0709999999999997 ],
            "faces": {
                "north": { "uv": [ 0, 0, 16, 16 ], "texture": "#label" }
            }
        },
        {
            "comment": "bag interior",
            "from": [ 14.759999999999998, 18.14, 13.07 ],
            "to": [ 1.2399999999999993, 14.759999999999998, 2.9299999999999997 ],
            "faces": {
                "up":    { "uv": [ 12.0, 11.0, 4.0, 5.0 ], "texture": "#material" },
                "east":  { "uv": [ 11.0, 12.0, 5.0, 10.0 ], "texture": "#bag" },
                "west":  { "uv": [ 11.0, 12.0, 5.0, 10.0 ], "texture": "#bag" },
                "north": { "uv": [ 12.0, 12.0, 4.0, 10.0 ], "texture": "#bag" },
                "south": { "uv": [ 12.0, 12.0, 4.0, 10.0 ], "texture": "#bag" }
            }
        },
        {
            "comment": "bag lip north",
            "from": [ -0.45000000000000107, 13.07, 1.2399999999999993 ],
            "to": [ 16.450000000000003, 18.14, 2.9299999999999997 ],
            "rotation": { "origin": [ -5.520000000000001, 18.14, 1.2399999999999993 ], "axis": "x", "angle": 22.5 },
            "faces": {
                "up":    { "uv": [ 3.0, 4.0, 13.0, 5.0 ], "texture": "#bag" },
                "down":  { "uv": [ 3.0, 4.0, 13.0, 5.0 ], "texture": "#bag" },
                "east":  { "uv": [ 4.0, 9.0, 5.0, 12.0 ], "texture": "#bag" },
                "west":  { "uv": [ 4.0, 9.0, 5.0, 12.0 ], "texture": "#bag" },
                "north": { "uv": [ 3.0, 9.0, 13.0, 12.0 ], "texture": "#bag" },
                "south": { "uv": [ 3.0, 9.0, 13.0, 12.0 ], "texture": "#bag" }
            }
        },
        {
            "comment": "bag lip west",
            "from": [ -0.45000000000000107, 13.07, 1.2399999999999993 ],
            "to": [ 1.2399999999999993, 18.14, 14.759999999999998 ],
            "rotation": { "origin": [ -0.45000000000000107, 18.14, 1.2399999999999993 ], "axis": "z", "angle": -22.5 },
            "faces": {
                "up":    { "uv": [ 3.0, 4.0, 4.0, 12.0 ], "texture": "#bag" },
                "down":  { "uv": [ 3.0, 4.0, 4.0, 12.0 ], "texture": "#bag" },
                "east":  { "uv": [ 4.0, 9.0, 12.0, 12.0 ], "texture": "#bag" },
                "west":  { "uv": [ 4.0, 9.0, 12.0, 12.0 ], "texture": "#bag" },
                "north": { "uv": [ 3.0, 9.0, 4.0, 12.0 ], "texture": "#bag" },
                "south": { "uv": [ 3.0, 9.0, 4.0, 12.0 ], "texture": "#bag" }
            }
        },
        {
            "comment": "bag lip south",
            "from": [ -0.45000000000000107, 13.07, 13.07 ],
            "to": [ 16.450000000000003, 18.14, 14.759999999999998 ],
            "rotation": { "origin": [ -5.520000000000001, 18.14, 14.759999999999998 ], "axis": "x", "angle": -22.5 },
            "faces": {
                "up":    { "uv": [ 3.0, 11.0, 13.0, 12.0 ], "texture": "#bag" },
                "down":  { "uv": [ 3.0, 11.0, 13.0, 12.0 ], "texture": "#bag" },
                "east":  { "uv": [ 11.0, 9.0, 12.0, 12.0 ], "texture": "#bag" },
                "west":  { "uv": [ 11.0, 9.0, 12.0, 12.0 ], "texture": "#bag" },
                "north": { "uv": [ 3.0, 9.0, 13.0, 12.0 ], "texture": "#bag" },
                "south": { "uv": [ 3.0, 9.0, 13.0, 12.0 ], "texture": "#bag" }
            }
        },
        {
            "comment": "bag lip east",
            "from": [ 14.759999999999998, 13.07, 1.2399999999999993 ],
            "to": [ 16.450000000000003, 18.14, 14.759999999999998 ],
            "rotation": { "origin": [ 16.450000000000003, 18.14, 1.2399999999999993 ], "axis": "z", "angle": 22.5 },
            "faces": {
                "up":    { "uv": [ 12.0, 4.0, 13.0, 12.0 ], "texture": "#bag" },
                "down":  { "uv": [ 12.0, 4.0, 13.0, 12.0 ], "texture": "#bag" },
                "east":  { "uv": [ 4.0, 9.0, 12.0, 12.0 ], "texture": "#bag" },
                "west":  { "uv": [ 4.0, 9.0, 12.0, 12.0 ], "texture": "#bag" },
                "north": { "uv": [ 12.0, 9.0, 13.0, 12.0 ], "texture": "#bag" },
                "south": { "uv": [ 12.0, 9.0, 13.0, 12.0 ], "texture": "#bag" }
            }
        },
        {
            "comment": "string loop",
            "from": [ -1.295, 10.535, 0.3949999999999987 ],
            "to": [ 17.295, 12.225000000000001, 15.605000000000002 ],
            "faces": {
                "up":    { "uv": [ 2.5, 3.5, 13.5, 12.5 ], "texture": "#string" },
                "down":  { "uv": [ 2.5, 3.5, 13.5, 12.5 ], "texture": "#string" },
                "east":  { "uv": [ 3.5, 7.5, 12.5, 8.5 ], "texture": "#string" },
                "west":  { "uv": [ 3.5, 7.5, 12.5, 8.5 ], "texture": "#string" },
                "north": { "uv": [ 2.5, 7.5, 13.5, 8.5 ], "texture": "#string" },
                "south": { "uv": [ 2.5, 7.5, 13.5, 8.5 ], "texture": "#string" }
            }
        },
        {
            "comment": "knot",
            "from": [ 16.450000000000003, 9.690000000000001, 6.3100000000000005 ],
            "to": [ 18.14, 13.07, 9.690000000000001 ],
            "faces": {
                "up":    { "uv": [ 13.0, 7.0, 14.0, 9.0 ], "texture": "#string" },
                "down":  { "uv": [ 13.0, 7.0, 14.0, 9.0 ], "texture": "#string" },
                "east":  { "uv": [ 7.0, 7.0, 9.0, 9.0 ], "texture": "#string" },
                "west":  { "uv": [ 7.0, 7.0, 9.0, 9.0 ], "texture": "#string" },
                "north": { "uv": [ 13.0, 7.0, 14.0, 9.0 ], "texture": "#string" },
                "south": { "uv": [ 13.0, 7.0, 14.0, 9.0 ], "texture": "#string" }
            }
        },
        {
            "comment": "knot string",
            "from": [ 16.450000000000003, 4.620000000000001, 7.154999999999999 ],
            "to": [ 17.295, 11.379999999999999, 8.845 ],
            "rotation": { "origin": [ -5.520000000000001, 11.379999999999999, 8.0 ], "axis": "x", "angle": 22.5 },
            "faces": {
                "up":    { "uv": [ 13.0, 7.5, 13.5, 8.5 ], "texture": "#string" },
                "down":  { "uv": [ 13.0, 7.5, 13.5, 8.5 ], "texture": "#string" },
                "east":  { "uv": [ 7.5, 4.0, 8.5, 8.0 ], "texture": "#string" },
                "west":  { "uv": [ 7.5, 4.0, 8.5, 8.0 ], "texture": "#string" },
                "north": { "uv": [ 13.0, 4.0, 13.5, 8.0 ], "texture": "#string" },
                "south": { "uv": [ 13.0, 4.0, 13.5, 8.0 ], "texture": "#string" }
            }
        },
        {
            "comment": "knot string",
            "from": [ 16.450000000000003, 4.620000000000001, 7.154999999999999 ],
            "to": [ 17.295, 11.379999999999999, 8.845 ],
            "rotation": { "origin": [ -5.520000000000001, 11.379999999999999, 8.0 ], "axis": "x", "angle": -22.5 },
            "faces": {
                "up":    { "uv": [ 13.0, 7.5, 13.5, 8.5 ], "texture": "#string" },
                "down":  { "uv": [ 13.0, 7.5, 13.5, 8.5 ], "texture": "#string" },
                "east":  { "uv": [ 7.5, 4.0, 8.5, 8.0 ], "texture": "#string" },
                "west":  { "uv": [ 7.5, 4.0, 8.5, 8.0 ], "texture": "#string" },
                "north": { "uv": [ 13.0, 4.0, 13.5, 8.0 ], "texture": "#string" },
                "south": { "uv": [ 13.0, 4.0, 13.5, 8.0 ], "texture": "#string" }
            }
        },
        {
            "comment": "powder grain",
            "from": [ -4.675000000000001, -2.1400000000000006, -2.985000000000001 ],
            "to": [ -0.45000000000000107, 2.9299999999999997, 1.2399999999999993 ],
            "rotation": { "origin": [ -2.5625, 11.379999999999999, -2.5625 ], "axis": "y", "angle": -22.5 },
            "faces": {
                "up":    { "uv": [ 0, 0, 3, 3 ], "texture": "#material" },
                "down":  { "uv": [ 0, 0, 3, 3 ], "texture": "#material" },
                "east":  { "uv": [ 0, 0, 3, 3 ], "texture": "#material" },
                "west":  { "uv": [ 0, 0, 3, 3 ], "texture": "#material" },
                "north": { "uv": [ 0, 0, 3, 3 ], "texture": "#material" },
                "south": { "uv": [ 0, 0, 3, 3 ], "texture": "#material" }
            }
        },
        {
            "comment": "powder grain",
            "from": [ -3.83, 2.9299999999999997, -2.5625 ],
            "to": [ -1.295, 5.465, -0.027499999999999858 ],
            "rotation": { "origin": [ -2.5625, 11.379999999999999, -1.295 ], "axis": "y", "angle": 45 },
            "faces": {
                "up":    { "uv": [ 0, 3, 3, 6 ], "texture": "#material" },
                "down":  { "uv": [ 0, 3, 3, 6 ], "texture": "#material" },
                "east":  { "uv": [ 0, 3, 3, 6 ], "texture": "#material" },
                "west":  { "uv": [ 0, 3, 3, 6 ], "texture": "#material" },
                "north": { "uv": [ 0, 3, 3, 6 ], "texture": "#material" },
                "south": { "uv": [ 0, 3, 3, 6 ], "texture": "#material" }
            }
        },
        {
            "comment": "powder grain",
            "from": [ -0.45000000000000107, -2.1400000000000006, -2.1400000000000006 ],
            "to": [ 2.9299999999999997, 1.2399999999999993, 1.2399999999999993 ],
            "rotation": { "origin": [ 0.3949999999999987, 11.379999999999999, -2.1400000000000006 ], "axis": "y", "angle": 22.5 },
            "faces": {
                "up":    { "uv": [ 0, 9, 3, 12 ], "texture": "#material" },
                "down":  { "uv": [ 0, 9, 3, 12 ], "texture": "#material" },
                "east":  { "uv": [ 0, 9, 3, 12 ], "texture": "#material" },
                "west":  { "uv": [ 0, 9, 3, 12 ], "texture": "#material" },
                "north": { "uv": [ 0, 9, 3, 12 ], "texture": "#material" },
                "south": { "uv": [ 0, 9, 3, 12 ], "texture": "#material" }
            }
        },
        {
            "comment": "powder grain",
            "from": [ -1.295, -2.1400000000000006, -5.520000000000001 ],
            "to": [ 1.2399999999999993, 0.3949999999999987, -2.985000000000001 ],
            "rotation": { "origin": [ -2.5625, 11.379999999999999, -1.7175000000000011 ], "axis": "y", "angle": 0 },
            "faces": {
                "up":    { "uv": [ 1, 10, 3, 12 ], "texture": "#material" },
                "down":  { "uv": [ 1, 10, 3, 12 ], "texture": "#material" },
                "east":  { "uv": [ 1, 10, 3, 12 ], "texture": "#material" },
                "west":  { "uv": [ 1, 10, 3, 12 ], "texture": "#material" },
                "north": { "uv": [ 1, 10, 3, 12 ], "texture": "#material" },
                "south": { "uv": [ 1, 10, 3, 12 ], "texture": "#material" }
            }
        }
    ]
}